Maximum,192.5,@,No.943,,,,,,
Minimum,-0.1,@,No.1,,,,,,
Average,44.30,,,,,,,,
Data Quantity,1831,,,,,,,,
Number of NG,0,,,,,,,,
No.,Force,Unit,Displacement,Unit,Judge,Position,Time,Date,
1,-0.1,gf,0.000,mm,OK,--,12:42:25 PM,11/27/2025,
2,0.0,gf,0.000,mm,OK,--,12:42:25 PM,11/27/2025,
3,0.0,gf,0.000,mm,OK,--,12:42:25 PM,11/27/2025,
4,-0.1,gf,0.000,mm,OK,--,12:42:26 PM,11/27/2025,
5,0.0,gf,0.000,mm,OK,--,12:42:26 PM,11/27/2025,
6,0.0,gf,0.000,mm,OK,--,12:42:26 PM,11/27/2025,
7,0.0,gf,0.000,mm,OK,--,12:42:26 PM,11/27/2025,
8,0.0,gf,0.000,mm,OK,--,12:42:26 PM,11/27/2025,
9,0.0,gf,0.000,mm,OK,--,12:42:26 PM,11/27/2025,
10,-0.1,gf,0.000,mm,OK,--,12:42:26 PM,11/27/2025,
11,0.0,gf,0.000,mm,OK,--,12:42:26 PM,11/27/2025,
12,0.1,gf,0.000,mm,OK,--,12:42:26 PM,11/27/2025,
13,0.0,gf,0.000,mm,OK,--,12:42:26 PM,11/27/2025,
14,0.0,gf,0.000,mm,OK,--,12:42:27 PM,11/27/2025,
15,0.0,gf,0.000,mm,OK,--,12:42:27 PM,11/27/2025,
16,-0.1,gf,0.000,mm,OK,--,12:42:27 PM,11/27/2025,
17,0.0,gf,0.000,mm,OK,--,12:42:27 PM,11/27/2025,
18,0.0,gf,0.005,mm,OK,--,12:42:27 PM,11/27/2025,
19,0.0,gf,0.005,mm,OK,--,12:42:27 PM,11/27/2025,
20,0.0,gf,0.005,mm,OK,--,12:42:27 PM,11/27/2025,
21,0.0,gf,0.005,mm,OK,--,12:42:27 PM,11/27/2025,
22,0.0,gf,0.010,mm,OK,--,12:42:27 PM,11/27/2025,
23,0.1,gf,0.010,mm,OK,--,12:42:27 PM,11/27/2025,
24,0.0,gf,0.015,mm,OK,--,12:42:28 PM,11/27/2025,
25,0.0,gf,0.020,mm,OK,--,12:42:28 PM,11/27/2025,
26,0.0,gf,0.020,mm,OK,--,12:42:28 PM,11/27/2025,
27,0.0,gf,0.020,mm,OK,--,12:42:28 PM,11/27/2025,
28,0.0,gf,0.025,mm,OK,--,12:42:28 PM,11/27/2025,
29,0.0,gf,0.025,mm,OK,--,12:42:28 PM,11/27/2025,
30,0.0,gf,0.030,mm,OK,--,12:42:28 PM,11/27/2025,
31,0.0,gf,0.035,mm,OK,--,12:42:28 PM,11/27/2025,
32,0.0,gf,0.040,mm,OK,--,12:42:28 PM,11/27/2025,
33,0.0,gf,0.045,mm,OK,--,12:42:28 PM,11/27/2025,
34,0.0,gf,0.055,mm,OK,--,12:42:29 PM,11/27/2025,
35,0.0,gf,0.065,mm,OK,--,12:42:29 PM,11/27/2025,
36,0.0,gf,0.070,mm,OK,--,12:42:29 PM,11/27/2025,
37,0.0,gf,0.075,mm,OK,--,12:42:29 PM,11/27/2025,
38,0.0,gf,0.080,mm,OK,--,12:42:29 PM,11/27/2025,
39,0.0,gf,0.085,mm,OK,--,12:42:29 PM,11/27/2025,
40,-0.1,gf,0.090,mm,OK,--,12:42:29 PM,11/27/2025,
41,0.0,gf,0.095,mm,OK,--,12:42:29 PM,11/27/2025,
42,0.0,gf,0.100,mm,OK,--,12:42:29 PM,11/27/2025,
43,0.0,gf,0.105,mm,OK,--,12:42:29 PM,11/27/2025,
44,0.0,gf,0.110,mm,OK,--,12:42:30 PM,11/27/2025,
45,0.0,gf,0.110,mm,OK,--,12:42:30 PM,11/27/2025,
46,0.0,gf,0.115,mm,OK,--,12:42:30 PM,11/27/2025,
47,-0.1,gf,0.120,mm,OK,--,12:42:30 PM,11/27/2025,
48,0.0,gf,0.120,mm,OK,--,12:42:30 PM,11/27/2025,
49,0.0,gf,0.125,mm,OK,--,12:42:30 PM,11/27/2025,
50,0.0,gf,0.130,mm,OK,--,12:42:30 PM,11/27/2025,
51,0.0,gf,0.135,mm,OK,--,12:42:30 PM,11/27/2025,
52,0.0,gf,0.135,mm,OK,--,12:42:30 PM,11/27/2025,
53,0.0,gf,0.135,mm,OK,--,12:42:30 PM,11/27/2025,
54,0.0,gf,0.140,mm,OK,--,12:42:31 PM,11/27/2025,
55,0.0,gf,0.140,mm,OK,--,12:42:31 PM,11/27/2025,
56,0.0,gf,0.140,mm,OK,--,12:42:31 PM,11/27/2025,
57,0.0,gf,0.145,mm,OK,--,12:42:31 PM,11/27/2025,
58,0.0,gf,0.150,mm,OK,--,12:42:31 PM,11/27/2025,
59,0.0,gf,0.155,mm,OK,--,12:42:31 PM,11/27/2025,
60,0.0,gf,0.155,mm,OK,--,12:42:31 PM,11/27/2025,
61,0.0,gf,0.160,mm,OK,--,12:42:31 PM,11/27/2025,
62,0.0,gf,0.165,mm,OK,--,12:42:31 PM,11/27/2025,
63,0.0,gf,0.170,mm,OK,--,12:42:31 PM,11/27/2025,
64,0.0,gf,0.180,mm,OK,--,12:42:32 PM,11/27/2025,
65,0.0,gf,0.185,mm,OK,--,12:42:32 PM,11/27/2025,
66,0.0,gf,0.190,mm,OK,--,12:42:32 PM,11/27/2025,
67,0.0,gf,0.195,mm,OK,--,12:42:32 PM,11/27/2025,
68,0.0,gf,0.200,mm,OK,--,12:42:32 PM,11/27/2025,
69,-0.1,gf,0.205,mm,OK,--,12:42:32 PM,11/27/2025,
70,0.0,gf,0.210,mm,OK,--,12:42:32 PM,11/27/2025,
71,0.0,gf,0.215,mm,OK,--,12:42:32 PM,11/27/2025,
72,0.0,gf,0.220,mm,OK,--,12:42:32 PM,11/27/2025,
73,0.0,gf,0.225,mm,OK,--,12:42:32 PM,11/27/2025,
74,0.0,gf,0.230,mm,OK,--,12:42:33 PM,11/27/2025,
75,0.0,gf,0.240,mm,OK,--,12:42:33 PM,11/27/2025,
76,0.0,gf,0.245,mm,OK,--,12:42:33 PM,11/27/2025,
77,0.0,gf,0.245,mm,OK,--,12:42:33 PM,11/27/2025,
78,0.0,gf,0.250,mm,OK,--,12:42:33 PM,11/27/2025,
79,0.0,gf,0.255,mm,OK,--,12:42:33 PM,11/27/2025,
80,-0.1,gf,0.260,mm,OK,--,12:42:33 PM,11/27/2025,
81,0.0,gf,0.270,mm,OK,--,12:42:33 PM,11/27/2025,
82,0.0,gf,0.280,mm,OK,--,12:42:33 PM,11/27/2025,
83,0.4,gf,0.290,mm,OK,--,12:42:33 PM,11/27/2025,
84,4.5,gf,0.295,mm,OK,--,12:42:34 PM,11/27/2025,
85,8.3,gf,0.300,mm,OK,--,12:42:34 PM,11/27/2025,
86,11.0,gf,0.300,mm,OK,--,12:42:34 PM,11/27/2025,
87,13.7,gf,0.305,mm,OK,--,12:42:34 PM,11/27/2025,
88,15.8,gf,0.305,mm,OK,--,12:42:34 PM,11/27/2025,
89,18.1,gf,0.310,mm,OK,--,12:42:34 PM,11/27/2025,
90,20.2,gf,0.310,mm,OK,--,12:42:34 PM,11/27/2025,
91,22.1,gf,0.315,mm,OK,--,12:42:34 PM,11/27/2025,
92,24.0,gf,0.315,mm,OK,--,12:42:34 PM,11/27/2025,
93,25.9,gf,0.320,mm,OK,--,12:42:34 PM,11/27/2025,
94,28.3,gf,0.320,mm,OK,--,12:42:35 PM,11/27/2025,
95,29.9,gf,0.325,mm,OK,--,12:42:35 PM,11/27/2025,
96,31.2,gf,0.325,mm,OK,--,12:42:35 PM,11/27/2025,
97,31.2,gf,0.325,mm,OK,--,12:42:35 PM,11/27/2025,
98,31.1,gf,0.330,mm,OK,--,12:42:35 PM,11/27/2025,
99,31.2,gf,0.335,mm,OK,--,12:42:35 PM,11/27/2025,
100,31.1,gf,0.335,mm,OK,--,12:42:35 PM,11/27/2025,
101,31.2,gf,0.340,mm,OK,--,12:42:35 PM,11/27/2025,
102,31.3,gf,0.345,mm,OK,--,12:42:35 PM,11/27/2025,
103,31.3,gf,0.345,mm,OK,--,12:42:35 PM,11/27/2025,
104,32.0,gf,0.350,mm,OK,--,12:42:36 PM,11/27/2025,
105,31.8,gf,0.355,mm,OK,--,12:42:36 PM,11/27/2025,
106,31.9,gf,0.360,mm,OK,--,12:42:36 PM,11/27/2025,
107,31.9,gf,0.370,mm,OK,--,12:42:36 PM,11/27/2025,
108,31.9,gf,0.380,mm,OK,--,12:42:36 PM,11/27/2025,
109,31.9,gf,0.390,mm,OK,--,12:42:36 PM,11/27/2025,
110,32.0,gf,0.395,mm,OK,--,12:42:36 PM,11/27/2025,
111,32.1,gf,0.400,mm,OK,--,12:42:36 PM,11/27/2025,
112,32.0,gf,0.405,mm,OK,--,12:42:36 PM,11/27/2025,
113,32.0,gf,0.410,mm,OK,--,12:42:36 PM,11/27/2025,
114,32.0,gf,0.415,mm,OK,--,12:42:37 PM,11/27/2025,
115,32.1,gf,0.420,mm,OK,--,12:42:37 PM,11/27/2025,
116,32.1,gf,0.425,mm,OK,--,12:42:37 PM,11/27/2025,
117,32.2,gf,0.430,mm,OK,--,12:42:37 PM,11/27/2025,
118,32.2,gf,0.435,mm,OK,--,12:42:37 PM,11/27/2025,
119,32.2,gf,0.440,mm,OK,--,12:42:37 PM,11/27/2025,
120,32.2,gf,0.445,mm,OK,--,12:42:37 PM,11/27/2025,
121,32.2,gf,0.450,mm,OK,--,12:42:37 PM,11/27/2025,
122,32.2,gf,0.455,mm,OK,--,12:42:37 PM,11/27/2025,
123,32.3,gf,0.460,mm,OK,--,12:42:37 PM,11/27/2025,
124,32.3,gf,0.465,mm,OK,--,12:42:38 PM,11/27/2025,
125,32.3,gf,0.470,mm,OK,--,12:42:38 PM,11/27/2025,
126,32.3,gf,0.475,mm,OK,--,12:42:38 PM,11/27/2025,
127,32.3,gf,0.480,mm,OK,--,12:42:38 PM,11/27/2025,
128,32.3,gf,0.485,mm,OK,--,12:42:38 PM,11/27/2025,
129,32.4,gf,0.490,mm,OK,--,12:42:38 PM,11/27/2025,
130,32.5,gf,0.500,mm,OK,--,12:42:38 PM,11/27/2025,
131,32.4,gf,0.505,mm,OK,--,12:42:38 PM,11/27/2025,
132,32.5,gf,0.515,mm,OK,--,12:42:38 PM,11/27/2025,
133,32.6,gf,0.520,mm,OK,--,12:42:38 PM,11/27/2025,
134,32.5,gf,0.530,mm,OK,--,12:42:39 PM,11/27/2025,
135,32.6,gf,0.535,mm,OK,--,12:42:39 PM,11/27/2025,
136,32.6,gf,0.545,mm,OK,--,12:42:39 PM,11/27/2025,
137,32.6,gf,0.555,mm,OK,--,12:42:39 PM,11/27/2025,
138,32.6,gf,0.565,mm,OK,--,12:42:39 PM,11/27/2025,
139,32.7,gf,0.575,mm,OK,--,12:42:39 PM,11/27/2025,
140,32.7,gf,0.580,mm,OK,--,12:42:39 PM,11/27/2025,
141,32.7,gf,0.590,mm,OK,--,12:42:39 PM,11/27/2025,
142,32.8,gf,0.595,mm,OK,--,12:42:39 PM,11/27/2025,
143,32.8,gf,0.605,mm,OK,--,12:42:39 PM,11/27/2025,
144,32.8,gf,0.610,mm,OK,--,12:42:40 PM,11/27/2025,
145,32.9,gf,0.620,mm,OK,--,12:42:40 PM,11/27/2025,
146,32.9,gf,0.630,mm,OK,--,12:42:40 PM,11/27/2025,
147,32.9,gf,0.635,mm,OK,--,12:42:40 PM,11/27/2025,
148,32.9,gf,0.640,mm,OK,--,12:42:40 PM,11/27/2025,
149,33.0,gf,0.645,mm,OK,--,12:42:40 PM,11/27/2025,
150,33.0,gf,0.655,mm,OK,--,12:42:40 PM,11/27/2025,
151,33.0,gf,0.665,mm,OK,--,12:42:40 PM,11/27/2025,
152,33.0,gf,0.670,mm,OK,--,12:42:40 PM,11/27/2025,
153,33.0,gf,0.675,mm,OK,--,12:42:40 PM,11/27/2025,
154,33.0,gf,0.685,mm,OK,--,12:42:41 PM,11/27/2025,
155,33.1,gf,0.695,mm,OK,--,12:42:41 PM,11/27/2025,
156,33.1,gf,0.705,mm,OK,--,12:42:41 PM,11/27/2025,
157,33.1,gf,0.715,mm,OK,--,12:42:41 PM,11/27/2025,
158,33.2,gf,0.720,mm,OK,--,12:42:41 PM,11/27/2025,
159,33.2,gf,0.730,mm,OK,--,12:42:41 PM,11/27/2025,
160,33.2,gf,0.740,mm,OK,--,12:42:41 PM,11/27/2025,
161,33.2,gf,0.755,mm,OK,--,12:42:41 PM,11/27/2025,
162,33.3,gf,0.770,mm,OK,--,12:42:41 PM,11/27/2025,
163,33.3,gf,0.780,mm,OK,--,12:42:41 PM,11/27/2025,
164,33.4,gf,0.785,mm,OK,--,12:42:42 PM,11/27/2025,
165,33.4,gf,0.790,mm,OK,--,12:42:42 PM,11/27/2025,
166,33.4,gf,0.795,mm,OK,--,12:42:42 PM,11/27/2025,
167,33.4,gf,0.800,mm,OK,--,12:42:42 PM,11/27/2025,
168,33.4,gf,0.805,mm,OK,--,12:42:42 PM,11/27/2025,
169,33.4,gf,0.810,mm,OK,--,12:42:42 PM,11/27/2025,
170,33.4,gf,0.815,mm,OK,--,12:42:42 PM,11/27/2025,
171,33.5,gf,0.820,mm,OK,--,12:42:42 PM,11/27/2025,
172,33.4,gf,0.825,mm,OK,--,12:42:42 PM,11/27/2025,
173,33.5,gf,0.835,mm,OK,--,12:42:42 PM,11/27/2025,
174,33.5,gf,0.840,mm,OK,--,12:42:43 PM,11/27/2025,
175,33.5,gf,0.845,mm,OK,--,12:42:43 PM,11/27/2025,
176,33.6,gf,0.850,mm,OK,--,12:42:43 PM,11/27/2025,
177,33.6,gf,0.860,mm,OK,--,12:42:43 PM,11/27/2025,
178,33.6,gf,0.865,mm,OK,--,12:42:43 PM,11/27/2025,
179,33.6,gf,0.875,mm,OK,--,12:42:43 PM,11/27/2025,
180,33.7,gf,0.880,mm,OK,--,12:42:43 PM,11/27/2025,
181,33.7,gf,0.885,mm,OK,--,12:42:43 PM,11/27/2025,
182,33.7,gf,0.890,mm,OK,--,12:42:43 PM,11/27/2025,
183,33.7,gf,0.890,mm,OK,--,12:42:43 PM,11/27/2025,
184,33.7,gf,0.895,mm,OK,--,12:42:44 PM,11/27/2025,
185,33.7,gf,0.895,mm,OK,--,12:42:44 PM,11/27/2025,
186,33.7,gf,0.900,mm,OK,--,12:42:44 PM,11/27/2025,
187,33.8,gf,0.905,mm,OK,--,12:42:44 PM,11/27/2025,
188,33.8,gf,0.910,mm,OK,--,12:42:44 PM,11/27/2025,
189,33.8,gf,0.915,mm,OK,--,12:42:44 PM,11/27/2025,
190,33.8,gf,0.920,mm,OK,--,12:42:44 PM,11/27/2025,
191,33.8,gf,0.925,mm,OK,--,12:42:44 PM,11/27/2025,
192,33.9,gf,0.935,mm,OK,--,12:42:44 PM,11/27/2025,
193,33.9,gf,0.940,mm,OK,--,12:42:44 PM,11/27/2025,
194,33.9,gf,0.945,mm,OK,--,12:42:45 PM,11/27/2025,
195,33.9,gf,0.950,mm,OK,--,12:42:45 PM,11/27/2025,
196,33.9,gf,0.960,mm,OK,--,12:42:45 PM,11/27/2025,
197,33.9,gf,0.965,mm,OK,--,12:42:45 PM,11/27/2025,
198,34.0,gf,0.975,mm,OK,--,12:42:45 PM,11/27/2025,
199,34.1,gf,0.980,mm,OK,--,12:42:45 PM,11/27/2025,
200,34.0,gf,0.985,mm,OK,--,12:42:45 PM,11/27/2025,
201,34.0,gf,0.995,mm,OK,--,12:42:45 PM,11/27/2025,
202,34.0,gf,1.000,mm,OK,--,12:42:45 PM,11/27/2025,
203,34.0,gf,1.005,mm,OK,--,12:42:45 PM,11/27/2025,
204,34.0,gf,1.010,mm,OK,--,12:42:46 PM,11/27/2025,
205,34.1,gf,1.015,mm,OK,--,12:42:46 PM,11/27/2025,
206,34.1,gf,1.020,mm,OK,--,12:42:46 PM,11/27/2025,
207,34.1,gf,1.030,mm,OK,--,12:42:46 PM,11/27/2025,
208,34.2,gf,1.035,mm,OK,--,12:42:46 PM,11/27/2025,
209,34.2,gf,1.040,mm,OK,--,12:42:46 PM,11/27/2025,
210,34.2,gf,1.045,mm,OK,--,12:42:46 PM,11/27/2025,
211,34.2,gf,1.055,mm,OK,--,12:42:46 PM,11/27/2025,
212,34.2,gf,1.060,mm,OK,--,12:42:46 PM,11/27/2025,
213,34.3,gf,1.065,mm,OK,--,12:42:46 PM,11/27/2025,
214,34.3,gf,1.075,mm,OK,--,12:42:47 PM,11/27/2025,
215,34.3,gf,1.080,mm,OK,--,12:42:47 PM,11/27/2025,
216,34.3,gf,1.090,mm,OK,--,12:42:47 PM,11/27/2025,
217,34.4,gf,1.095,mm,OK,--,12:42:47 PM,11/27/2025,
218,34.4,gf,1.105,mm,OK,--,12:42:47 PM,11/27/2025,
219,34.4,gf,1.115,mm,OK,--,12:42:47 PM,11/27/2025,
220,34.5,gf,1.125,mm,OK,--,12:42:47 PM,11/27/2025,
221,34.5,gf,1.135,mm,OK,--,12:42:47 PM,11/27/2025,
222,34.5,gf,1.140,mm,OK,--,12:42:47 PM,11/27/2025,
223,34.6,gf,1.150,mm,OK,--,12:42:47 PM,11/27/2025,
224,34.6,gf,1.165,mm,OK,--,12:42:48 PM,11/27/2025,
225,34.6,gf,1.175,mm,OK,--,12:42:48 PM,11/27/2025,
226,34.6,gf,1.185,mm,OK,--,12:42:48 PM,11/27/2025,
227,34.7,gf,1.195,mm,OK,--,12:42:48 PM,11/27/2025,
228,34.7,gf,1.205,mm,OK,--,12:42:48 PM,11/27/2025,
229,34.8,gf,1.215,mm,OK,--,12:42:48 PM,11/27/2025,
230,34.7,gf,1.225,mm,OK,--,12:42:48 PM,11/27/2025,
231,34.8,gf,1.235,mm,OK,--,12:42:48 PM,11/27/2025,
232,34.8,gf,1.245,mm,OK,--,12:42:48 PM,11/27/2025,
233,34.8,gf,1.250,mm,OK,--,12:42:48 PM,11/27/2025,
234,34.9,gf,1.260,mm,OK,--,12:42:49 PM,11/27/2025,
235,34.9,gf,1.265,mm,OK,--,12:42:49 PM,11/27/2025,
236,34.9,gf,1.270,mm,OK,--,12:42:49 PM,11/27/2025,
237,34.9,gf,1.270,mm,OK,--,12:42:49 PM,11/27/2025,
238,35.0,gf,1.275,mm,OK,--,12:42:49 PM,11/27/2025,
239,35.0,gf,1.280,mm,OK,--,12:42:49 PM,11/27/2025,
240,35.0,gf,1.280,mm,OK,--,12:42:49 PM,11/27/2025,
241,35.0,gf,1.285,mm,OK,--,12:42:49 PM,11/27/2025,
242,35.0,gf,1.290,mm,OK,--,12:42:49 PM,11/27/2025,
243,35.0,gf,1.295,mm,OK,--,12:42:49 PM,11/27/2025,
244,35.0,gf,1.295,mm,OK,--,12:42:50 PM,11/27/2025,
245,35.0,gf,1.300,mm,OK,--,12:42:50 PM,11/27/2025,
246,35.0,gf,1.305,mm,OK,--,12:42:50 PM,11/27/2025,
247,35.1,gf,1.310,mm,OK,--,12:42:50 PM,11/27/2025,
248,35.0,gf,1.310,mm,OK,--,12:42:50 PM,11/27/2025,
249,35.1,gf,1.315,mm,OK,--,12:42:50 PM,11/27/2025,
250,35.1,gf,1.320,mm,OK,--,12:42:50 PM,11/27/2025,
251,35.1,gf,1.320,mm,OK,--,12:42:50 PM,11/27/2025,
252,35.1,gf,1.325,mm,OK,--,12:42:50 PM,11/27/2025,
253,35.1,gf,1.330,mm,OK,--,12:42:50 PM,11/27/2025,
254,35.1,gf,1.335,mm,OK,--,12:42:51 PM,11/27/2025,
255,35.1,gf,1.335,mm,OK,--,12:42:51 PM,11/27/2025,
256,35.1,gf,1.340,mm,OK,--,12:42:51 PM,11/27/2025,
257,35.2,gf,1.345,mm,OK,--,12:42:51 PM,11/27/2025,
258,35.2,gf,1.350,mm,OK,--,12:42:51 PM,11/27/2025,
259,35.2,gf,1.350,mm,OK,--,12:42:51 PM,11/27/2025,
260,35.2,gf,1.355,mm,OK,--,12:42:51 PM,11/27/2025,
261,35.3,gf,1.360,mm,OK,--,12:42:51 PM,11/27/2025,
262,35.2,gf,1.360,mm,OK,--,12:42:51 PM,11/27/2025,
263,35.2,gf,1.365,mm,OK,--,12:42:51 PM,11/27/2025,
264,35.2,gf,1.365,mm,OK,--,12:42:52 PM,11/27/2025,
265,35.2,gf,1.370,mm,OK,--,12:42:52 PM,11/27/2025,
266,35.3,gf,1.375,mm,OK,--,12:42:52 PM,11/27/2025,
267,35.3,gf,1.380,mm,OK,--,12:42:52 PM,11/27/2025,
268,35.3,gf,1.380,mm,OK,--,12:42:52 PM,11/27/2025,
269,35.3,gf,1.385,mm,OK,--,12:42:52 PM,11/27/2025,
270,35.3,gf,1.390,mm,OK,--,12:42:52 PM,11/27/2025,
271,35.3,gf,1.390,mm,OK,--,12:42:52 PM,11/27/2025,
272,35.3,gf,1.395,mm,OK,--,12:42:52 PM,11/27/2025,
273,35.3,gf,1.400,mm,OK,--,12:42:52 PM,11/27/2025,
274,35.3,gf,1.400,mm,OK,--,12:42:53 PM,11/27/2025,
275,35.3,gf,1.405,mm,OK,--,12:42:53 PM,11/27/2025,
276,35.4,gf,1.405,mm,OK,--,12:42:53 PM,11/27/2025,
277,35.4,gf,1.410,mm,OK,--,12:42:53 PM,11/27/2025,
278,35.4,gf,1.415,mm,OK,--,12:42:53 PM,11/27/2025,
279,35.4,gf,1.415,mm,OK,--,12:42:53 PM,11/27/2025,
280,35.4,gf,1.420,mm,OK,--,12:42:53 PM,11/27/2025,
281,35.4,gf,1.425,mm,OK,--,12:42:53 PM,11/27/2025,
282,35.4,gf,1.430,mm,OK,--,12:42:53 PM,11/27/2025,
283,35.4,gf,1.435,mm,OK,--,12:42:53 PM,11/27/2025,
284,35.5,gf,1.435,mm,OK,--,12:42:54 PM,11/27/2025,
285,35.5,gf,1.440,mm,OK,--,12:42:54 PM,11/27/2025,
286,35.5,gf,1.445,mm,OK,--,12:42:54 PM,11/27/2025,
287,35.5,gf,1.450,mm,OK,--,12:42:54 PM,11/27/2025,
288,35.5,gf,1.450,mm,OK,--,12:42:54 PM,11/27/2025,
289,35.5,gf,1.455,mm,OK,--,12:42:54 PM,11/27/2025,
290,35.5,gf,1.460,mm,OK,--,12:42:54 PM,11/27/2025,
291,35.5,gf,1.460,mm,OK,--,12:42:54 PM,11/27/2025,
292,35.5,gf,1.465,mm,OK,--,12:42:54 PM,11/27/2025,
293,35.6,gf,1.470,mm,OK,--,12:42:54 PM,11/27/2025,
294,35.6,gf,1.475,mm,OK,--,12:42:55 PM,11/27/2025,
295,35.6,gf,1.480,mm,OK,--,12:42:55 PM,11/27/2025,
296,35.6,gf,1.485,mm,OK,--,12:42:55 PM,11/27/2025,
297,35.6,gf,1.490,mm,OK,--,12:42:55 PM,11/27/2025,
298,35.6,gf,1.490,mm,OK,--,12:42:55 PM,11/27/2025,
299,35.7,gf,1.495,mm,OK,--,12:42:55 PM,11/27/2025,
300,35.7,gf,1.500,mm,OK,--,12:42:55 PM,11/27/2025,
301,35.7,gf,1.505,mm,OK,--,12:42:55 PM,11/27/2025,
302,35.7,gf,1.510,mm,OK,--,12:42:55 PM,11/27/2025,
303,35.7,gf,1.510,mm,OK,--,12:42:55 PM,11/27/2025,
304,35.7,gf,1.510,mm,OK,--,12:42:56 PM,11/27/2025,
305,35.7,gf,1.515,mm,OK,--,12:42:56 PM,11/27/2025,
306,35.7,gf,1.515,mm,OK,--,12:42:56 PM,11/27/2025,
307,35.7,gf,1.520,mm,OK,--,12:42:56 PM,11/27/2025,
308,35.7,gf,1.520,mm,OK,--,12:42:56 PM,11/27/2025,
309,35.7,gf,1.525,mm,OK,--,12:42:56 PM,11/27/2025,
310,35.7,gf,1.525,mm,OK,--,12:42:56 PM,11/27/2025,
311,35.8,gf,1.530,mm,OK,--,12:42:56 PM,11/27/2025,
312,35.8,gf,1.530,mm,OK,--,12:42:56 PM,11/27/2025,
313,35.8,gf,1.535,mm,OK,--,12:42:56 PM,11/27/2025,
314,35.8,gf,1.540,mm,OK,--,12:42:57 PM,11/27/2025,
315,35.8,gf,1.545,mm,OK,--,12:42:57 PM,11/27/2025,
316,35.8,gf,1.550,mm,OK,--,12:42:57 PM,11/27/2025,
317,35.8,gf,1.555,mm,OK,--,12:42:57 PM,11/27/2025,
318,35.8,gf,1.560,mm,OK,--,12:42:57 PM,11/27/2025,
319,36.0,gf,1.570,mm,OK,--,12:42:57 PM,11/27/2025,
320,35.9,gf,1.575,mm,OK,--,12:42:57 PM,11/27/2025,
321,35.9,gf,1.580,mm,OK,--,12:42:57 PM,11/27/2025,
322,36.0,gf,1.590,mm,OK,--,12:42:57 PM,11/27/2025,
323,35.9,gf,1.595,mm,OK,--,12:42:57 PM,11/27/2025,
324,36.0,gf,1.600,mm,OK,--,12:42:58 PM,11/27/2025,
325,36.0,gf,1.605,mm,OK,--,12:42:58 PM,11/27/2025,
326,36.1,gf,1.615,mm,OK,--,12:42:58 PM,11/27/2025,
327,36.1,gf,1.620,mm,OK,--,12:42:58 PM,11/27/2025,
328,36.1,gf,1.630,mm,OK,--,12:42:58 PM,11/27/2025,
329,36.1,gf,1.635,mm,OK,--,12:42:58 PM,11/27/2025,
330,36.1,gf,1.640,mm,OK,--,12:42:58 PM,11/27/2025,
331,36.1,gf,1.645,mm,OK,--,12:42:58 PM,11/27/2025,
332,36.2,gf,1.645,mm,OK,--,12:42:58 PM,11/27/2025,
333,36.2,gf,1.650,mm,OK,--,12:42:58 PM,11/27/2025,
334,36.2,gf,1.650,mm,OK,--,12:42:59 PM,11/27/2025,
335,36.2,gf,1.655,mm,OK,--,12:42:59 PM,11/27/2025,
336,36.2,gf,1.655,mm,OK,--,12:42:59 PM,11/27/2025,
337,36.2,gf,1.660,mm,OK,--,12:42:59 PM,11/27/2025,
338,36.2,gf,1.665,mm,OK,--,12:42:59 PM,11/27/2025,
339,36.2,gf,1.670,mm,OK,--,12:42:59 PM,11/27/2025,
340,36.3,gf,1.675,mm,OK,--,12:42:59 PM,11/27/2025,
341,36.2,gf,1.675,mm,OK,--,12:42:59 PM,11/27/2025,
342,36.3,gf,1.680,mm,OK,--,12:42:59 PM,11/27/2025,
343,36.3,gf,1.685,mm,OK,--,12:42:59 PM,11/27/2025,
344,36.3,gf,1.685,mm,OK,--,12:43:00 PM,11/27/2025,
345,36.3,gf,1.690,mm,OK,--,12:43:00 PM,11/27/2025,
346,36.3,gf,1.690,mm,OK,--,12:43:00 PM,11/27/2025,
347,36.3,gf,1.695,mm,OK,--,12:43:00 PM,11/27/2025,
348,36.3,gf,1.695,mm,OK,--,12:43:00 PM,11/27/2025,
349,36.3,gf,1.700,mm,OK,--,12:43:00 PM,11/27/2025,
350,36.3,gf,1.700,mm,OK,--,12:43:00 PM,11/27/2025,
351,36.3,gf,1.705,mm,OK,--,12:43:00 PM,11/27/2025,
352,36.4,gf,1.710,mm,OK,--,12:43:00 PM,11/27/2025,
353,36.4,gf,1.710,mm,OK,--,12:43:00 PM,11/27/2025,
354,36.4,gf,1.715,mm,OK,--,12:43:01 PM,11/27/2025,
355,36.4,gf,1.720,mm,OK,--,12:43:01 PM,11/27/2025,
356,36.4,gf,1.725,mm,OK,--,12:43:01 PM,11/27/2025,
357,36.4,gf,1.730,mm,OK,--,12:43:01 PM,11/27/2025,
358,36.5,gf,1.735,mm,OK,--,12:43:01 PM,11/27/2025,
359,36.5,gf,1.740,mm,OK,--,12:43:01 PM,11/27/2025,
360,36.5,gf,1.750,mm,OK,--,12:43:01 PM,11/27/2025,
361,36.5,gf,1.755,mm,OK,--,12:43:01 PM,11/27/2025,
362,36.5,gf,1.760,mm,OK,--,12:43:01 PM,11/27/2025,
363,36.5,gf,1.765,mm,OK,--,12:43:01 PM,11/27/2025,
364,36.6,gf,1.770,mm,OK,--,12:43:02 PM,11/27/2025,
365,36.6,gf,1.775,mm,OK,--,12:43:02 PM,11/27/2025,
366,36.6,gf,1.780,mm,OK,--,12:43:02 PM,11/27/2025,
367,36.6,gf,1.785,mm,OK,--,12:43:02 PM,11/27/2025,
368,36.6,gf,1.790,mm,OK,--,12:43:02 PM,11/27/2025,
369,36.7,gf,1.795,mm,OK,--,12:43:02 PM,11/27/2025,
370,36.7,gf,1.800,mm,OK,--,12:43:02 PM,11/27/2025,
371,36.7,gf,1.805,mm,OK,--,12:43:02 PM,11/27/2025,
372,36.7,gf,1.810,mm,OK,--,12:43:02 PM,11/27/2025,
373,36.7,gf,1.815,mm,OK,--,12:43:02 PM,11/27/2025,
374,36.8,gf,1.820,mm,OK,--,12:43:03 PM,11/27/2025,
375,36.8,gf,1.825,mm,OK,--,12:43:03 PM,11/27/2025,
376,36.8,gf,1.825,mm,OK,--,12:43:03 PM,11/27/2025,
377,36.7,gf,1.830,mm,OK,--,12:43:03 PM,11/27/2025,
378,36.8,gf,1.830,mm,OK,--,12:43:03 PM,11/27/2025,
379,36.8,gf,1.835,mm,OK,--,12:43:03 PM,11/27/2025,
380,36.8,gf,1.840,mm,OK,--,12:43:03 PM,11/27/2025,
381,36.8,gf,1.845,mm,OK,--,12:43:03 PM,11/27/2025,
382,36.8,gf,1.855,mm,OK,--,12:43:03 PM,11/27/2025,
383,36.8,gf,1.860,mm,OK,--,12:43:03 PM,11/27/2025,
384,36.8,gf,1.865,mm,OK,--,12:43:04 PM,11/27/2025,
385,36.8,gf,1.870,mm,OK,--,12:43:04 PM,11/27/2025,
386,36.9,gf,1.875,mm,OK,--,12:43:04 PM,11/27/2025,
387,36.9,gf,1.880,mm,OK,--,12:43:04 PM,11/27/2025,
388,36.9,gf,1.885,mm,OK,--,12:43:04 PM,11/27/2025,
389,36.9,gf,1.890,mm,OK,--,12:43:04 PM,11/27/2025,
390,36.9,gf,1.895,mm,OK,--,12:43:04 PM,11/27/2025,
391,36.9,gf,1.900,mm,OK,--,12:43:04 PM,11/27/2025,
392,37.0,gf,1.900,mm,OK,--,12:43:04 PM,11/27/2025,
393,37.0,gf,1.905,mm,OK,--,12:43:04 PM,11/27/2025,
394,37.0,gf,1.910,mm,OK,--,12:43:05 PM,11/27/2025,
395,37.0,gf,1.920,mm,OK,--,12:43:05 PM,11/27/2025,
396,37.0,gf,1.925,mm,OK,--,12:43:05 PM,11/27/2025,
397,37.1,gf,1.930,mm,OK,--,12:43:05 PM,11/27/2025,
398,37.1,gf,1.935,mm,OK,--,12:43:05 PM,11/27/2025,
399,37.1,gf,1.940,mm,OK,--,12:43:05 PM,11/27/2025,
400,37.2,gf,1.950,mm,OK,--,12:43:05 PM,11/27/2025,
401,37.2,gf,1.960,mm,OK,--,12:43:05 PM,11/27/2025,
402,37.2,gf,1.965,mm,OK,--,12:43:05 PM,11/27/2025,
403,37.3,gf,1.975,mm,OK,--,12:43:05 PM,11/27/2025,
404,37.2,gf,1.980,mm,OK,--,12:43:06 PM,11/27/2025,
405,37.2,gf,1.985,mm,OK,--,12:43:06 PM,11/27/2025,
406,37.3,gf,1.990,mm,OK,--,12:43:06 PM,11/27/2025,
407,37.4,gf,1.995,mm,OK,--,12:43:06 PM,11/27/2025,
408,37.3,gf,1.995,mm,OK,--,12:43:06 PM,11/27/2025,
409,37.3,gf,2.000,mm,OK,--,12:43:06 PM,11/27/2025,
410,37.3,gf,2.005,mm,OK,--,12:43:06 PM,11/27/2025,
411,37.3,gf,2.005,mm,OK,--,12:43:06 PM,11/27/2025,
412,37.3,gf,2.010,mm,OK,--,12:43:06 PM,11/27/2025,
413,37.3,gf,2.010,mm,OK,--,12:43:06 PM,11/27/2025,
414,37.3,gf,2.015,mm,OK,--,12:43:07 PM,11/27/2025,
415,37.3,gf,2.020,mm,OK,--,12:43:07 PM,11/27/2025,
416,37.4,gf,2.020,mm,OK,--,12:43:07 PM,11/27/2025,
417,37.4,gf,2.025,mm,OK,--,12:43:07 PM,11/27/2025,
418,37.4,gf,2.025,mm,OK,--,12:43:07 PM,11/27/2025,
419,37.4,gf,2.030,mm,OK,--,12:43:07 PM,11/27/2025,
420,37.4,gf,2.030,mm,OK,--,12:43:07 PM,11/27/2025,
421,37.4,gf,2.035,mm,OK,--,12:43:07 PM,11/27/2025,
422,37.4,gf,2.035,mm,OK,--,12:43:07 PM,11/27/2025,
423,37.4,gf,2.035,mm,OK,--,12:43:07 PM,11/27/2025,
424,37.4,gf,2.035,mm,OK,--,12:43:08 PM,11/27/2025,
425,37.4,gf,2.035,mm,OK,--,12:43:08 PM,11/27/2025,
426,37.4,gf,2.040,mm,OK,--,12:43:08 PM,11/27/2025,
427,37.4,gf,2.040,mm,OK,--,12:43:08 PM,11/27/2025,
428,37.4,gf,2.040,mm,OK,--,12:43:08 PM,11/27/2025,
429,37.5,gf,2.040,mm,OK,--,12:43:08 PM,11/27/2025,
430,37.5,gf,2.040,mm,OK,--,12:43:08 PM,11/27/2025,
431,37.5,gf,2.040,mm,OK,--,12:43:08 PM,11/27/2025,
432,37.5,gf,2.040,mm,OK,--,12:43:08 PM,11/27/2025,
433,37.5,gf,2.040,mm,OK,--,12:43:08 PM,11/27/2025,
434,37.5,gf,2.040,mm,OK,--,12:43:09 PM,11/27/2025,
435,37.5,gf,2.045,mm,OK,--,12:43:09 PM,11/27/2025,
436,37.5,gf,2.045,mm,OK,--,12:43:09 PM,11/27/2025,
437,37.5,gf,2.045,mm,OK,--,12:43:09 PM,11/27/2025,
438,37.5,gf,2.045,mm,OK,--,12:43:09 PM,11/27/2025,
439,37.5,gf,2.050,mm,OK,--,12:43:09 PM,11/27/2025,
440,37.5,gf,2.050,mm,OK,--,12:43:09 PM,11/27/2025,
441,37.5,gf,2.050,mm,OK,--,12:43:09 PM,11/27/2025,
442,37.5,gf,2.055,mm,OK,--,12:43:09 PM,11/27/2025,
443,37.5,gf,2.055,mm,OK,--,12:43:09 PM,11/27/2025,
444,37.5,gf,2.055,mm,OK,--,12:43:10 PM,11/27/2025,
445,37.5,gf,2.060,mm,OK,--,12:43:10 PM,11/27/2025,
446,37.5,gf,2.060,mm,OK,--,12:43:10 PM,11/27/2025,
447,37.5,gf,2.065,mm,OK,--,12:43:10 PM,11/27/2025,
448,37.6,gf,2.070,mm,OK,--,12:43:10 PM,11/27/2025,
449,37.6,gf,2.080,mm,OK,--,12:43:10 PM,11/27/2025,
450,37.6,gf,2.085,mm,OK,--,12:43:10 PM,11/27/2025,
451,37.6,gf,2.090,mm,OK,--,12:43:10 PM,11/27/2025,
452,37.6,gf,2.095,mm,OK,--,12:43:10 PM,11/27/2025,
453,37.6,gf,2.105,mm,OK,--,12:43:10 PM,11/27/2025,
454,37.7,gf,2.110,mm,OK,--,12:43:11 PM,11/27/2025,
455,37.8,gf,2.120,mm,OK,--,12:43:11 PM,11/27/2025,
456,37.8,gf,2.125,mm,OK,--,12:43:11 PM,11/27/2025,
457,37.8,gf,2.135,mm,OK,--,12:43:11 PM,11/27/2025,
458,37.8,gf,2.140,mm,OK,--,12:43:11 PM,11/27/2025,
459,37.9,gf,2.155,mm,OK,--,12:43:11 PM,11/27/2025,
460,37.9,gf,2.165,mm,OK,--,12:43:11 PM,11/27/2025,
461,37.9,gf,2.175,mm,OK,--,12:43:11 PM,11/27/2025,
462,38.0,gf,2.180,mm,OK,--,12:43:11 PM,11/27/2025,
463,38.0,gf,2.185,mm,OK,--,12:43:11 PM,11/27/2025,
464,38.1,gf,2.195,mm,OK,--,12:43:12 PM,11/27/2025,
465,38.0,gf,2.205,mm,OK,--,12:43:12 PM,11/27/2025,
466,38.1,gf,2.215,mm,OK,--,12:43:12 PM,11/27/2025,
467,38.1,gf,2.230,mm,OK,--,12:43:12 PM,11/27/2025,
468,38.2,gf,2.240,mm,OK,--,12:43:12 PM,11/27/2025,
469,38.2,gf,2.245,mm,OK,--,12:43:12 PM,11/27/2025,
470,38.2,gf,2.255,mm,OK,--,12:43:12 PM,11/27/2025,
471,38.3,gf,2.265,mm,OK,--,12:43:12 PM,11/27/2025,
472,38.3,gf,2.270,mm,OK,--,12:43:12 PM,11/27/2025,
473,38.3,gf,2.280,mm,OK,--,12:43:12 PM,11/27/2025,
474,38.3,gf,2.285,mm,OK,--,12:43:13 PM,11/27/2025,
475,38.4,gf,2.290,mm,OK,--,12:43:13 PM,11/27/2025,
476,38.4,gf,2.295,mm,OK,--,12:43:13 PM,11/27/2025,
477,38.4,gf,2.300,mm,OK,--,12:43:13 PM,11/27/2025,
478,38.4,gf,2.305,mm,OK,--,12:43:13 PM,11/27/2025,
479,38.4,gf,2.310,mm,OK,--,12:43:13 PM,11/27/2025,
480,38.4,gf,2.315,mm,OK,--,12:43:13 PM,11/27/2025,
481,38.4,gf,2.320,mm,OK,--,12:43:13 PM,11/27/2025,
482,38.5,gf,2.325,mm,OK,--,12:43:13 PM,11/27/2025,
483,38.5,gf,2.330,mm,OK,--,12:43:13 PM,11/27/2025,
484,38.5,gf,2.335,mm,OK,--,12:43:14 PM,11/27/2025,
485,38.5,gf,2.340,mm,OK,--,12:43:14 PM,11/27/2025,
486,38.5,gf,2.345,mm,OK,--,12:43:14 PM,11/27/2025,
487,38.5,gf,2.350,mm,OK,--,12:43:14 PM,11/27/2025,
488,38.5,gf,2.350,mm,OK,--,12:43:14 PM,11/27/2025,
489,38.5,gf,2.355,mm,OK,--,12:43:14 PM,11/27/2025,
490,38.6,gf,2.360,mm,OK,--,12:43:14 PM,11/27/2025,
491,38.6,gf,2.365,mm,OK,--,12:43:14 PM,11/27/2025,
492,38.6,gf,2.365,mm,OK,--,12:43:14 PM,11/27/2025,
493,38.6,gf,2.370,mm,OK,--,12:43:14 PM,11/27/2025,
494,38.6,gf,2.375,mm,OK,--,12:43:15 PM,11/27/2025,
495,38.6,gf,2.375,mm,OK,--,12:43:15 PM,11/27/2025,
496,38.7,gf,2.380,mm,OK,--,12:43:15 PM,11/27/2025,
497,38.6,gf,2.380,mm,OK,--,12:43:15 PM,11/27/2025,
498,38.6,gf,2.385,mm,OK,--,12:43:15 PM,11/27/2025,
499,38.6,gf,2.385,mm,OK,--,12:43:15 PM,11/27/2025,
500,38.7,gf,2.390,mm,OK,--,12:43:15 PM,11/27/2025,
501,38.7,gf,2.395,mm,OK,--,12:43:15 PM,11/27/2025,
502,38.7,gf,2.395,mm,OK,--,12:43:15 PM,11/27/2025,
503,38.7,gf,2.400,mm,OK,--,12:43:15 PM,11/27/2025,
504,38.7,gf,2.400,mm,OK,--,12:43:16 PM,11/27/2025,
505,38.7,gf,2.405,mm,OK,--,12:43:16 PM,11/27/2025,
506,38.8,gf,2.410,mm,OK,--,12:43:16 PM,11/27/2025,
507,38.7,gf,2.415,mm,OK,--,12:43:16 PM,11/27/2025,
508,38.8,gf,2.415,mm,OK,--,12:43:16 PM,11/27/2025,
509,38.8,gf,2.420,mm,OK,--,12:43:16 PM,11/27/2025,
510,38.8,gf,2.425,mm,OK,--,12:43:16 PM,11/27/2025,
511,38.8,gf,2.425,mm,OK,--,12:43:16 PM,11/27/2025,
512,38.8,gf,2.430,mm,OK,--,12:43:16 PM,11/27/2025,
513,38.8,gf,2.430,mm,OK,--,12:43:16 PM,11/27/2025,
514,38.8,gf,2.435,mm,OK,--,12:43:17 PM,11/27/2025,
515,38.8,gf,2.435,mm,OK,--,12:43:17 PM,11/27/2025,
516,38.8,gf,2.440,mm,OK,--,12:43:17 PM,11/27/2025,
517,38.9,gf,2.440,mm,OK,--,12:43:17 PM,11/27/2025,
518,38.9,gf,2.445,mm,OK,--,12:43:17 PM,11/27/2025,
519,38.9,gf,2.450,mm,OK,--,12:43:17 PM,11/27/2025,
520,38.9,gf,2.450,mm,OK,--,12:43:17 PM,11/27/2025,
521,39.0,gf,2.455,mm,OK,--,12:43:17 PM,11/27/2025,
522,38.9,gf,2.455,mm,OK,--,12:43:17 PM,11/27/2025,
523,38.9,gf,2.460,mm,OK,--,12:43:17 PM,11/27/2025,
524,38.9,gf,2.460,mm,OK,--,12:43:18 PM,11/27/2025,
525,38.9,gf,2.465,mm,OK,--,12:43:18 PM,11/27/2025,
526,38.9,gf,2.465,mm,OK,--,12:43:18 PM,11/27/2025,
527,38.9,gf,2.470,mm,OK,--,12:43:18 PM,11/27/2025,
528,38.9,gf,2.470,mm,OK,--,12:43:18 PM,11/27/2025,
529,38.9,gf,2.470,mm,OK,--,12:43:18 PM,11/27/2025,
530,38.9,gf,2.475,mm,OK,--,12:43:18 PM,11/27/2025,
531,38.9,gf,2.475,mm,OK,--,12:43:18 PM,11/27/2025,
532,38.9,gf,2.480,mm,OK,--,12:43:18 PM,11/27/2025,
533,39.0,gf,2.480,mm,OK,--,12:43:18 PM,11/27/2025,
534,39.0,gf,2.480,mm,OK,--,12:43:19 PM,11/27/2025,
535,39.0,gf,2.480,mm,OK,--,12:43:19 PM,11/27/2025,
536,39.0,gf,2.485,mm,OK,--,12:43:19 PM,11/27/2025,
537,39.0,gf,2.485,mm,OK,--,12:43:19 PM,11/27/2025,
538,39.0,gf,2.485,mm,OK,--,12:43:19 PM,11/27/2025,
539,39.0,gf,2.490,mm,OK,--,12:43:19 PM,11/27/2025,
540,39.0,gf,2.490,mm,OK,--,12:43:19 PM,11/27/2025,
541,39.0,gf,2.490,mm,OK,--,12:43:19 PM,11/27/2025,
542,39.0,gf,2.495,mm,OK,--,12:43:19 PM,11/27/2025,
543,39.0,gf,2.495,mm,OK,--,12:43:19 PM,11/27/2025,
544,39.0,gf,2.500,mm,OK,--,12:43:20 PM,11/27/2025,
545,39.0,gf,2.500,mm,OK,--,12:43:20 PM,11/27/2025,
546,39.0,gf,2.505,mm,OK,--,12:43:20 PM,11/27/2025,
547,39.0,gf,2.505,mm,OK,--,12:43:20 PM,11/27/2025,
548,39.0,gf,2.510,mm,OK,--,12:43:20 PM,11/27/2025,
549,39.1,gf,2.515,mm,OK,--,12:43:20 PM,11/27/2025,
550,39.1,gf,2.515,mm,OK,--,12:43:20 PM,11/27/2025,
551,39.1,gf,2.520,mm,OK,--,12:43:20 PM,11/27/2025,
552,39.1,gf,2.525,mm,OK,--,12:43:20 PM,11/27/2025,
553,39.1,gf,2.525,mm,OK,--,12:43:20 PM,11/27/2025,
554,39.1,gf,2.530,mm,OK,--,12:43:21 PM,11/27/2025,
555,39.1,gf,2.535,mm,OK,--,12:43:21 PM,11/27/2025,
556,39.1,gf,2.535,mm,OK,--,12:43:21 PM,11/27/2025,
557,39.1,gf,2.540,mm,OK,--,12:43:21 PM,11/27/2025,
558,39.1,gf,2.545,mm,OK,--,12:43:21 PM,11/27/2025,
559,39.2,gf,2.545,mm,OK,--,12:43:21 PM,11/27/2025,
560,39.2,gf,2.550,mm,OK,--,12:43:21 PM,11/27/2025,
561,39.2,gf,2.555,mm,OK,--,12:43:21 PM,11/27/2025,
562,39.2,gf,2.555,mm,OK,--,12:43:21 PM,11/27/2025,
563,39.2,gf,2.560,mm,OK,--,12:43:21 PM,11/27/2025,
564,39.2,gf,2.560,mm,OK,--,12:43:22 PM,11/27/2025,
565,39.2,gf,2.560,mm,OK,--,12:43:22 PM,11/27/2025,
566,39.2,gf,2.565,mm,OK,--,12:43:22 PM,11/27/2025,
567,39.2,gf,2.565,mm,OK,--,12:43:22 PM,11/27/2025,
568,39.2,gf,2.570,mm,OK,--,12:43:22 PM,11/27/2025,
569,39.2,gf,2.570,mm,OK,--,12:43:22 PM,11/27/2025,
570,39.2,gf,2.570,mm,OK,--,12:43:22 PM,11/27/2025,
571,39.3,gf,2.575,mm,OK,--,12:43:22 PM,11/27/2025,
572,39.3,gf,2.575,mm,OK,--,12:43:22 PM,11/27/2025,
573,39.3,gf,2.580,mm,OK,--,12:43:22 PM,11/27/2025,
574,39.3,gf,2.585,mm,OK,--,12:43:23 PM,11/27/2025,
575,39.3,gf,2.585,mm,OK,--,12:43:23 PM,11/27/2025,
576,39.3,gf,2.590,mm,OK,--,12:43:23 PM,11/27/2025,
577,39.3,gf,2.595,mm,OK,--,12:43:23 PM,11/27/2025,
578,39.3,gf,2.600,mm,OK,--,12:43:23 PM,11/27/2025,
579,39.4,gf,2.605,mm,OK,--,12:43:23 PM,11/27/2025,
580,39.4,gf,2.605,mm,OK,--,12:43:23 PM,11/27/2025,
581,39.4,gf,2.610,mm,OK,--,12:43:23 PM,11/27/2025,
582,39.4,gf,2.615,mm,OK,--,12:43:23 PM,11/27/2025,
583,39.4,gf,2.620,mm,OK,--,12:43:23 PM,11/27/2025,
584,39.4,gf,2.625,mm,OK,--,12:43:24 PM,11/27/2025,
585,39.4,gf,2.625,mm,OK,--,12:43:24 PM,11/27/2025,
586,39.4,gf,2.630,mm,OK,--,12:43:24 PM,11/27/2025,
587,39.5,gf,2.635,mm,OK,--,12:43:24 PM,11/27/2025,
588,39.5,gf,2.640,mm,OK,--,12:43:24 PM,11/27/2025,
589,39.5,gf,2.645,mm,OK,--,12:43:24 PM,11/27/2025,
590,39.5,gf,2.650,mm,OK,--,12:43:24 PM,11/27/2025,
591,39.5,gf,2.650,mm,OK,--,12:43:24 PM,11/27/2025,
592,39.5,gf,2.655,mm,OK,--,12:43:24 PM,11/27/2025,
593,39.5,gf,2.655,mm,OK,--,12:43:24 PM,11/27/2025,
594,39.5,gf,2.660,mm,OK,--,12:43:25 PM,11/27/2025,
595,39.5,gf,2.665,mm,OK,--,12:43:25 PM,11/27/2025,
596,39.6,gf,2.670,mm,OK,--,12:43:25 PM,11/27/2025,
597,39.6,gf,2.670,mm,OK,--,12:43:25 PM,11/27/2025,
598,39.6,gf,2.675,mm,OK,--,12:43:25 PM,11/27/2025,
599,39.6,gf,2.680,mm,OK,--,12:43:25 PM,11/27/2025,
600,39.7,gf,2.685,mm,OK,--,12:43:25 PM,11/27/2025,
601,39.7,gf,2.690,mm,OK,--,12:43:25 PM,11/27/2025,
602,39.7,gf,2.695,mm,OK,--,12:43:25 PM,11/27/2025,
603,39.7,gf,2.700,mm,OK,--,12:43:25 PM,11/27/2025,
604,39.7,gf,2.705,mm,OK,--,12:43:26 PM,11/27/2025,
605,39.7,gf,2.705,mm,OK,--,12:43:26 PM,11/27/2025,
606,39.7,gf,2.710,mm,OK,--,12:43:26 PM,11/27/2025,
607,39.8,gf,2.710,mm,OK,--,12:43:26 PM,11/27/2025,
608,39.7,gf,2.715,mm,OK,--,12:43:26 PM,11/27/2025,
609,39.8,gf,2.720,mm,OK,--,12:43:26 PM,11/27/2025,
610,39.8,gf,2.720,mm,OK,--,12:43:26 PM,11/27/2025,
611,39.8,gf,2.720,mm,OK,--,12:43:26 PM,11/27/2025,
612,39.8,gf,2.725,mm,OK,--,12:43:26 PM,11/27/2025,
613,39.8,gf,2.725,mm,OK,--,12:43:26 PM,11/27/2025,
614,39.8,gf,2.730,mm,OK,--,12:43:27 PM,11/27/2025,
615,39.8,gf,2.730,mm,OK,--,12:43:27 PM,11/27/2025,
616,39.8,gf,2.735,mm,OK,--,12:43:27 PM,11/27/2025,
617,39.8,gf,2.740,mm,OK,--,12:43:27 PM,11/27/2025,
618,39.9,gf,2.745,mm,OK,--,12:43:27 PM,11/27/2025,
619,39.9,gf,2.750,mm,OK,--,12:43:27 PM,11/27/2025,
620,39.9,gf,2.755,mm,OK,--,12:43:27 PM,11/27/2025,
621,39.9,gf,2.760,mm,OK,--,12:43:27 PM,11/27/2025,
622,39.9,gf,2.760,mm,OK,--,12:43:27 PM,11/27/2025,
623,39.9,gf,2.765,mm,OK,--,12:43:27 PM,11/27/2025,
624,39.9,gf,2.770,mm,OK,--,12:43:28 PM,11/27/2025,
625,39.9,gf,2.770,mm,OK,--,12:43:28 PM,11/27/2025,
626,39.9,gf,2.775,mm,OK,--,12:43:28 PM,11/27/2025,
627,39.9,gf,2.780,mm,OK,--,12:43:28 PM,11/27/2025,
628,39.9,gf,2.780,mm,OK,--,12:43:28 PM,11/27/2025,
629,40.0,gf,2.785,mm,OK,--,12:43:28 PM,11/27/2025,
630,40.0,gf,2.785,mm,OK,--,12:43:28 PM,11/27/2025,
631,40.0,gf,2.790,mm,OK,--,12:43:28 PM,11/27/2025,
632,40.0,gf,2.790,mm,OK,--,12:43:28 PM,11/27/2025,
633,40.0,gf,2.795,mm,OK,--,12:43:28 PM,11/27/2025,
634,40.0,gf,2.800,mm,OK,--,12:43:29 PM,11/27/2025,
635,40.0,gf,2.805,mm,OK,--,12:43:29 PM,11/27/2025,
636,40.0,gf,2.805,mm,OK,--,12:43:29 PM,11/27/2025,
637,40.1,gf,2.810,mm,OK,--,12:43:29 PM,11/27/2025,
638,40.1,gf,2.815,mm,OK,--,12:43:29 PM,11/27/2025,
639,40.1,gf,2.820,mm,OK,--,12:43:29 PM,11/27/2025,
640,40.1,gf,2.825,mm,OK,--,12:43:29 PM,11/27/2025,
641,40.1,gf,2.835,mm,OK,--,12:43:29 PM,11/27/2025,
642,40.2,gf,2.835,mm,OK,--,12:43:29 PM,11/27/2025,
643,40.2,gf,2.840,mm,OK,--,12:43:29 PM,11/27/2025,
644,40.2,gf,2.845,mm,OK,--,12:43:30 PM,11/27/2025,
645,40.2,gf,2.850,mm,OK,--,12:43:30 PM,11/27/2025,
646,40.2,gf,2.850,mm,OK,--,12:43:30 PM,11/27/2025,
647,40.2,gf,2.855,mm,OK,--,12:43:30 PM,11/27/2025,
648,40.2,gf,2.855,mm,OK,--,12:43:30 PM,11/27/2025,
649,40.3,gf,2.860,mm,OK,--,12:43:30 PM,11/27/2025,
650,40.3,gf,2.870,mm,OK,--,12:43:30 PM,11/27/2025,
651,40.3,gf,2.875,mm,OK,--,12:43:30 PM,11/27/2025,
652,40.3,gf,2.885,mm,OK,--,12:43:30 PM,11/27/2025,
653,40.4,gf,2.895,mm,OK,--,12:43:30 PM,11/27/2025,
654,40.4,gf,2.900,mm,OK,--,12:43:31 PM,11/27/2025,
655,40.5,gf,2.910,mm,OK,--,12:43:31 PM,11/27/2025,
656,40.5,gf,2.920,mm,OK,--,12:43:31 PM,11/27/2025,
657,40.5,gf,2.930,mm,OK,--,12:43:31 PM,11/27/2025,
658,40.5,gf,2.940,mm,OK,--,12:43:31 PM,11/27/2025,
659,40.6,gf,2.950,mm,OK,--,12:43:31 PM,11/27/2025,
660,40.6,gf,2.955,mm,OK,--,12:43:31 PM,11/27/2025,
661,40.6,gf,2.960,mm,OK,--,12:43:31 PM,11/27/2025,
662,40.6,gf,2.970,mm,OK,--,12:43:31 PM,11/27/2025,
663,40.7,gf,2.975,mm,OK,--,12:43:31 PM,11/27/2025,
664,40.6,gf,2.980,mm,OK,--,12:43:32 PM,11/27/2025,
665,40.7,gf,2.985,mm,OK,--,12:43:32 PM,11/27/2025,
666,40.7,gf,2.990,mm,OK,--,12:43:32 PM,11/27/2025,
667,40.7,gf,2.995,mm,OK,--,12:43:32 PM,11/27/2025,
668,40.7,gf,3.000,mm,OK,--,12:43:32 PM,11/27/2025,
669,40.7,gf,3.000,mm,OK,--,12:43:32 PM,11/27/2025,
670,40.7,gf,3.005,mm,OK,--,12:43:32 PM,11/27/2025,
671,40.8,gf,3.010,mm,OK,--,12:43:32 PM,11/27/2025,
672,40.8,gf,3.015,mm,OK,--,12:43:32 PM,11/27/2025,
673,40.8,gf,3.020,mm,OK,--,12:43:32 PM,11/27/2025,
674,40.8,gf,3.025,mm,OK,--,12:43:33 PM,11/27/2025,
675,40.8,gf,3.030,mm,OK,--,12:43:33 PM,11/27/2025,
676,40.8,gf,3.035,mm,OK,--,12:43:33 PM,11/27/2025,
677,40.9,gf,3.040,mm,OK,--,12:43:33 PM,11/27/2025,
678,40.9,gf,3.050,mm,OK,--,12:43:33 PM,11/27/2025,
679,40.9,gf,3.055,mm,OK,--,12:43:33 PM,11/27/2025,
680,40.9,gf,3.060,mm,OK,--,12:43:33 PM,11/27/2025,
681,41.0,gf,3.070,mm,OK,--,12:43:33 PM,11/27/2025,
682,41.0,gf,3.080,mm,OK,--,12:43:33 PM,11/27/2025,
683,41.0,gf,3.085,mm,OK,--,12:43:33 PM,11/27/2025,
684,41.0,gf,3.090,mm,OK,--,12:43:34 PM,11/27/2025,
685,41.1,gf,3.100,mm,OK,--,12:43:34 PM,11/27/2025,
686,41.0,gf,3.105,mm,OK,--,12:43:34 PM,11/27/2025,
687,41.1,gf,3.110,mm,OK,--,12:43:34 PM,11/27/2025,
688,41.2,gf,3.115,mm,OK,--,12:43:34 PM,11/27/2025,
689,41.2,gf,3.120,mm,OK,--,12:43:34 PM,11/27/2025,
690,41.2,gf,3.125,mm,OK,--,12:43:34 PM,11/27/2025,
691,41.2,gf,3.130,mm,OK,--,12:43:34 PM,11/27/2025,
692,41.2,gf,3.135,mm,OK,--,12:43:34 PM,11/27/2025,
693,41.3,gf,3.140,mm,OK,--,12:43:34 PM,11/27/2025,
694,41.3,gf,3.145,mm,OK,--,12:43:35 PM,11/27/2025,
695,41.3,gf,3.150,mm,OK,--,12:43:35 PM,11/27/2025,
696,41.3,gf,3.155,mm,OK,--,12:43:35 PM,11/27/2025,
697,41.3,gf,3.160,mm,OK,--,12:43:35 PM,11/27/2025,
698,41.3,gf,3.165,mm,OK,--,12:43:35 PM,11/27/2025,
699,41.3,gf,3.170,mm,OK,--,12:43:35 PM,11/27/2025,
700,41.3,gf,3.175,mm,OK,--,12:43:35 PM,11/27/2025,
701,41.3,gf,3.180,mm,OK,--,12:43:35 PM,11/27/2025,
702,41.4,gf,3.185,mm,OK,--,12:43:35 PM,11/27/2025,
703,41.4,gf,3.185,mm,OK,--,12:43:35 PM,11/27/2025,
704,41.4,gf,3.190,mm,OK,--,12:43:36 PM,11/27/2025,
705,41.4,gf,3.190,mm,OK,--,12:43:36 PM,11/27/2025,
706,41.4,gf,3.195,mm,OK,--,12:43:36 PM,11/27/2025,
707,41.4,gf,3.195,mm,OK,--,12:43:36 PM,11/27/2025,
708,41.4,gf,3.200,mm,OK,--,12:43:36 PM,11/27/2025,
709,41.4,gf,3.200,mm,OK,--,12:43:36 PM,11/27/2025,
710,41.4,gf,3.200,mm,OK,--,12:43:36 PM,11/27/2025,
711,41.5,gf,3.205,mm,OK,--,12:43:36 PM,11/27/2025,
712,41.5,gf,3.205,mm,OK,--,12:43:36 PM,11/27/2025,
713,41.5,gf,3.210,mm,OK,--,12:43:36 PM,11/27/2025,
714,41.5,gf,3.210,mm,OK,--,12:43:37 PM,11/27/2025,
715,41.5,gf,3.215,mm,OK,--,12:43:37 PM,11/27/2025,
716,41.5,gf,3.215,mm,OK,--,12:43:37 PM,11/27/2025,
717,41.5,gf,3.215,mm,OK,--,12:43:37 PM,11/27/2025,
718,41.5,gf,3.220,mm,OK,--,12:43:37 PM,11/27/2025,
719,41.5,gf,3.220,mm,OK,--,12:43:37 PM,11/27/2025,
720,41.5,gf,3.225,mm,OK,--,12:43:37 PM,11/27/2025,
721,41.5,gf,3.230,mm,OK,--,12:43:37 PM,11/27/2025,
722,41.5,gf,3.230,mm,OK,--,12:43:37 PM,11/27/2025,
723,41.5,gf,3.235,mm,OK,--,12:43:37 PM,11/27/2025,
724,41.5,gf,3.235,mm,OK,--,12:43:38 PM,11/27/2025,
725,41.6,gf,3.240,mm,OK,--,12:43:38 PM,11/27/2025,
726,41.6,gf,3.240,mm,OK,--,12:43:38 PM,11/27/2025,
727,41.6,gf,3.240,mm,OK,--,12:43:38 PM,11/27/2025,
728,41.6,gf,3.245,mm,OK,--,12:43:38 PM,11/27/2025,
729,41.6,gf,3.245,mm,OK,--,12:43:38 PM,11/27/2025,
730,41.6,gf,3.250,mm,OK,--,12:43:38 PM,11/27/2025,
731,41.6,gf,3.250,mm,OK,--,12:43:38 PM,11/27/2025,
732,41.6,gf,3.250,mm,OK,--,12:43:38 PM,11/27/2025,
733,41.6,gf,3.255,mm,OK,--,12:43:38 PM,11/27/2025,
734,41.6,gf,3.255,mm,OK,--,12:43:39 PM,11/27/2025,
735,41.6,gf,3.255,mm,OK,--,12:43:39 PM,11/27/2025,
736,41.6,gf,3.260,mm,OK,--,12:43:39 PM,11/27/2025,
737,41.6,gf,3.260,mm,OK,--,12:43:39 PM,11/27/2025,
738,41.6,gf,3.260,mm,OK,--,12:43:39 PM,11/27/2025,
739,41.6,gf,3.260,mm,OK,--,12:43:39 PM,11/27/2025,
740,41.6,gf,3.265,mm,OK,--,12:43:39 PM,11/27/2025,
741,41.7,gf,3.265,mm,OK,--,12:43:39 PM,11/27/2025,
742,41.7,gf,3.265,mm,OK,--,12:43:39 PM,11/27/2025,
743,41.7,gf,3.270,mm,OK,--,12:43:39 PM,11/27/2025,
744,41.7,gf,3.270,mm,OK,--,12:43:40 PM,11/27/2025,
745,41.7,gf,3.270,mm,OK,--,12:43:40 PM,11/27/2025,
746,41.7,gf,3.275,mm,OK,--,12:43:40 PM,11/27/2025,
747,41.7,gf,3.275,mm,OK,--,12:43:40 PM,11/27/2025,
748,41.7,gf,3.280,mm,OK,--,12:43:40 PM,11/27/2025,
749,41.7,gf,3.280,mm,OK,--,12:43:40 PM,11/27/2025,
750,41.7,gf,3.285,mm,OK,--,12:43:40 PM,11/27/2025,
751,41.7,gf,3.285,mm,OK,--,12:43:40 PM,11/27/2025,
752,41.7,gf,3.290,mm,OK,--,12:43:40 PM,11/27/2025,
753,41.7,gf,3.295,mm,OK,--,12:43:40 PM,11/27/2025,
754,41.8,gf,3.295,mm,OK,--,12:43:41 PM,11/27/2025,
755,41.8,gf,3.300,mm,OK,--,12:43:41 PM,11/27/2025,
756,41.8,gf,3.300,mm,OK,--,12:43:41 PM,11/27/2025,
757,41.8,gf,3.305,mm,OK,--,12:43:41 PM,11/27/2025,
758,41.8,gf,3.305,mm,OK,--,12:43:41 PM,11/27/2025,
759,41.8,gf,3.310,mm,OK,--,12:43:41 PM,11/27/2025,
760,41.8,gf,3.310,mm,OK,--,12:43:41 PM,11/27/2025,
761,41.8,gf,3.315,mm,OK,--,12:43:41 PM,11/27/2025,
762,41.9,gf,3.315,mm,OK,--,12:43:41 PM,11/27/2025,
763,41.9,gf,3.315,mm,OK,--,12:43:41 PM,11/27/2025,
764,41.9,gf,3.320,mm,OK,--,12:43:42 PM,11/27/2025,
765,41.9,gf,3.320,mm,OK,--,12:43:42 PM,11/27/2025,
766,41.9,gf,3.325,mm,OK,--,12:43:42 PM,11/27/2025,
767,41.9,gf,3.330,mm,OK,--,12:43:42 PM,11/27/2025,
768,41.9,gf,3.330,mm,OK,--,12:43:42 PM,11/27/2025,
769,41.9,gf,3.335,mm,OK,--,12:43:42 PM,11/27/2025,
770,42.0,gf,3.340,mm,OK,--,12:43:42 PM,11/27/2025,
771,42.0,gf,3.340,mm,OK,--,12:43:42 PM,11/27/2025,
772,42.0,gf,3.345,mm,OK,--,12:43:42 PM,11/27/2025,
773,42.0,gf,3.345,mm,OK,--,12:43:42 PM,11/27/2025,
774,42.0,gf,3.350,mm,OK,--,12:43:43 PM,11/27/2025,
775,42.0,gf,3.355,mm,OK,--,12:43:43 PM,11/27/2025,
776,42.1,gf,3.360,mm,OK,--,12:43:43 PM,11/27/2025,
777,42.1,gf,3.365,mm,OK,--,12:43:43 PM,11/27/2025,
778,42.1,gf,3.370,mm,OK,--,12:43:43 PM,11/27/2025,
779,42.2,gf,3.375,mm,OK,--,12:43:43 PM,11/27/2025,
780,42.2,gf,3.385,mm,OK,--,12:43:43 PM,11/27/2025,
781,42.2,gf,3.390,mm,OK,--,12:43:43 PM,11/27/2025,
782,42.3,gf,3.400,mm,OK,--,12:43:43 PM,11/27/2025,
783,42.3,gf,3.405,mm,OK,--,12:43:43 PM,11/27/2025,
784,42.3,gf,3.410,mm,OK,--,12:43:44 PM,11/27/2025,
785,42.4,gf,3.415,mm,OK,--,12:43:44 PM,11/27/2025,
786,42.4,gf,3.420,mm,OK,--,12:43:44 PM,11/27/2025,
787,42.4,gf,3.430,mm,OK,--,12:43:44 PM,11/27/2025,
788,42.5,gf,3.435,mm,OK,--,12:43:44 PM,11/27/2025,
789,42.5,gf,3.440,mm,OK,--,12:43:44 PM,11/27/2025,
790,42.5,gf,3.450,mm,OK,--,12:43:44 PM,11/27/2025,
791,42.6,gf,3.455,mm,OK,--,12:43:44 PM,11/27/2025,
792,42.6,gf,3.460,mm,OK,--,12:43:44 PM,11/27/2025,
793,42.5,gf,3.465,mm,OK,--,12:43:44 PM,11/27/2025,
794,42.6,gf,3.470,mm,OK,--,12:43:45 PM,11/27/2025,
795,42.6,gf,3.475,mm,OK,--,12:43:45 PM,11/27/2025,
796,42.6,gf,3.480,mm,OK,--,12:43:45 PM,11/27/2025,
797,42.6,gf,3.480,mm,OK,--,12:43:45 PM,11/27/2025,
798,42.6,gf,3.485,mm,OK,--,12:43:45 PM,11/27/2025,
799,42.6,gf,3.485,mm,OK,--,12:43:45 PM,11/27/2025,
800,42.7,gf,3.485,mm,OK,--,12:43:45 PM,11/27/2025,
801,42.7,gf,3.490,mm,OK,--,12:43:45 PM,11/27/2025,
802,42.6,gf,3.490,mm,OK,--,12:43:45 PM,11/27/2025,
803,42.7,gf,3.490,mm,OK,--,12:43:45 PM,11/27/2025,
804,42.7,gf,3.495,mm,OK,--,12:43:46 PM,11/27/2025,
805,42.7,gf,3.495,mm,OK,--,12:43:46 PM,11/27/2025,
806,42.7,gf,3.495,mm,OK,--,12:43:46 PM,11/27/2025,
807,42.7,gf,3.495,mm,OK,--,12:43:46 PM,11/27/2025,
808,42.7,gf,3.495,mm,OK,--,12:43:46 PM,11/27/2025,
809,42.7,gf,3.495,mm,OK,--,12:43:46 PM,11/27/2025,
810,42.7,gf,3.495,mm,OK,--,12:43:46 PM,11/27/2025,
811,42.7,gf,3.495,mm,OK,--,12:43:46 PM,11/27/2025,
812,42.7,gf,3.495,mm,OK,--,12:43:46 PM,11/27/2025,
813,42.7,gf,3.495,mm,OK,--,12:43:46 PM,11/27/2025,
814,42.7,gf,3.500,mm,OK,--,12:43:47 PM,11/27/2025,
815,42.7,gf,3.500,mm,OK,--,12:43:47 PM,11/27/2025,
816,42.7,gf,3.500,mm,OK,--,12:43:47 PM,11/27/2025,
817,42.7,gf,3.505,mm,OK,--,12:43:47 PM,11/27/2025,
818,42.8,gf,3.505,mm,OK,--,12:43:47 PM,11/27/2025,
819,42.8,gf,3.510,mm,OK,--,12:43:47 PM,11/27/2025,
820,42.8,gf,3.515,mm,OK,--,12:43:47 PM,11/27/2025,
821,42.8,gf,3.525,mm,OK,--,12:43:47 PM,11/27/2025,
822,42.8,gf,3.525,mm,OK,--,12:43:47 PM,11/27/2025,
823,42.8,gf,3.530,mm,OK,--,12:43:47 PM,11/27/2025,
824,42.9,gf,3.535,mm,OK,--,12:43:48 PM,11/27/2025,
825,42.9,gf,3.540,mm,OK,--,12:43:48 PM,11/27/2025,
826,42.9,gf,3.540,mm,OK,--,12:43:48 PM,11/27/2025,
827,42.9,gf,3.540,mm,OK,--,12:43:48 PM,11/27/2025,
828,42.9,gf,3.545,mm,OK,--,12:43:48 PM,11/27/2025,
829,42.9,gf,3.550,mm,OK,--,12:43:48 PM,11/27/2025,
830,42.9,gf,3.555,mm,OK,--,12:43:48 PM,11/27/2025,
831,43.0,gf,3.560,mm,OK,--,12:43:48 PM,11/27/2025,
832,43.0,gf,3.565,mm,OK,--,12:43:48 PM,11/27/2025,
833,43.0,gf,3.570,mm,OK,--,12:43:48 PM,11/27/2025,
834,43.0,gf,3.570,mm,OK,--,12:43:49 PM,11/27/2025,
835,43.0,gf,3.575,mm,OK,--,12:43:49 PM,11/27/2025,
836,43.1,gf,3.580,mm,OK,--,12:43:49 PM,11/27/2025,
837,43.1,gf,3.580,mm,OK,--,12:43:49 PM,11/27/2025,
838,43.1,gf,3.585,mm,OK,--,12:43:49 PM,11/27/2025,
839,43.1,gf,3.590,mm,OK,--,12:43:49 PM,11/27/2025,
840,43.1,gf,3.590,mm,OK,--,12:43:49 PM,11/27/2025,
841,43.1,gf,3.595,mm,OK,--,12:43:49 PM,11/27/2025,
842,43.1,gf,3.600,mm,OK,--,12:43:49 PM,11/27/2025,
843,43.1,gf,3.600,mm,OK,--,12:43:49 PM,11/27/2025,
844,43.2,gf,3.605,mm,OK,--,12:43:50 PM,11/27/2025,
845,43.2,gf,3.610,mm,OK,--,12:43:50 PM,11/27/2025,
846,43.2,gf,3.615,mm,OK,--,12:43:50 PM,11/27/2025,
847,43.2,gf,3.620,mm,OK,--,12:43:50 PM,11/27/2025,
848,43.2,gf,3.625,mm,OK,--,12:43:50 PM,11/27/2025,
849,43.2,gf,3.630,mm,OK,--,12:43:50 PM,11/27/2025,
850,43.3,gf,3.635,mm,OK,--,12:43:50 PM,11/27/2025,
851,43.3,gf,3.640,mm,OK,--,12:43:50 PM,11/27/2025,
852,43.3,gf,3.645,mm,OK,--,12:43:50 PM,11/27/2025,
853,43.3,gf,3.650,mm,OK,--,12:43:50 PM,11/27/2025,
854,43.3,gf,3.655,mm,OK,--,12:43:51 PM,11/27/2025,
855,43.3,gf,3.655,mm,OK,--,12:43:51 PM,11/27/2025,
856,43.4,gf,3.660,mm,OK,--,12:43:51 PM,11/27/2025,
857,43.4,gf,3.665,mm,OK,--,12:43:51 PM,11/27/2025,
858,43.5,gf,3.670,mm,OK,--,12:43:51 PM,11/27/2025,
859,43.5,gf,3.675,mm,OK,--,12:43:51 PM,11/27/2025,
860,43.5,gf,3.680,mm,OK,--,12:43:51 PM,11/27/2025,
861,43.5,gf,3.685,mm,OK,--,12:43:51 PM,11/27/2025,
862,43.5,gf,3.690,mm,OK,--,12:43:51 PM,11/27/2025,
863,43.6,gf,3.695,mm,OK,--,12:43:51 PM,11/27/2025,
864,43.6,gf,3.700,mm,OK,--,12:43:52 PM,11/27/2025,
865,43.6,gf,3.705,mm,OK,--,12:43:52 PM,11/27/2025,
866,43.6,gf,3.710,mm,OK,--,12:43:52 PM,11/27/2025,
867,43.6,gf,3.720,mm,OK,--,12:43:52 PM,11/27/2025,
868,43.8,gf,3.725,mm,OK,--,12:43:52 PM,11/27/2025,
869,43.8,gf,3.730,mm,OK,--,12:43:52 PM,11/27/2025,
870,43.8,gf,3.735,mm,OK,--,12:43:52 PM,11/27/2025,
871,43.8,gf,3.740,mm,OK,--,12:43:52 PM,11/27/2025,
872,43.9,gf,3.745,mm,OK,--,12:43:52 PM,11/27/2025,
873,43.9,gf,3.750,mm,OK,--,12:43:52 PM,11/27/2025,
874,43.9,gf,3.750,mm,OK,--,12:43:53 PM,11/27/2025,
875,43.9,gf,3.755,mm,OK,--,12:43:53 PM,11/27/2025,
876,43.9,gf,3.760,mm,OK,--,12:43:53 PM,11/27/2025,
877,43.9,gf,3.765,mm,OK,--,12:43:53 PM,11/27/2025,
878,43.9,gf,3.765,mm,OK,--,12:43:53 PM,11/27/2025,
879,43.9,gf,3.770,mm,OK,--,12:43:53 PM,11/27/2025,
880,43.9,gf,3.770,mm,OK,--,12:43:53 PM,11/27/2025,
881,44.0,gf,3.770,mm,OK,--,12:43:53 PM,11/27/2025,
882,44.0,gf,3.770,mm,OK,--,12:43:53 PM,11/27/2025,
883,44.0,gf,3.775,mm,OK,--,12:43:53 PM,11/27/2025,
884,44.0,gf,3.775,mm,OK,--,12:43:54 PM,11/27/2025,
885,44.0,gf,3.775,mm,OK,--,12:43:54 PM,11/27/2025,
886,44.0,gf,3.780,mm,OK,--,12:43:54 PM,11/27/2025,
887,44.0,gf,3.780,mm,OK,--,12:43:54 PM,11/27/2025,
888,44.0,gf,3.780,mm,OK,--,12:43:54 PM,11/27/2025,
889,44.0,gf,3.780,mm,OK,--,12:43:54 PM,11/27/2025,
890,44.0,gf,3.785,mm,OK,--,12:43:54 PM,11/27/2025,
891,44.0,gf,3.785,mm,OK,--,12:43:54 PM,11/27/2025,
892,44.0,gf,3.790,mm,OK,--,12:43:54 PM,11/27/2025,
893,44.1,gf,3.795,mm,OK,--,12:43:54 PM,11/27/2025,
894,44.2,gf,3.800,mm,OK,--,12:43:55 PM,11/27/2025,
895,44.1,gf,3.805,mm,OK,--,12:43:55 PM,11/27/2025,
896,44.1,gf,3.810,mm,OK,--,12:43:55 PM,11/27/2025,
897,44.2,gf,3.815,mm,OK,--,12:43:55 PM,11/27/2025,
898,44.3,gf,3.815,mm,OK,--,12:43:55 PM,11/27/2025,
899,44.3,gf,3.820,mm,OK,--,12:43:55 PM,11/27/2025,
900,44.4,gf,3.825,mm,OK,--,12:43:55 PM,11/27/2025,
901,44.4,gf,3.830,mm,OK,--,12:43:55 PM,11/27/2025,
902,45.4,gf,3.835,mm,OK,--,12:43:55 PM,11/27/2025,
903,50.7,gf,3.840,mm,OK,--,12:43:55 PM,11/27/2025,
904,56.8,gf,3.845,mm,OK,--,12:43:56 PM,11/27/2025,
905,62.2,gf,3.850,mm,OK,--,12:43:56 PM,11/27/2025,
906,71.7,gf,3.860,mm,OK,--,12:43:56 PM,11/27/2025,
907,81.3,gf,3.870,mm,OK,--,12:43:56 PM,11/27/2025,
908,88.7,gf,3.880,mm,OK,--,12:43:56 PM,11/27/2025,
909,96.3,gf,3.890,mm,OK,--,12:43:56 PM,11/27/2025,
910,102.5,gf,3.895,mm,OK,--,12:43:56 PM,11/27/2025,
911,109.2,gf,3.900,mm,OK,--,12:43:56 PM,11/27/2025,
912,117.7,gf,3.910,mm,OK,--,12:43:56 PM,11/27/2025,
913,126.4,gf,3.920,mm,OK,--,12:43:56 PM,11/27/2025,
914,132.5,gf,3.925,mm,OK,--,12:43:57 PM,11/27/2025,
915,136.7,gf,3.925,mm,OK,--,12:43:57 PM,11/27/2025,
916,140.2,gf,3.930,mm,OK,--,12:43:57 PM,11/27/2025,
917,143.4,gf,3.935,mm,OK,--,12:43:57 PM,11/27/2025,
918,146.3,gf,3.935,mm,OK,--,12:43:57 PM,11/27/2025,
919,149.3,gf,3.940,mm,OK,--,12:43:57 PM,11/27/2025,
920,151.5,gf,3.940,mm,OK,--,12:43:57 PM,11/27/2025,
921,153.2,gf,3.945,mm,OK,--,12:43:57 PM,11/27/2025,
922,154.9,gf,3.945,mm,OK,--,12:43:57 PM,11/27/2025,
923,156.7,gf,3.945,mm,OK,--,12:43:57 PM,11/27/2025,
924,158.2,gf,3.950,mm,OK,--,12:43:58 PM,11/27/2025,
925,159.5,gf,3.950,mm,OK,--,12:43:58 PM,11/27/2025,
926,161.2,gf,3.950,mm,OK,--,12:43:58 PM,11/27/2025,
927,163.1,gf,3.955,mm,OK,--,12:43:58 PM,11/27/2025,
928,164.5,gf,3.955,mm,OK,--,12:43:58 PM,11/27/2025,
929,165.7,gf,3.955,mm,OK,--,12:43:58 PM,11/27/2025,
930,166.9,gf,3.955,mm,OK,--,12:43:58 PM,11/27/2025,
931,168.1,gf,3.960,mm,OK,--,12:43:58 PM,11/27/2025,
932,169.6,gf,3.960,mm,OK,--,12:43:58 PM,11/27/2025,
933,171.4,gf,3.960,mm,OK,--,12:43:58 PM,11/27/2025,
934,173.6,gf,3.965,mm,OK,--,12:43:59 PM,11/27/2025,
935,176.2,gf,3.965,mm,OK,--,12:43:59 PM,11/27/2025,
936,179.3,gf,3.970,mm,OK,--,12:43:59 PM,11/27/2025,
937,182.2,gf,3.970,mm,OK,--,12:43:59 PM,11/27/2025,
938,185.3,gf,3.975,mm,OK,--,12:43:59 PM,11/27/2025,
939,187.7,gf,3.975,mm,OK,--,12:43:59 PM,11/27/2025,
940,189.4,gf,3.980,mm,OK,--,12:43:59 PM,11/27/2025,
941,191.1,gf,3.980,mm,OK,--,12:43:59 PM,11/27/2025,
942,191.9,gf,3.980,mm,OK,--,12:43:59 PM,11/27/2025,
943,192.5,gf,3.980,mm,OK,--,12:43:59 PM,11/27/2025,
944,192.5,gf,3.980,mm,OK,--,12:44:00 PM,11/27/2025,
945,192.4,gf,3.980,mm,OK,--,12:44:00 PM,11/27/2025,
946,192.3,gf,3.980,mm,OK,--,12:44:00 PM,11/27/2025,
947,192.2,gf,3.980,mm,OK,--,12:44:00 PM,11/27/2025,
948,192.2,gf,3.980,mm,OK,--,12:44:00 PM,11/27/2025,
949,192.1,gf,3.980,mm,OK,--,12:44:00 PM,11/27/2025,
950,192.1,gf,3.980,mm,OK,--,12:44:00 PM,11/27/2025,
951,192.1,gf,3.980,mm,OK,--,12:44:00 PM,11/27/2025,
952,192.1,gf,3.980,mm,OK,--,12:44:00 PM,11/27/2025,
953,192.0,gf,3.980,mm,OK,--,12:44:00 PM,11/27/2025,
954,192.1,gf,3.980,mm,OK,--,12:44:01 PM,11/27/2025,
955,192.1,gf,3.980,mm,OK,--,12:44:01 PM,11/27/2025,
956,192.0,gf,3.980,mm,OK,--,12:44:01 PM,11/27/2025,
957,192.0,gf,3.980,mm,OK,--,12:44:01 PM,11/27/2025,
958,191.9,gf,3.980,mm,OK,--,12:44:01 PM,11/27/2025,
959,191.9,gf,3.980,mm,OK,--,12:44:01 PM,11/27/2025,
960,191.8,gf,3.980,mm,OK,--,12:44:01 PM,11/27/2025,
961,191.8,gf,3.980,mm,OK,--,12:44:01 PM,11/27/2025,
962,191.5,gf,3.980,mm,OK,--,12:44:01 PM,11/27/2025,
963,191.3,gf,3.980,mm,OK,--,12:44:01 PM,11/27/2025,
964,191.1,gf,3.980,mm,OK,--,12:44:02 PM,11/27/2025,
965,190.7,gf,3.980,mm,OK,--,12:44:02 PM,11/27/2025,
966,189.6,gf,3.980,mm,OK,--,12:44:02 PM,11/27/2025,
967,186.2,gf,3.980,mm,OK,--,12:44:02 PM,11/27/2025,
968,184.1,gf,3.975,mm,OK,--,12:44:02 PM,11/27/2025,
969,183.0,gf,3.975,mm,OK,--,12:44:02 PM,11/27/2025,
970,182.1,gf,3.975,mm,OK,--,12:44:02 PM,11/27/2025,
971,180.9,gf,3.975,mm,OK,--,12:44:02 PM,11/27/2025,
972,179.5,gf,3.970,mm,OK,--,12:44:02 PM,11/27/2025,
973,179.0,gf,3.970,mm,OK,--,12:44:02 PM,11/27/2025,
974,178.5,gf,3.970,mm,OK,--,12:44:03 PM,11/27/2025,
975,178.2,gf,3.970,mm,OK,--,12:44:03 PM,11/27/2025,
976,177.6,gf,3.970,mm,OK,--,12:44:03 PM,11/27/2025,
977,176.4,gf,3.970,mm,OK,--,12:44:03 PM,11/27/2025,
978,175.7,gf,3.970,mm,OK,--,12:44:03 PM,11/27/2025,
979,175.0,gf,3.970,mm,OK,--,12:44:03 PM,11/27/2025,
980,174.7,gf,3.970,mm,OK,--,12:44:03 PM,11/27/2025,
981,174.4,gf,3.970,mm,OK,--,12:44:03 PM,11/27/2025,
982,174.2,gf,3.965,mm,OK,--,12:44:03 PM,11/27/2025,
983,174.2,gf,3.965,mm,OK,--,12:44:03 PM,11/27/2025,
984,174.1,gf,3.965,mm,OK,--,12:44:04 PM,11/27/2025,
985,174.0,gf,3.965,mm,OK,--,12:44:04 PM,11/27/2025,
986,173.5,gf,3.965,mm,OK,--,12:44:04 PM,11/27/2025,
987,172.7,gf,3.965,mm,OK,--,12:44:04 PM,11/27/2025,
988,171.5,gf,3.965,mm,OK,--,12:44:04 PM,11/27/2025,
989,170.9,gf,3.965,mm,OK,--,12:44:04 PM,11/27/2025,
990,170.6,gf,3.965,mm,OK,--,12:44:04 PM,11/27/2025,
991,170.1,gf,3.965,mm,OK,--,12:44:04 PM,11/27/2025,
992,169.8,gf,3.965,mm,OK,--,12:44:04 PM,11/27/2025,
993,169.3,gf,3.965,mm,OK,--,12:44:04 PM,11/27/2025,
994,168.8,gf,3.960,mm,OK,--,12:44:05 PM,11/27/2025,
995,168.6,gf,3.960,mm,OK,--,12:44:05 PM,11/27/2025,
996,168.5,gf,3.960,mm,OK,--,12:44:05 PM,11/27/2025,
997,168.2,gf,3.960,mm,OK,--,12:44:05 PM,11/27/2025,
998,168.1,gf,3.960,mm,OK,--,12:44:05 PM,11/27/2025,
999,168.0,gf,3.960,mm,OK,--,12:44:05 PM,11/27/2025,
1000,167.7,gf,3.960,mm,OK,--,12:44:05 PM,11/27/2025,
1001,167.3,gf,3.960,mm,OK,--,12:44:05 PM,11/27/2025,
1002,166.6,gf,3.960,mm,OK,--,12:44:05 PM,11/27/2025,
1003,166.0,gf,3.960,mm,OK,--,12:44:05 PM,11/27/2025,
1004,165.5,gf,3.960,mm,OK,--,12:44:06 PM,11/27/2025,
1005,165.0,gf,3.960,mm,OK,--,12:44:06 PM,11/27/2025,
1006,164.8,gf,3.960,mm,OK,--,12:44:06 PM,11/27/2025,
1007,164.5,gf,3.960,mm,OK,--,12:44:06 PM,11/27/2025,
1008,164.3,gf,3.960,mm,OK,--,12:44:06 PM,11/27/2025,
1009,163.9,gf,3.960,mm,OK,--,12:44:06 PM,11/27/2025,
1010,163.4,gf,3.955,mm,OK,--,12:44:06 PM,11/27/2025,
1011,162.7,gf,3.955,mm,OK,--,12:44:06 PM,11/27/2025,
1012,162.1,gf,3.955,mm,OK,--,12:44:06 PM,11/27/2025,
1013,161.5,gf,3.955,mm,OK,--,12:44:06 PM,11/27/2025,
1014,161.0,gf,3.955,mm,OK,--,12:44:07 PM,11/27/2025,
1015,160.4,gf,3.955,mm,OK,--,12:44:07 PM,11/27/2025,
1016,159.7,gf,3.955,mm,OK,--,12:44:07 PM,11/27/2025,
1017,159.0,gf,3.955,mm,OK,--,12:44:07 PM,11/27/2025,
1018,158.1,gf,3.950,mm,OK,--,12:44:07 PM,11/27/2025,
1019,156.9,gf,3.950,mm,OK,--,12:44:07 PM,11/27/2025,
1020,155.4,gf,3.950,mm,OK,--,12:44:07 PM,11/27/2025,
1021,154.6,gf,3.950,mm,OK,--,12:44:07 PM,11/27/2025,
1022,154.1,gf,3.950,mm,OK,--,12:44:07 PM,11/27/2025,
1023,153.6,gf,3.950,mm,OK,--,12:44:07 PM,11/27/2025,
1024,153.2,gf,3.945,mm,OK,--,12:44:08 PM,11/27/2025,
1025,152.7,gf,3.945,mm,OK,--,12:44:08 PM,11/27/2025,
1026,152.0,gf,3.945,mm,OK,--,12:44:08 PM,11/27/2025,
1027,151.4,gf,3.945,mm,OK,--,12:44:08 PM,11/27/2025,
1028,150.7,gf,3.945,mm,OK,--,12:44:08 PM,11/27/2025,
1029,149.8,gf,3.945,mm,OK,--,12:44:08 PM,11/27/2025,
1030,148.9,gf,3.945,mm,OK,--,12:44:08 PM,11/27/2025,
1031,147.6,gf,3.940,mm,OK,--,12:44:08 PM,11/27/2025,
1032,146.3,gf,3.940,mm,OK,--,12:44:08 PM,11/27/2025,
1033,145.0,gf,3.940,mm,OK,--,12:44:08 PM,11/27/2025,
1034,143.7,gf,3.940,mm,OK,--,12:44:09 PM,11/27/2025,
1035,142.3,gf,3.935,mm,OK,--,12:44:09 PM,11/27/2025,
1036,140.3,gf,3.935,mm,OK,--,12:44:09 PM,11/27/2025,
1037,136.9,gf,3.930,mm,OK,--,12:44:09 PM,11/27/2025,
1038,132.4,gf,3.930,mm,OK,--,12:44:09 PM,11/27/2025,
1039,128.1,gf,3.925,mm,OK,--,12:44:09 PM,11/27/2025,
1040,123.7,gf,3.920,mm,OK,--,12:44:09 PM,11/27/2025,
1041,118.4,gf,3.915,mm,OK,--,12:44:09 PM,11/27/2025,
1042,112.7,gf,3.910,mm,OK,--,12:44:09 PM,11/27/2025,
1043,107.4,gf,3.905,mm,OK,--,12:44:09 PM,11/27/2025,
1044,102.8,gf,3.900,mm,OK,--,12:44:10 PM,11/27/2025,
1045,98.0,gf,3.895,mm,OK,--,12:44:10 PM,11/27/2025,
1046,93.7,gf,3.890,mm,OK,--,12:44:10 PM,11/27/2025,
1047,88.9,gf,3.885,mm,OK,--,12:44:10 PM,11/27/2025,
1048,84.0,gf,3.880,mm,OK,--,12:44:10 PM,11/27/2025,
1049,80.5,gf,3.880,mm,OK,--,12:44:10 PM,11/27/2025,
1050,77.2,gf,3.875,mm,OK,--,12:44:10 PM,11/27/2025,
1051,73.7,gf,3.870,mm,OK,--,12:44:10 PM,11/27/2025,
1052,70.3,gf,3.870,mm,OK,--,12:44:10 PM,11/27/2025,
1053,67.5,gf,3.865,mm,OK,--,12:44:10 PM,11/27/2025,
1054,65.6,gf,3.865,mm,OK,--,12:44:11 PM,11/27/2025,
1055,63.9,gf,3.860,mm,OK,--,12:44:11 PM,11/27/2025,
1056,62.5,gf,3.860,mm,OK,--,12:44:11 PM,11/27/2025,
1057,61.7,gf,3.860,mm,OK,--,12:44:11 PM,11/27/2025,
1058,61.0,gf,3.860,mm,OK,--,12:44:11 PM,11/27/2025,
1059,60.2,gf,3.855,mm,OK,--,12:44:11 PM,11/27/2025,
1060,59.4,gf,3.855,mm,OK,--,12:44:11 PM,11/27/2025,
1061,58.1,gf,3.855,mm,OK,--,12:44:11 PM,11/27/2025,
1062,56.8,gf,3.855,mm,OK,--,12:44:11 PM,11/27/2025,
1063,55.7,gf,3.855,mm,OK,--,12:44:11 PM,11/27/2025,
1064,54.7,gf,3.850,mm,OK,--,12:44:12 PM,11/27/2025,
1065,53.9,gf,3.850,mm,OK,--,12:44:12 PM,11/27/2025,
1066,53.1,gf,3.850,mm,OK,--,12:44:12 PM,11/27/2025,
1067,52.7,gf,3.850,mm,OK,--,12:44:12 PM,11/27/2025,
1068,52.0,gf,3.850,mm,OK,--,12:44:12 PM,11/27/2025,
1069,50.9,gf,3.845,mm,OK,--,12:44:12 PM,11/27/2025,
1070,50.2,gf,3.845,mm,OK,--,12:44:12 PM,11/27/2025,
1071,49.7,gf,3.845,mm,OK,--,12:44:12 PM,11/27/2025,
1072,49.5,gf,3.845,mm,OK,--,12:44:12 PM,11/27/2025,
1073,49.1,gf,3.845,mm,OK,--,12:44:12 PM,11/27/2025,
1074,48.6,gf,3.845,mm,OK,--,12:44:13 PM,11/27/2025,
1075,48.1,gf,3.845,mm,OK,--,12:44:13 PM,11/27/2025,
1076,47.2,gf,3.845,mm,OK,--,12:44:13 PM,11/27/2025,
1077,46.4,gf,3.840,mm,OK,--,12:44:13 PM,11/27/2025,
1078,46.1,gf,3.840,mm,OK,--,12:44:13 PM,11/27/2025,
1079,46.1,gf,3.840,mm,OK,--,12:44:13 PM,11/27/2025,
1080,46.0,gf,3.840,mm,OK,--,12:44:13 PM,11/27/2025,
1081,46.1,gf,3.840,mm,OK,--,12:44:13 PM,11/27/2025,
1082,45.8,gf,3.840,mm,OK,--,12:44:13 PM,11/27/2025,
1083,45.3,gf,3.840,mm,OK,--,12:44:13 PM,11/27/2025,
1084,45.1,gf,3.840,mm,OK,--,12:44:14 PM,11/27/2025,
1085,44.7,gf,3.840,mm,OK,--,12:44:14 PM,11/27/2025,
1086,44.4,gf,3.840,mm,OK,--,12:44:14 PM,11/27/2025,
1087,44.0,gf,3.840,mm,OK,--,12:44:14 PM,11/27/2025,
1088,43.6,gf,3.840,mm,OK,--,12:44:14 PM,11/27/2025,
1089,43.6,gf,3.835,mm,OK,--,12:44:14 PM,11/27/2025,
1090,43.6,gf,3.835,mm,OK,--,12:44:14 PM,11/27/2025,
1091,43.6,gf,3.835,mm,OK,--,12:44:14 PM,11/27/2025,
1092,43.6,gf,3.835,mm,OK,--,12:44:14 PM,11/27/2025,
1093,43.6,gf,3.835,mm,OK,--,12:44:14 PM,11/27/2025,
1094,43.5,gf,3.830,mm,OK,--,12:44:15 PM,11/27/2025,
1095,43.5,gf,3.830,mm,OK,--,12:44:15 PM,11/27/2025,
1096,43.3,gf,3.820,mm,OK,--,12:44:15 PM,11/27/2025,
1097,43.2,gf,3.810,mm,OK,--,12:44:15 PM,11/27/2025,
1098,42.9,gf,3.800,mm,OK,--,12:44:15 PM,11/27/2025,
1099,43.0,gf,3.785,mm,OK,--,12:44:15 PM,11/27/2025,
1100,42.9,gf,3.775,mm,OK,--,12:44:15 PM,11/27/2025,
1101,42.8,gf,3.765,mm,OK,--,12:44:15 PM,11/27/2025,
1102,43.0,gf,3.760,mm,OK,--,12:44:15 PM,11/27/2025,
1103,42.9,gf,3.755,mm,OK,--,12:44:15 PM,11/27/2025,
1104,42.9,gf,3.745,mm,OK,--,12:44:16 PM,11/27/2025,
1105,42.8,gf,3.740,mm,OK,--,12:44:16 PM,11/27/2025,
1106,42.8,gf,3.735,mm,OK,--,12:44:16 PM,11/27/2025,
1107,42.7,gf,3.730,mm,OK,--,12:44:16 PM,11/27/2025,
1108,42.6,gf,3.725,mm,OK,--,12:44:16 PM,11/27/2025,
1109,42.6,gf,3.720,mm,OK,--,12:44:16 PM,11/27/2025,
1110,42.6,gf,3.715,mm,OK,--,12:44:16 PM,11/27/2025,
1111,42.6,gf,3.705,mm,OK,--,12:44:16 PM,11/27/2025,
1112,42.6,gf,3.700,mm,OK,--,12:44:16 PM,11/27/2025,
1113,42.5,gf,3.690,mm,OK,--,12:44:16 PM,11/27/2025,
1114,42.5,gf,3.680,mm,OK,--,12:44:17 PM,11/27/2025,
1115,42.6,gf,3.670,mm,OK,--,12:44:17 PM,11/27/2025,
1116,42.4,gf,3.660,mm,OK,--,12:44:17 PM,11/27/2025,
1117,42.4,gf,3.650,mm,OK,--,12:44:17 PM,11/27/2025,
1118,42.4,gf,3.640,mm,OK,--,12:44:17 PM,11/27/2025,
1119,42.4,gf,3.635,mm,OK,--,12:44:17 PM,11/27/2025,
1120,42.3,gf,3.625,mm,OK,--,12:44:17 PM,11/27/2025,
1121,42.3,gf,3.615,mm,OK,--,12:44:17 PM,11/27/2025,
1122,42.4,gf,3.605,mm,OK,--,12:44:17 PM,11/27/2025,
1123,42.3,gf,3.590,mm,OK,--,12:44:17 PM,11/27/2025,
1124,42.3,gf,3.575,mm,OK,--,12:44:18 PM,11/27/2025,
1125,42.2,gf,3.565,mm,OK,--,12:44:18 PM,11/27/2025,
1126,42.1,gf,3.550,mm,OK,--,12:44:18 PM,11/27/2025,
1127,42.1,gf,3.540,mm,OK,--,12:44:18 PM,11/27/2025,
1128,42.1,gf,3.535,mm,OK,--,12:44:18 PM,11/27/2025,
1129,42.0,gf,3.525,mm,OK,--,12:44:18 PM,11/27/2025,
1130,42.1,gf,3.515,mm,OK,--,12:44:18 PM,11/27/2025,
1131,42.0,gf,3.505,mm,OK,--,12:44:18 PM,11/27/2025,
1132,42.0,gf,3.500,mm,OK,--,12:44:18 PM,11/27/2025,
1133,42.0,gf,3.490,mm,OK,--,12:44:18 PM,11/27/2025,
1134,42.0,gf,3.475,mm,OK,--,12:44:19 PM,11/27/2025,
1135,41.9,gf,3.470,mm,OK,--,12:44:19 PM,11/27/2025,
1136,41.9,gf,3.460,mm,OK,--,12:44:19 PM,11/27/2025,
1137,41.8,gf,3.450,mm,OK,--,12:44:19 PM,11/27/2025,
1138,41.8,gf,3.435,mm,OK,--,12:44:19 PM,11/27/2025,
1139,41.8,gf,3.425,mm,OK,--,12:44:19 PM,11/27/2025,
1140,41.7,gf,3.415,mm,OK,--,12:44:19 PM,11/27/2025,
1141,41.7,gf,3.405,mm,OK,--,12:44:19 PM,11/27/2025,
1142,41.7,gf,3.400,mm,OK,--,12:44:19 PM,11/27/2025,
1143,41.7,gf,3.390,mm,OK,--,12:44:19 PM,11/27/2025,
1144,41.7,gf,3.385,mm,OK,--,12:44:20 PM,11/27/2025,
1145,41.6,gf,3.375,mm,OK,--,12:44:20 PM,11/27/2025,
1146,41.6,gf,3.370,mm,OK,--,12:44:20 PM,11/27/2025,
1147,41.6,gf,3.360,mm,OK,--,12:44:20 PM,11/27/2025,
1148,41.6,gf,3.355,mm,OK,--,12:44:20 PM,11/27/2025,
1149,41.5,gf,3.345,mm,OK,--,12:44:20 PM,11/27/2025,
1150,41.6,gf,3.340,mm,OK,--,12:44:20 PM,11/27/2025,
1151,41.5,gf,3.330,mm,OK,--,12:44:20 PM,11/27/2025,
1152,41.5,gf,3.325,mm,OK,--,12:44:20 PM,11/27/2025,
1153,41.5,gf,3.320,mm,OK,--,12:44:20 PM,11/27/2025,
1154,41.4,gf,3.315,mm,OK,--,12:44:21 PM,11/27/2025,
1155,41.4,gf,3.310,mm,OK,--,12:44:21 PM,11/27/2025,
1156,41.4,gf,3.305,mm,OK,--,12:44:21 PM,11/27/2025,
1157,41.4,gf,3.300,mm,OK,--,12:44:21 PM,11/27/2025,
1158,41.4,gf,3.300,mm,OK,--,12:44:21 PM,11/27/2025,
1159,41.4,gf,3.295,mm,OK,--,12:44:21 PM,11/27/2025,
1160,41.4,gf,3.290,mm,OK,--,12:44:21 PM,11/27/2025,
1161,41.4,gf,3.290,mm,OK,--,12:44:21 PM,11/27/2025,
1162,41.4,gf,3.285,mm,OK,--,12:44:21 PM,11/27/2025,
1163,41.4,gf,3.280,mm,OK,--,12:44:21 PM,11/27/2025,
1164,41.4,gf,3.275,mm,OK,--,12:44:22 PM,11/27/2025,
1165,41.3,gf,3.275,mm,OK,--,12:44:22 PM,11/27/2025,
1166,41.3,gf,3.270,mm,OK,--,12:44:22 PM,11/27/2025,
1167,41.3,gf,3.265,mm,OK,--,12:44:22 PM,11/27/2025,
1168,41.2,gf,3.260,mm,OK,--,12:44:22 PM,11/27/2025,
1169,41.3,gf,3.255,mm,OK,--,12:44:22 PM,11/27/2025,
1170,41.2,gf,3.250,mm,OK,--,12:44:22 PM,11/27/2025,
1171,41.2,gf,3.240,mm,OK,--,12:44:22 PM,11/27/2025,
1172,41.2,gf,3.235,mm,OK,--,12:44:22 PM,11/27/2025,
1173,41.1,gf,3.230,mm,OK,--,12:44:22 PM,11/27/2025,
1174,41.2,gf,3.225,mm,OK,--,12:44:23 PM,11/27/2025,
1175,41.1,gf,3.215,mm,OK,--,12:44:23 PM,11/27/2025,
1176,41.1,gf,3.210,mm,OK,--,12:44:23 PM,11/27/2025,
1177,41.1,gf,3.205,mm,OK,--,12:44:23 PM,11/27/2025,
1178,41.1,gf,3.200,mm,OK,--,12:44:23 PM,11/27/2025,
1179,41.0,gf,3.195,mm,OK,--,12:44:23 PM,11/27/2025,
1180,41.0,gf,3.190,mm,OK,--,12:44:23 PM,11/27/2025,
1181,41.0,gf,3.180,mm,OK,--,12:44:23 PM,11/27/2025,
1182,41.0,gf,3.175,mm,OK,--,12:44:23 PM,11/27/2025,
1183,41.0,gf,3.170,mm,OK,--,12:44:23 PM,11/27/2025,
1184,40.9,gf,3.160,mm,OK,--,12:44:24 PM,11/27/2025,
1185,40.9,gf,3.155,mm,OK,--,12:44:24 PM,11/27/2025,
1186,40.8,gf,3.150,mm,OK,--,12:44:24 PM,11/27/2025,
1187,40.8,gf,3.140,mm,OK,--,12:44:24 PM,11/27/2025,
1188,40.8,gf,3.135,mm,OK,--,12:44:24 PM,11/27/2025,
1189,40.8,gf,3.125,mm,OK,--,12:44:24 PM,11/27/2025,
1190,40.8,gf,3.120,mm,OK,--,12:44:24 PM,11/27/2025,
1191,40.8,gf,3.115,mm,OK,--,12:44:24 PM,11/27/2025,
1192,40.8,gf,3.110,mm,OK,--,12:44:24 PM,11/27/2025,
1193,40.7,gf,3.105,mm,OK,--,12:44:24 PM,11/27/2025,
1194,40.7,gf,3.100,mm,OK,--,12:44:25 PM,11/27/2025,
1195,40.7,gf,3.095,mm,OK,--,12:44:25 PM,11/27/2025,
1196,40.7,gf,3.090,mm,OK,--,12:44:25 PM,11/27/2025,
1197,40.7,gf,3.090,mm,OK,--,12:44:25 PM,11/27/2025,
1198,40.6,gf,3.085,mm,OK,--,12:44:25 PM,11/27/2025,
1199,40.7,gf,3.080,mm,OK,--,12:44:25 PM,11/27/2025,
1200,40.6,gf,3.070,mm,OK,--,12:44:25 PM,11/27/2025,
1201,40.6,gf,3.065,mm,OK,--,12:44:25 PM,11/27/2025,
1202,40.5,gf,3.060,mm,OK,--,12:44:25 PM,11/27/2025,
1203,40.5,gf,3.055,mm,OK,--,12:44:25 PM,11/27/2025,
1204,40.5,gf,3.045,mm,OK,--,12:44:26 PM,11/27/2025,
1205,40.5,gf,3.040,mm,OK,--,12:44:26 PM,11/27/2025,
1206,40.5,gf,3.030,mm,OK,--,12:44:26 PM,11/27/2025,
1207,40.4,gf,3.020,mm,OK,--,12:44:26 PM,11/27/2025,
1208,40.4,gf,3.010,mm,OK,--,12:44:26 PM,11/27/2025,
1209,40.3,gf,2.990,mm,OK,--,12:44:26 PM,11/27/2025,
1210,40.3,gf,2.975,mm,OK,--,12:44:26 PM,11/27/2025,
1211,40.2,gf,2.965,mm,OK,--,12:44:26 PM,11/27/2025,
1212,40.2,gf,2.955,mm,OK,--,12:44:26 PM,11/27/2025,
1213,40.2,gf,2.950,mm,OK,--,12:44:26 PM,11/27/2025,
1214,40.2,gf,2.940,mm,OK,--,12:44:27 PM,11/27/2025,
1215,40.1,gf,2.930,mm,OK,--,12:44:27 PM,11/27/2025,
1216,40.1,gf,2.925,mm,OK,--,12:44:27 PM,11/27/2025,
1217,40.1,gf,2.920,mm,OK,--,12:44:27 PM,11/27/2025,
1218,40.1,gf,2.915,mm,OK,--,12:44:27 PM,11/27/2025,
1219,40.1,gf,2.905,mm,OK,--,12:44:27 PM,11/27/2025,
1220,40.1,gf,2.900,mm,OK,--,12:44:27 PM,11/27/2025,
1221,40.0,gf,2.895,mm,OK,--,12:44:27 PM,11/27/2025,
1222,40.0,gf,2.890,mm,OK,--,12:44:27 PM,11/27/2025,
1223,40.0,gf,2.885,mm,OK,--,12:44:27 PM,11/27/2025,
1224,40.0,gf,2.880,mm,OK,--,12:44:28 PM,11/27/2025,
1225,40.0,gf,2.870,mm,OK,--,12:44:28 PM,11/27/2025,
1226,39.9,gf,2.865,mm,OK,--,12:44:28 PM,11/27/2025,
1227,39.8,gf,2.855,mm,OK,--,12:44:28 PM,11/27/2025,
1228,39.8,gf,2.845,mm,OK,--,12:44:28 PM,11/27/2025,
1229,39.8,gf,2.835,mm,OK,--,12:44:28 PM,11/27/2025,
1230,39.7,gf,2.820,mm,OK,--,12:44:28 PM,11/27/2025,
1231,39.7,gf,2.810,mm,OK,--,12:44:28 PM,11/27/2025,
1232,39.7,gf,2.800,mm,OK,--,12:44:28 PM,11/27/2025,
1233,39.6,gf,2.790,mm,OK,--,12:44:28 PM,11/27/2025,
1234,39.6,gf,2.775,mm,OK,--,12:44:29 PM,11/27/2025,
1235,39.6,gf,2.765,mm,OK,--,12:44:29 PM,11/27/2025,
1236,39.5,gf,2.755,mm,OK,--,12:44:29 PM,11/27/2025,
1237,39.4,gf,2.740,mm,OK,--,12:44:29 PM,11/27/2025,
1238,39.4,gf,2.730,mm,OK,--,12:44:29 PM,11/27/2025,
1239,39.4,gf,2.720,mm,OK,--,12:44:29 PM,11/27/2025,
1240,39.3,gf,2.710,mm,OK,--,12:44:29 PM,11/27/2025,
1241,39.3,gf,2.700,mm,OK,--,12:44:29 PM,11/27/2025,
1242,39.3,gf,2.690,mm,OK,--,12:44:29 PM,11/27/2025,
1243,39.3,gf,2.680,mm,OK,--,12:44:29 PM,11/27/2025,
1244,39.3,gf,2.675,mm,OK,--,12:44:30 PM,11/27/2025,
1245,39.2,gf,2.665,mm,OK,--,12:44:30 PM,11/27/2025,
1246,39.2,gf,2.660,mm,OK,--,12:44:30 PM,11/27/2025,
1247,39.2,gf,2.650,mm,OK,--,12:44:30 PM,11/27/2025,
1248,39.1,gf,2.645,mm,OK,--,12:44:30 PM,11/27/2025,
1249,39.1,gf,2.640,mm,OK,--,12:44:30 PM,11/27/2025,
1250,39.1,gf,2.635,mm,OK,--,12:44:30 PM,11/27/2025,
1251,39.1,gf,2.625,mm,OK,--,12:44:30 PM,11/27/2025,
1252,39.1,gf,2.620,mm,OK,--,12:44:30 PM,11/27/2025,
1253,39.1,gf,2.610,mm,OK,--,12:44:30 PM,11/27/2025,
1254,39.0,gf,2.605,mm,OK,--,12:44:31 PM,11/27/2025,
1255,39.0,gf,2.600,mm,OK,--,12:44:31 PM,11/27/2025,
1256,39.0,gf,2.600,mm,OK,--,12:44:31 PM,11/27/2025,
1257,39.0,gf,2.595,mm,OK,--,12:44:31 PM,11/27/2025,
1258,39.0,gf,2.585,mm,OK,--,12:44:31 PM,11/27/2025,
1259,39.0,gf,2.580,mm,OK,--,12:44:31 PM,11/27/2025,
1260,38.9,gf,2.570,mm,OK,--,12:44:31 PM,11/27/2025,
1261,38.9,gf,2.565,mm,OK,--,12:44:31 PM,11/27/2025,
1262,38.9,gf,2.560,mm,OK,--,12:44:31 PM,11/27/2025,
1263,38.9,gf,2.550,mm,OK,--,12:44:31 PM,11/27/2025,
1264,38.8,gf,2.540,mm,OK,--,12:44:32 PM,11/27/2025,
1265,38.8,gf,2.535,mm,OK,--,12:44:32 PM,11/27/2025,
1266,38.7,gf,2.525,mm,OK,--,12:44:32 PM,11/27/2025,
1267,38.7,gf,2.515,mm,OK,--,12:44:32 PM,11/27/2025,
1268,38.7,gf,2.505,mm,OK,--,12:44:32 PM,11/27/2025,
1269,38.7,gf,2.500,mm,OK,--,12:44:32 PM,11/27/2025,
1270,38.6,gf,2.490,mm,OK,--,12:44:32 PM,11/27/2025,
1271,38.6,gf,2.485,mm,OK,--,12:44:32 PM,11/27/2025,
1272,38.6,gf,2.475,mm,OK,--,12:44:32 PM,11/27/2025,
1273,38.6,gf,2.470,mm,OK,--,12:44:32 PM,11/27/2025,
1274,38.5,gf,2.460,mm,OK,--,12:44:33 PM,11/27/2025,
1275,38.5,gf,2.450,mm,OK,--,12:44:33 PM,11/27/2025,
1276,38.5,gf,2.440,mm,OK,--,12:44:33 PM,11/27/2025,
1277,38.4,gf,2.430,mm,OK,--,12:44:33 PM,11/27/2025,
1278,38.4,gf,2.425,mm,OK,--,12:44:33 PM,11/27/2025,
1279,38.4,gf,2.415,mm,OK,--,12:44:33 PM,11/27/2025,
1280,38.4,gf,2.410,mm,OK,--,12:44:33 PM,11/27/2025,
1281,38.3,gf,2.405,mm,OK,--,12:44:33 PM,11/27/2025,
1282,38.3,gf,2.400,mm,OK,--,12:44:33 PM,11/27/2025,
1283,38.2,gf,2.395,mm,OK,--,12:44:33 PM,11/27/2025,
1284,38.3,gf,2.385,mm,OK,--,12:44:34 PM,11/27/2025,
1285,38.2,gf,2.380,mm,OK,--,12:44:34 PM,11/27/2025,
1286,38.2,gf,2.370,mm,OK,--,12:44:34 PM,11/27/2025,
1287,38.2,gf,2.360,mm,OK,--,12:44:34 PM,11/27/2025,
1288,38.2,gf,2.355,mm,OK,--,12:44:34 PM,11/27/2025,
1289,38.2,gf,2.350,mm,OK,--,12:44:34 PM,11/27/2025,
1290,38.2,gf,2.345,mm,OK,--,12:44:34 PM,11/27/2025,
1291,38.1,gf,2.340,mm,OK,--,12:44:34 PM,11/27/2025,
1292,38.1,gf,2.335,mm,OK,--,12:44:34 PM,11/27/2025,
1293,38.1,gf,2.330,mm,OK,--,12:44:34 PM,11/27/2025,
1294,38.1,gf,2.325,mm,OK,--,12:44:35 PM,11/27/2025,
1295,38.1,gf,2.320,mm,OK,--,12:44:35 PM,11/27/2025,
1296,38.0,gf,2.315,mm,OK,--,12:44:35 PM,11/27/2025,
1297,38.0,gf,2.310,mm,OK,--,12:44:35 PM,11/27/2025,
1298,38.0,gf,2.305,mm,OK,--,12:44:35 PM,11/27/2025,
1299,38.0,gf,2.300,mm,OK,--,12:44:35 PM,11/27/2025,
1300,37.9,gf,2.295,mm,OK,--,12:44:35 PM,11/27/2025,
1301,38.0,gf,2.290,mm,OK,--,12:44:35 PM,11/27/2025,
1302,37.9,gf,2.285,mm,OK,--,12:44:35 PM,11/27/2025,
1303,37.9,gf,2.280,mm,OK,--,12:44:35 PM,11/27/2025,
1304,37.9,gf,2.275,mm,OK,--,12:44:36 PM,11/27/2025,
1305,37.9,gf,2.270,mm,OK,--,12:44:36 PM,11/27/2025,
1306,37.8,gf,2.265,mm,OK,--,12:44:36 PM,11/27/2025,
1307,37.8,gf,2.260,mm,OK,--,12:44:36 PM,11/27/2025,
1308,37.8,gf,2.255,mm,OK,--,12:44:36 PM,11/27/2025,
1309,37.8,gf,2.245,mm,OK,--,12:44:36 PM,11/27/2025,
1310,37.8,gf,2.240,mm,OK,--,12:44:36 PM,11/27/2025,
1311,37.8,gf,2.235,mm,OK,--,12:44:36 PM,11/27/2025,
1312,37.8,gf,2.235,mm,OK,--,12:44:36 PM,11/27/2025,
1313,37.8,gf,2.230,mm,OK,--,12:44:36 PM,11/27/2025,
1314,37.7,gf,2.225,mm,OK,--,12:44:37 PM,11/27/2025,
1315,37.7,gf,2.220,mm,OK,--,12:44:37 PM,11/27/2025,
1316,37.7,gf,2.215,mm,OK,--,12:44:37 PM,11/27/2025,
1317,37.7,gf,2.210,mm,OK,--,12:44:37 PM,11/27/2025,
1318,37.7,gf,2.205,mm,OK,--,12:44:37 PM,11/27/2025,
1319,37.7,gf,2.195,mm,OK,--,12:44:37 PM,11/27/2025,
1320,37.6,gf,2.190,mm,OK,--,12:44:37 PM,11/27/2025,
1321,37.6,gf,2.180,mm,OK,--,12:44:37 PM,11/27/2025,
1322,37.6,gf,2.170,mm,OK,--,12:44:37 PM,11/27/2025,
1323,37.5,gf,2.165,mm,OK,--,12:44:37 PM,11/27/2025,
1324,37.6,gf,2.160,mm,OK,--,12:44:38 PM,11/27/2025,
1325,37.5,gf,2.150,mm,OK,--,12:44:38 PM,11/27/2025,
1326,37.4,gf,2.140,mm,OK,--,12:44:38 PM,11/27/2025,
1327,37.4,gf,2.130,mm,OK,--,12:44:38 PM,11/27/2025,
1328,37.4,gf,2.125,mm,OK,--,12:44:38 PM,11/27/2025,
1329,37.4,gf,2.120,mm,OK,--,12:44:38 PM,11/27/2025,
1330,37.3,gf,2.115,mm,OK,--,12:44:38 PM,11/27/2025,
1331,37.4,gf,2.110,mm,OK,--,12:44:38 PM,11/27/2025,
1332,37.3,gf,2.105,mm,OK,--,12:44:38 PM,11/27/2025,
1333,37.3,gf,2.100,mm,OK,--,12:44:38 PM,11/27/2025,
1334,37.3,gf,2.095,mm,OK,--,12:44:39 PM,11/27/2025,
1335,37.3,gf,2.090,mm,OK,--,12:44:39 PM,11/27/2025,
1336,37.3,gf,2.085,mm,OK,--,12:44:39 PM,11/27/2025,
1337,37.3,gf,2.080,mm,OK,--,12:44:39 PM,11/27/2025,
1338,37.3,gf,2.080,mm,OK,--,12:44:39 PM,11/27/2025,
1339,37.3,gf,2.075,mm,OK,--,12:44:39 PM,11/27/2025,
1340,37.2,gf,2.070,mm,OK,--,12:44:39 PM,11/27/2025,
1341,37.2,gf,2.065,mm,OK,--,12:44:39 PM,11/27/2025,
1342,37.2,gf,2.060,mm,OK,--,12:44:39 PM,11/27/2025,
1343,37.2,gf,2.055,mm,OK,--,12:44:39 PM,11/27/2025,
1344,37.1,gf,2.045,mm,OK,--,12:44:40 PM,11/27/2025,
1345,37.1,gf,2.040,mm,OK,--,12:44:40 PM,11/27/2025,
1346,37.1,gf,2.035,mm,OK,--,12:44:40 PM,11/27/2025,
1347,37.1,gf,2.030,mm,OK,--,12:44:40 PM,11/27/2025,
1348,37.1,gf,2.025,mm,OK,--,12:44:40 PM,11/27/2025,
1349,37.1,gf,2.020,mm,OK,--,12:44:40 PM,11/27/2025,
1350,37.1,gf,2.015,mm,OK,--,12:44:40 PM,11/27/2025,
1351,37.0,gf,2.010,mm,OK,--,12:44:40 PM,11/27/2025,
1352,37.0,gf,2.005,mm,OK,--,12:44:40 PM,11/27/2025,
1353,37.0,gf,2.000,mm,OK,--,12:44:40 PM,11/27/2025,
1354,37.0,gf,1.995,mm,OK,--,12:44:41 PM,11/27/2025,
1355,37.0,gf,1.990,mm,OK,--,12:44:41 PM,11/27/2025,
1356,37.0,gf,1.985,mm,OK,--,12:44:41 PM,11/27/2025,
1357,36.9,gf,1.985,mm,OK,--,12:44:41 PM,11/27/2025,
1358,36.9,gf,1.980,mm,OK,--,12:44:41 PM,11/27/2025,
1359,36.9,gf,1.980,mm,OK,--,12:44:41 PM,11/27/2025,
1360,36.9,gf,1.975,mm,OK,--,12:44:41 PM,11/27/2025,
1361,36.9,gf,1.970,mm,OK,--,12:44:41 PM,11/27/2025,
1362,36.9,gf,1.965,mm,OK,--,12:44:41 PM,11/27/2025,
1363,36.9,gf,1.965,mm,OK,--,12:44:41 PM,11/27/2025,
1364,36.9,gf,1.960,mm,OK,--,12:44:42 PM,11/27/2025,
1365,36.9,gf,1.955,mm,OK,--,12:44:42 PM,11/27/2025,
1366,36.8,gf,1.950,mm,OK,--,12:44:42 PM,11/27/2025,
1367,36.8,gf,1.945,mm,OK,--,12:44:42 PM,11/27/2025,
1368,36.8,gf,1.940,mm,OK,--,12:44:42 PM,11/27/2025,
1369,36.8,gf,1.930,mm,OK,--,12:44:42 PM,11/27/2025,
1370,36.8,gf,1.925,mm,OK,--,12:44:42 PM,11/27/2025,
1371,36.7,gf,1.920,mm,OK,--,12:44:42 PM,11/27/2025,
1372,36.7,gf,1.915,mm,OK,--,12:44:42 PM,11/27/2025,
1373,36.7,gf,1.910,mm,OK,--,12:44:42 PM,11/27/2025,
1374,36.7,gf,1.900,mm,OK,--,12:44:43 PM,11/27/2025,
1375,36.6,gf,1.895,mm,OK,--,12:44:43 PM,11/27/2025,
1376,36.6,gf,1.885,mm,OK,--,12:44:43 PM,11/27/2025,
1377,36.6,gf,1.880,mm,OK,--,12:44:43 PM,11/27/2025,
1378,36.6,gf,1.875,mm,OK,--,12:44:43 PM,11/27/2025,
1379,36.5,gf,1.865,mm,OK,--,12:44:43 PM,11/27/2025,
1380,36.5,gf,1.860,mm,OK,--,12:44:43 PM,11/27/2025,
1381,36.5,gf,1.850,mm,OK,--,12:44:43 PM,11/27/2025,
1382,36.4,gf,1.845,mm,OK,--,12:44:43 PM,11/27/2025,
1383,36.4,gf,1.835,mm,OK,--,12:44:43 PM,11/27/2025,
1384,36.3,gf,1.825,mm,OK,--,12:44:44 PM,11/27/2025,
1385,36.3,gf,1.820,mm,OK,--,12:44:44 PM,11/27/2025,
1386,36.3,gf,1.810,mm,OK,--,12:44:44 PM,11/27/2025,
1387,36.2,gf,1.800,mm,OK,--,12:44:44 PM,11/27/2025,
1388,36.3,gf,1.790,mm,OK,--,12:44:44 PM,11/27/2025,
1389,36.2,gf,1.785,mm,OK,--,12:44:44 PM,11/27/2025,
1390,36.2,gf,1.775,mm,OK,--,12:44:44 PM,11/27/2025,
1391,36.2,gf,1.770,mm,OK,--,12:44:44 PM,11/27/2025,
1392,36.2,gf,1.765,mm,OK,--,12:44:44 PM,11/27/2025,
1393,36.2,gf,1.760,mm,OK,--,12:44:44 PM,11/27/2025,
1394,36.2,gf,1.760,mm,OK,--,12:44:45 PM,11/27/2025,
1395,36.2,gf,1.755,mm,OK,--,12:44:45 PM,11/27/2025,
1396,36.2,gf,1.750,mm,OK,--,12:44:45 PM,11/27/2025,
1397,36.1,gf,1.745,mm,OK,--,12:44:45 PM,11/27/2025,
1398,36.1,gf,1.745,mm,OK,--,12:44:45 PM,11/27/2025,
1399,36.1,gf,1.740,mm,OK,--,12:44:45 PM,11/27/2025,
1400,36.1,gf,1.735,mm,OK,--,12:44:45 PM,11/27/2025,
1401,36.1,gf,1.735,mm,OK,--,12:44:45 PM,11/27/2025,
1402,36.0,gf,1.730,mm,OK,--,12:44:45 PM,11/27/2025,
1403,36.1,gf,1.725,mm,OK,--,12:44:45 PM,11/27/2025,
1404,36.0,gf,1.725,mm,OK,--,12:44:46 PM,11/27/2025,
1405,36.1,gf,1.720,mm,OK,--,12:44:46 PM,11/27/2025,
1406,36.1,gf,1.720,mm,OK,--,12:44:46 PM,11/27/2025,
1407,36.0,gf,1.715,mm,OK,--,12:44:46 PM,11/27/2025,
1408,36.0,gf,1.710,mm,OK,--,12:44:46 PM,11/27/2025,
1409,36.0,gf,1.705,mm,OK,--,12:44:46 PM,11/27/2025,
1410,36.0,gf,1.700,mm,OK,--,12:44:46 PM,11/27/2025,
1411,36.0,gf,1.695,mm,OK,--,12:44:46 PM,11/27/2025,
1412,35.9,gf,1.690,mm,OK,--,12:44:46 PM,11/27/2025,
1413,36.0,gf,1.680,mm,OK,--,12:44:46 PM,11/27/2025,
1414,35.8,gf,1.665,mm,OK,--,12:44:47 PM,11/27/2025,
1415,35.8,gf,1.650,mm,OK,--,12:44:47 PM,11/27/2025,
1416,35.8,gf,1.640,mm,OK,--,12:44:47 PM,11/27/2025,
1417,35.8,gf,1.630,mm,OK,--,12:44:47 PM,11/27/2025,
1418,35.7,gf,1.620,mm,OK,--,12:44:47 PM,11/27/2025,
1419,35.7,gf,1.610,mm,OK,--,12:44:47 PM,11/27/2025,
1420,35.7,gf,1.600,mm,OK,--,12:44:47 PM,11/27/2025,
1421,35.6,gf,1.595,mm,OK,--,12:44:47 PM,11/27/2025,
1422,35.7,gf,1.590,mm,OK,--,12:44:47 PM,11/27/2025,
1423,35.6,gf,1.580,mm,OK,--,12:44:47 PM,11/27/2025,
1424,35.6,gf,1.575,mm,OK,--,12:44:48 PM,11/27/2025,
1425,35.6,gf,1.570,mm,OK,--,12:44:48 PM,11/27/2025,
1426,35.5,gf,1.565,mm,OK,--,12:44:48 PM,11/27/2025,
1427,35.6,gf,1.555,mm,OK,--,12:44:48 PM,11/27/2025,
1428,35.5,gf,1.545,mm,OK,--,12:44:48 PM,11/27/2025,
1429,35.5,gf,1.540,mm,OK,--,12:44:48 PM,11/27/2025,
1430,35.4,gf,1.530,mm,OK,--,12:44:48 PM,11/27/2025,
1431,35.4,gf,1.525,mm,OK,--,12:44:48 PM,11/27/2025,
1432,35.4,gf,1.520,mm,OK,--,12:44:48 PM,11/27/2025,
1433,35.4,gf,1.515,mm,OK,--,12:44:48 PM,11/27/2025,
1434,35.4,gf,1.510,mm,OK,--,12:44:49 PM,11/27/2025,
1435,35.3,gf,1.505,mm,OK,--,12:44:49 PM,11/27/2025,
1436,35.3,gf,1.500,mm,OK,--,12:44:49 PM,11/27/2025,
1437,35.3,gf,1.490,mm,OK,--,12:44:49 PM,11/27/2025,
1438,35.2,gf,1.480,mm,OK,--,12:44:49 PM,11/27/2025,
1439,35.2,gf,1.475,mm,OK,--,12:44:49 PM,11/27/2025,
1440,35.2,gf,1.465,mm,OK,--,12:44:49 PM,11/27/2025,
1441,35.2,gf,1.460,mm,OK,--,12:44:49 PM,11/27/2025,
1442,35.2,gf,1.455,mm,OK,--,12:44:49 PM,11/27/2025,
1443,35.2,gf,1.450,mm,OK,--,12:44:49 PM,11/27/2025,
1444,35.2,gf,1.445,mm,OK,--,12:44:50 PM,11/27/2025,
1445,35.1,gf,1.435,mm,OK,--,12:44:50 PM,11/27/2025,
1446,35.1,gf,1.430,mm,OK,--,12:44:50 PM,11/27/2025,
1447,35.0,gf,1.420,mm,OK,--,12:44:50 PM,11/27/2025,
1448,35.0,gf,1.415,mm,OK,--,12:44:50 PM,11/27/2025,
1449,35.0,gf,1.410,mm,OK,--,12:44:50 PM,11/27/2025,
1450,35.0,gf,1.400,mm,OK,--,12:44:50 PM,11/27/2025,
1451,35.0,gf,1.400,mm,OK,--,12:44:50 PM,11/27/2025,
1452,35.0,gf,1.395,mm,OK,--,12:44:50 PM,11/27/2025,
1453,34.9,gf,1.390,mm,OK,--,12:44:50 PM,11/27/2025,
1454,34.9,gf,1.385,mm,OK,--,12:44:51 PM,11/27/2025,
1455,34.9,gf,1.380,mm,OK,--,12:44:51 PM,11/27/2025,
1456,34.9,gf,1.375,mm,OK,--,12:44:51 PM,11/27/2025,
1457,34.8,gf,1.370,mm,OK,--,12:44:51 PM,11/27/2025,
1458,34.8,gf,1.365,mm,OK,--,12:44:51 PM,11/27/2025,
1459,34.9,gf,1.360,mm,OK,--,12:44:51 PM,11/27/2025,
1460,34.9,gf,1.360,mm,OK,--,12:44:51 PM,11/27/2025,
1461,34.8,gf,1.355,mm,OK,--,12:44:51 PM,11/27/2025,
1462,34.8,gf,1.350,mm,OK,--,12:44:51 PM,11/27/2025,
1463,34.8,gf,1.350,mm,OK,--,12:44:51 PM,11/27/2025,
1464,34.8,gf,1.345,mm,OK,--,12:44:52 PM,11/27/2025,
1465,34.8,gf,1.340,mm,OK,--,12:44:52 PM,11/27/2025,
1466,34.8,gf,1.340,mm,OK,--,12:44:52 PM,11/27/2025,
1467,34.7,gf,1.340,mm,OK,--,12:44:52 PM,11/27/2025,
1468,34.7,gf,1.335,mm,OK,--,12:44:52 PM,11/27/2025,
1469,34.7,gf,1.330,mm,OK,--,12:44:52 PM,11/27/2025,
1470,34.7,gf,1.330,mm,OK,--,12:44:52 PM,11/27/2025,
1471,34.7,gf,1.325,mm,OK,--,12:44:52 PM,11/27/2025,
1472,34.7,gf,1.325,mm,OK,--,12:44:52 PM,11/27/2025,
1473,34.7,gf,1.320,mm,OK,--,12:44:52 PM,11/27/2025,
1474,34.7,gf,1.315,mm,OK,--,12:44:53 PM,11/27/2025,
1475,34.6,gf,1.310,mm,OK,--,12:44:53 PM,11/27/2025,
1476,34.6,gf,1.305,mm,OK,--,12:44:53 PM,11/27/2025,
1477,34.6,gf,1.295,mm,OK,--,12:44:53 PM,11/27/2025,
1478,34.6,gf,1.295,mm,OK,--,12:44:53 PM,11/27/2025,
1479,34.6,gf,1.290,mm,OK,--,12:44:53 PM,11/27/2025,
1480,34.6,gf,1.285,mm,OK,--,12:44:53 PM,11/27/2025,
1481,34.6,gf,1.285,mm,OK,--,12:44:53 PM,11/27/2025,
1482,34.6,gf,1.285,mm,OK,--,12:44:53 PM,11/27/2025,
1483,34.6,gf,1.280,mm,OK,--,12:44:53 PM,11/27/2025,
1484,34.6,gf,1.280,mm,OK,--,12:44:54 PM,11/27/2025,
1485,34.6,gf,1.275,mm,OK,--,12:44:54 PM,11/27/2025,
1486,34.5,gf,1.270,mm,OK,--,12:44:54 PM,11/27/2025,
1487,34.5,gf,1.270,mm,OK,--,12:44:54 PM,11/27/2025,
1488,34.5,gf,1.265,mm,OK,--,12:44:54 PM,11/27/2025,
1489,34.5,gf,1.260,mm,OK,--,12:44:54 PM,11/27/2025,
1490,34.5,gf,1.255,mm,OK,--,12:44:54 PM,11/27/2025,
1491,34.4,gf,1.245,mm,OK,--,12:44:54 PM,11/27/2025,
1492,34.4,gf,1.235,mm,OK,--,12:44:54 PM,11/27/2025,
1493,34.4,gf,1.230,mm,OK,--,12:44:54 PM,11/27/2025,
1494,34.4,gf,1.220,mm,OK,--,12:44:55 PM,11/27/2025,
1495,34.3,gf,1.210,mm,OK,--,12:44:55 PM,11/27/2025,
1496,34.3,gf,1.205,mm,OK,--,12:44:55 PM,11/27/2025,
1497,34.3,gf,1.195,mm,OK,--,12:44:55 PM,11/27/2025,
1498,34.3,gf,1.190,mm,OK,--,12:44:55 PM,11/27/2025,
1499,34.3,gf,1.185,mm,OK,--,12:44:55 PM,11/27/2025,
1500,34.3,gf,1.185,mm,OK,--,12:44:55 PM,11/27/2025,
1501,34.3,gf,1.180,mm,OK,--,12:44:55 PM,11/27/2025,
1502,34.3,gf,1.180,mm,OK,--,12:44:55 PM,11/27/2025,
1503,34.3,gf,1.175,mm,OK,--,12:44:55 PM,11/27/2025,
1504,34.2,gf,1.175,mm,OK,--,12:44:56 PM,11/27/2025,
1505,34.2,gf,1.170,mm,OK,--,12:44:56 PM,11/27/2025,
1506,34.2,gf,1.170,mm,OK,--,12:44:56 PM,11/27/2025,
1507,34.2,gf,1.170,mm,OK,--,12:44:56 PM,11/27/2025,
1508,34.2,gf,1.165,mm,OK,--,12:44:56 PM,11/27/2025,
1509,34.2,gf,1.165,mm,OK,--,12:44:56 PM,11/27/2025,
1510,34.2,gf,1.160,mm,OK,--,12:44:56 PM,11/27/2025,
1511,34.2,gf,1.160,mm,OK,--,12:44:56 PM,11/27/2025,
1512,34.2,gf,1.155,mm,OK,--,12:44:56 PM,11/27/2025,
1513,34.2,gf,1.155,mm,OK,--,12:44:56 PM,11/27/2025,
1514,34.2,gf,1.155,mm,OK,--,12:44:57 PM,11/27/2025,
1515,34.2,gf,1.150,mm,OK,--,12:44:57 PM,11/27/2025,
1516,34.1,gf,1.150,mm,OK,--,12:44:57 PM,11/27/2025,
1517,34.1,gf,1.145,mm,OK,--,12:44:57 PM,11/27/2025,
1518,34.1,gf,1.145,mm,OK,--,12:44:57 PM,11/27/2025,
1519,34.1,gf,1.140,mm,OK,--,12:44:57 PM,11/27/2025,
1520,34.1,gf,1.140,mm,OK,--,12:44:57 PM,11/27/2025,
1521,34.1,gf,1.135,mm,OK,--,12:44:57 PM,11/27/2025,
1522,34.1,gf,1.135,mm,OK,--,12:44:57 PM,11/27/2025,
1523,34.1,gf,1.130,mm,OK,--,12:44:57 PM,11/27/2025,
1524,34.1,gf,1.130,mm,OK,--,12:44:58 PM,11/27/2025,
1525,34.1,gf,1.125,mm,OK,--,12:44:58 PM,11/27/2025,
1526,34.1,gf,1.125,mm,OK,--,12:44:58 PM,11/27/2025,
1527,34.1,gf,1.120,mm,OK,--,12:44:58 PM,11/27/2025,
1528,34.1,gf,1.120,mm,OK,--,12:44:58 PM,11/27/2025,
1529,34.1,gf,1.115,mm,OK,--,12:44:58 PM,11/27/2025,
1530,34.1,gf,1.115,mm,OK,--,12:44:58 PM,11/27/2025,
1531,34.0,gf,1.110,mm,OK,--,12:44:58 PM,11/27/2025,
1532,34.0,gf,1.110,mm,OK,--,12:44:58 PM,11/27/2025,
1533,34.0,gf,1.105,mm,OK,--,12:44:58 PM,11/27/2025,
1534,34.0,gf,1.100,mm,OK,--,12:44:59 PM,11/27/2025,
1535,34.0,gf,1.100,mm,OK,--,12:44:59 PM,11/27/2025,
1536,34.0,gf,1.095,mm,OK,--,12:44:59 PM,11/27/2025,
1537,34.0,gf,1.090,mm,OK,--,12:44:59 PM,11/27/2025,
1538,34.0,gf,1.085,mm,OK,--,12:44:59 PM,11/27/2025,
1539,33.9,gf,1.085,mm,OK,--,12:44:59 PM,11/27/2025,
1540,33.9,gf,1.080,mm,OK,--,12:44:59 PM,11/27/2025,
1541,33.9,gf,1.075,mm,OK,--,12:44:59 PM,11/27/2025,
1542,33.9,gf,1.075,mm,OK,--,12:44:59 PM,11/27/2025,
1543,33.9,gf,1.070,mm,OK,--,12:44:59 PM,11/27/2025,
1544,33.9,gf,1.065,mm,OK,--,12:45:00 PM,11/27/2025,
1545,33.8,gf,1.055,mm,OK,--,12:45:00 PM,11/27/2025,
1546,33.8,gf,1.045,mm,OK,--,12:45:00 PM,11/27/2025,
1547,33.8,gf,1.045,mm,OK,--,12:45:00 PM,11/27/2025,
1548,33.8,gf,1.040,mm,OK,--,12:45:00 PM,11/27/2025,
1549,33.8,gf,1.035,mm,OK,--,12:45:00 PM,11/27/2025,
1550,33.8,gf,1.030,mm,OK,--,12:45:00 PM,11/27/2025,
1551,33.8,gf,1.030,mm,OK,--,12:45:00 PM,11/27/2025,
1552,33.8,gf,1.025,mm,OK,--,12:45:00 PM,11/27/2025,
1553,33.7,gf,1.020,mm,OK,--,12:45:00 PM,11/27/2025,
1554,33.7,gf,1.015,mm,OK,--,12:45:01 PM,11/27/2025,
1555,33.7,gf,1.015,mm,OK,--,12:45:01 PM,11/27/2025,
1556,33.7,gf,1.010,mm,OK,--,12:45:01 PM,11/27/2025,
1557,33.7,gf,1.010,mm,OK,--,12:45:01 PM,11/27/2025,
1558,33.7,gf,1.010,mm,OK,--,12:45:01 PM,11/27/2025,
1559,33.7,gf,1.005,mm,OK,--,12:45:01 PM,11/27/2025,
1560,33.7,gf,1.005,mm,OK,--,12:45:01 PM,11/27/2025,
1561,33.7,gf,1.000,mm,OK,--,12:45:01 PM,11/27/2025,
1562,33.7,gf,1.000,mm,OK,--,12:45:01 PM,11/27/2025,
1563,33.7,gf,1.000,mm,OK,--,12:45:01 PM,11/27/2025,
1564,33.6,gf,0.995,mm,OK,--,12:45:02 PM,11/27/2025,
1565,33.6,gf,0.995,mm,OK,--,12:45:02 PM,11/27/2025,
1566,33.6,gf,0.995,mm,OK,--,12:45:02 PM,11/27/2025,
1567,33.6,gf,0.990,mm,OK,--,12:45:02 PM,11/27/2025,
1568,33.6,gf,0.985,mm,OK,--,12:45:02 PM,11/27/2025,
1569,33.6,gf,0.985,mm,OK,--,12:45:02 PM,11/27/2025,
1570,33.6,gf,0.980,mm,OK,--,12:45:02 PM,11/27/2025,
1571,33.6,gf,0.980,mm,OK,--,12:45:02 PM,11/27/2025,
1572,33.6,gf,0.975,mm,OK,--,12:45:02 PM,11/27/2025,
1573,33.6,gf,0.975,mm,OK,--,12:45:02 PM,11/27/2025,
1574,33.6,gf,0.975,mm,OK,--,12:45:03 PM,11/27/2025,
1575,33.6,gf,0.970,mm,OK,--,12:45:03 PM,11/27/2025,
1576,33.5,gf,0.965,mm,OK,--,12:45:03 PM,11/27/2025,
1577,33.5,gf,0.965,mm,OK,--,12:45:03 PM,11/27/2025,
1578,33.5,gf,0.960,mm,OK,--,12:45:03 PM,11/27/2025,
1579,33.5,gf,0.960,mm,OK,--,12:45:03 PM,11/27/2025,
1580,33.5,gf,0.955,mm,OK,--,12:45:03 PM,11/27/2025,
1581,33.5,gf,0.950,mm,OK,--,12:45:03 PM,11/27/2025,
1582,33.4,gf,0.950,mm,OK,--,12:45:03 PM,11/27/2025,
1583,33.5,gf,0.945,mm,OK,--,12:45:03 PM,11/27/2025,
1584,33.4,gf,0.940,mm,OK,--,12:45:04 PM,11/27/2025,
1585,33.5,gf,0.935,mm,OK,--,12:45:04 PM,11/27/2025,
1586,33.4,gf,0.930,mm,OK,--,12:45:04 PM,11/27/2025,
1587,33.4,gf,0.925,mm,OK,--,12:45:04 PM,11/27/2025,
1588,33.4,gf,0.925,mm,OK,--,12:45:04 PM,11/27/2025,
1589,33.4,gf,0.920,mm,OK,--,12:45:04 PM,11/27/2025,
1590,33.4,gf,0.920,mm,OK,--,12:45:04 PM,11/27/2025,
1591,33.4,gf,0.915,mm,OK,--,12:45:04 PM,11/27/2025,
1592,33.3,gf,0.910,mm,OK,--,12:45:04 PM,11/27/2025,
1593,33.3,gf,0.910,mm,OK,--,12:45:04 PM,11/27/2025,
1594,33.3,gf,0.905,mm,OK,--,12:45:05 PM,11/27/2025,
1595,33.3,gf,0.895,mm,OK,--,12:45:05 PM,11/27/2025,
1596,33.3,gf,0.890,mm,OK,--,12:45:05 PM,11/27/2025,
1597,33.3,gf,0.885,mm,OK,--,12:45:05 PM,11/27/2025,
1598,33.2,gf,0.880,mm,OK,--,12:45:05 PM,11/27/2025,
1599,33.2,gf,0.875,mm,OK,--,12:45:05 PM,11/27/2025,
1600,33.2,gf,0.865,mm,OK,--,12:45:05 PM,11/27/2025,
1601,33.2,gf,0.860,mm,OK,--,12:45:05 PM,11/27/2025,
1602,33.1,gf,0.855,mm,OK,--,12:45:05 PM,11/27/2025,
1603,33.1,gf,0.850,mm,OK,--,12:45:05 PM,11/27/2025,
1604,33.1,gf,0.850,mm,OK,--,12:45:06 PM,11/27/2025,
1605,33.1,gf,0.845,mm,OK,--,12:45:06 PM,11/27/2025,
1606,33.1,gf,0.845,mm,OK,--,12:45:06 PM,11/27/2025,
1607,33.1,gf,0.840,mm,OK,--,12:45:06 PM,11/27/2025,
1608,33.1,gf,0.840,mm,OK,--,12:45:06 PM,11/27/2025,
1609,33.1,gf,0.835,mm,OK,--,12:45:06 PM,11/27/2025,
1610,33.1,gf,0.835,mm,OK,--,12:45:06 PM,11/27/2025,
1611,33.1,gf,0.830,mm,OK,--,12:45:06 PM,11/27/2025,
1612,33.1,gf,0.830,mm,OK,--,12:45:06 PM,11/27/2025,
1613,33.1,gf,0.825,mm,OK,--,12:45:06 PM,11/27/2025,
1614,33.1,gf,0.825,mm,OK,--,12:45:07 PM,11/27/2025,
1615,33.1,gf,0.820,mm,OK,--,12:45:07 PM,11/27/2025,
1616,33.1,gf,0.820,mm,OK,--,12:45:07 PM,11/27/2025,
1617,33.1,gf,0.815,mm,OK,--,12:45:07 PM,11/27/2025,
1618,33.1,gf,0.815,mm,OK,--,12:45:07 PM,11/27/2025,
1619,33.0,gf,0.810,mm,OK,--,12:45:07 PM,11/27/2025,
1620,33.0,gf,0.805,mm,OK,--,12:45:07 PM,11/27/2025,
1621,33.0,gf,0.800,mm,OK,--,12:45:07 PM,11/27/2025,
1622,33.0,gf,0.795,mm,OK,--,12:45:07 PM,11/27/2025,
1623,32.9,gf,0.785,mm,OK,--,12:45:07 PM,11/27/2025,
1624,32.9,gf,0.780,mm,OK,--,12:45:08 PM,11/27/2025,
1625,32.9,gf,0.775,mm,OK,--,12:45:08 PM,11/27/2025,
1626,32.9,gf,0.770,mm,OK,--,12:45:08 PM,11/27/2025,
1627,32.9,gf,0.765,mm,OK,--,12:45:08 PM,11/27/2025,
1628,32.9,gf,0.760,mm,OK,--,12:45:08 PM,11/27/2025,
1629,32.9,gf,0.760,mm,OK,--,12:45:08 PM,11/27/2025,
1630,32.8,gf,0.750,mm,OK,--,12:45:08 PM,11/27/2025,
1631,32.8,gf,0.745,mm,OK,--,12:45:08 PM,11/27/2025,
1632,32.8,gf,0.740,mm,OK,--,12:45:08 PM,11/27/2025,
1633,32.8,gf,0.735,mm,OK,--,12:45:08 PM,11/27/2025,
1634,32.8,gf,0.735,mm,OK,--,12:45:09 PM,11/27/2025,
1635,32.8,gf,0.730,mm,OK,--,12:45:09 PM,11/27/2025,
1636,32.8,gf,0.730,mm,OK,--,12:45:09 PM,11/27/2025,
1637,32.8,gf,0.725,mm,OK,--,12:45:09 PM,11/27/2025,
1638,32.7,gf,0.725,mm,OK,--,12:45:09 PM,11/27/2025,
1639,32.7,gf,0.720,mm,OK,--,12:45:09 PM,11/27/2025,
1640,32.7,gf,0.715,mm,OK,--,12:45:09 PM,11/27/2025,
1641,32.7,gf,0.715,mm,OK,--,12:45:09 PM,11/27/2025,
1642,32.7,gf,0.710,mm,OK,--,12:45:09 PM,11/27/2025,
1643,32.6,gf,0.705,mm,OK,--,12:45:09 PM,11/27/2025,
1644,32.7,gf,0.705,mm,OK,--,12:45:10 PM,11/27/2025,
1645,32.7,gf,0.700,mm,OK,--,12:45:10 PM,11/27/2025,
1646,32.6,gf,0.695,mm,OK,--,12:45:10 PM,11/27/2025,
1647,32.6,gf,0.695,mm,OK,--,12:45:10 PM,11/27/2025,
1648,32.6,gf,0.690,mm,OK,--,12:45:10 PM,11/27/2025,
1649,32.6,gf,0.685,mm,OK,--,12:45:10 PM,11/27/2025,
1650,32.6,gf,0.685,mm,OK,--,12:45:10 PM,11/27/2025,
1651,32.6,gf,0.680,mm,OK,--,12:45:10 PM,11/27/2025,
1652,32.6,gf,0.680,mm,OK,--,12:45:10 PM,11/27/2025,
1653,32.6,gf,0.680,mm,OK,--,12:45:10 PM,11/27/2025,
1654,32.6,gf,0.675,mm,OK,--,12:45:11 PM,11/27/2025,
1655,32.6,gf,0.675,mm,OK,--,12:45:11 PM,11/27/2025,
1656,32.6,gf,0.675,mm,OK,--,12:45:11 PM,11/27/2025,
1657,32.6,gf,0.670,mm,OK,--,12:45:11 PM,11/27/2025,
1658,32.6,gf,0.665,mm,OK,--,12:45:11 PM,11/27/2025,
1659,32.5,gf,0.665,mm,OK,--,12:45:11 PM,11/27/2025,
1660,32.5,gf,0.660,mm,OK,--,12:45:11 PM,11/27/2025,
1661,32.5,gf,0.655,mm,OK,--,12:45:11 PM,11/27/2025,
1662,32.5,gf,0.650,mm,OK,--,12:45:11 PM,11/27/2025,
1663,32.5,gf,0.645,mm,OK,--,12:45:11 PM,11/27/2025,
1664,32.5,gf,0.645,mm,OK,--,12:45:12 PM,11/27/2025,
1665,32.5,gf,0.640,mm,OK,--,12:45:12 PM,11/27/2025,
1666,32.5,gf,0.640,mm,OK,--,12:45:12 PM,11/27/2025,
1667,32.5,gf,0.635,mm,OK,--,12:45:12 PM,11/27/2025,
1668,32.5,gf,0.630,mm,OK,--,12:45:12 PM,11/27/2025,
1669,32.4,gf,0.630,mm,OK,--,12:45:12 PM,11/27/2025,
1670,32.4,gf,0.625,mm,OK,--,12:45:12 PM,11/27/2025,
1671,32.4,gf,0.620,mm,OK,--,12:45:12 PM,11/27/2025,
1672,32.4,gf,0.615,mm,OK,--,12:45:12 PM,11/27/2025,
1673,32.4,gf,0.610,mm,OK,--,12:45:12 PM,11/27/2025,
1674,32.4,gf,0.610,mm,OK,--,12:45:13 PM,11/27/2025,
1675,32.4,gf,0.605,mm,OK,--,12:45:13 PM,11/27/2025,
1676,32.4,gf,0.600,mm,OK,--,12:45:13 PM,11/27/2025,
1677,32.3,gf,0.595,mm,OK,--,12:45:13 PM,11/27/2025,
1678,32.3,gf,0.595,mm,OK,--,12:45:13 PM,11/27/2025,
1679,32.3,gf,0.590,mm,OK,--,12:45:13 PM,11/27/2025,
1680,32.3,gf,0.585,mm,OK,--,12:45:13 PM,11/27/2025,
1681,32.3,gf,0.585,mm,OK,--,12:45:13 PM,11/27/2025,
1682,32.3,gf,0.580,mm,OK,--,12:45:13 PM,11/27/2025,
1683,32.3,gf,0.580,mm,OK,--,12:45:13 PM,11/27/2025,
1684,32.3,gf,0.575,mm,OK,--,12:45:14 PM,11/27/2025,
1685,32.2,gf,0.570,mm,OK,--,12:45:14 PM,11/27/2025,
1686,32.2,gf,0.570,mm,OK,--,12:45:14 PM,11/27/2025,
1687,32.2,gf,0.565,mm,OK,--,12:45:14 PM,11/27/2025,
1688,32.2,gf,0.560,mm,OK,--,12:45:14 PM,11/27/2025,
1689,32.2,gf,0.560,mm,OK,--,12:45:14 PM,11/27/2025,
1690,32.2,gf,0.555,mm,OK,--,12:45:14 PM,11/27/2025,
1691,32.2,gf,0.555,mm,OK,--,12:45:14 PM,11/27/2025,
1692,32.2,gf,0.555,mm,OK,--,12:45:14 PM,11/27/2025,
1693,32.2,gf,0.550,mm,OK,--,12:45:14 PM,11/27/2025,
1694,32.2,gf,0.550,mm,OK,--,12:45:15 PM,11/27/2025,
1695,32.2,gf,0.545,mm,OK,--,12:45:15 PM,11/27/2025,
1696,32.2,gf,0.545,mm,OK,--,12:45:15 PM,11/27/2025,
1697,32.1,gf,0.540,mm,OK,--,12:45:15 PM,11/27/2025,
1698,32.1,gf,0.535,mm,OK,--,12:45:15 PM,11/27/2025,
1699,32.1,gf,0.535,mm,OK,--,12:45:15 PM,11/27/2025,
1700,32.1,gf,0.530,mm,OK,--,12:45:15 PM,11/27/2025,
1701,32.1,gf,0.530,mm,OK,--,12:45:15 PM,11/27/2025,
1702,32.1,gf,0.530,mm,OK,--,12:45:15 PM,11/27/2025,
1703,32.1,gf,0.525,mm,OK,--,12:45:15 PM,11/27/2025,
1704,32.1,gf,0.520,mm,OK,--,12:45:16 PM,11/27/2025,
1705,32.1,gf,0.520,mm,OK,--,12:45:16 PM,11/27/2025,
1706,32.0,gf,0.515,mm,OK,--,12:45:16 PM,11/27/2025,
1707,32.0,gf,0.510,mm,OK,--,12:45:16 PM,11/27/2025,
1708,32.0,gf,0.510,mm,OK,--,12:45:16 PM,11/27/2025,
1709,32.0,gf,0.505,mm,OK,--,12:45:16 PM,11/27/2025,
1710,32.0,gf,0.505,mm,OK,--,12:45:16 PM,11/27/2025,
1711,32.0,gf,0.500,mm,OK,--,12:45:16 PM,11/27/2025,
1712,32.0,gf,0.500,mm,OK,--,12:45:16 PM,11/27/2025,
1713,32.0,gf,0.495,mm,OK,--,12:45:16 PM,11/27/2025,
1714,32.0,gf,0.490,mm,OK,--,12:45:17 PM,11/27/2025,
1715,32.0,gf,0.490,mm,OK,--,12:45:17 PM,11/27/2025,
1716,31.9,gf,0.485,mm,OK,--,12:45:17 PM,11/27/2025,
1717,31.9,gf,0.485,mm,OK,--,12:45:17 PM,11/27/2025,
1718,31.9,gf,0.480,mm,OK,--,12:45:17 PM,11/27/2025,
1719,31.9,gf,0.480,mm,OK,--,12:45:17 PM,11/27/2025,
1720,31.9,gf,0.475,mm,OK,--,12:45:17 PM,11/27/2025,
1721,31.9,gf,0.470,mm,OK,--,12:45:17 PM,11/27/2025,
1722,31.9,gf,0.465,mm,OK,--,12:45:17 PM,11/27/2025,
1723,31.9,gf,0.465,mm,OK,--,12:45:17 PM,11/27/2025,
1724,31.9,gf,0.460,mm,OK,--,12:45:18 PM,11/27/2025,
1725,31.9,gf,0.455,mm,OK,--,12:45:18 PM,11/27/2025,
1726,31.8,gf,0.455,mm,OK,--,12:45:18 PM,11/27/2025,
1727,31.8,gf,0.450,mm,OK,--,12:45:18 PM,11/27/2025,
1728,31.8,gf,0.445,mm,OK,--,12:45:18 PM,11/27/2025,
1729,31.8,gf,0.445,mm,OK,--,12:45:18 PM,11/27/2025,
1730,31.8,gf,0.440,mm,OK,--,12:45:18 PM,11/27/2025,
1731,31.8,gf,0.435,mm,OK,--,12:45:18 PM,11/27/2025,
1732,31.8,gf,0.435,mm,OK,--,12:45:18 PM,11/27/2025,
1733,31.8,gf,0.430,mm,OK,--,12:45:18 PM,11/27/2025,
1734,31.7,gf,0.425,mm,OK,--,12:45:19 PM,11/27/2025,
1735,31.7,gf,0.425,mm,OK,--,12:45:19 PM,11/27/2025,
1736,31.7,gf,0.420,mm,OK,--,12:45:19 PM,11/27/2025,
1737,31.7,gf,0.420,mm,OK,--,12:45:19 PM,11/27/2025,
1738,31.7,gf,0.415,mm,OK,--,12:45:19 PM,11/27/2025,
1739,31.7,gf,0.410,mm,OK,--,12:45:19 PM,11/27/2025,
1740,31.7,gf,0.405,mm,OK,--,12:45:19 PM,11/27/2025,
1741,31.7,gf,0.400,mm,OK,--,12:45:19 PM,11/27/2025,
1742,31.6,gf,0.395,mm,OK,--,12:45:19 PM,11/27/2025,
1743,31.6,gf,0.390,mm,OK,--,12:45:19 PM,11/27/2025,
1744,31.6,gf,0.390,mm,OK,--,12:45:20 PM,11/27/2025,
1745,31.6,gf,0.385,mm,OK,--,12:45:20 PM,11/27/2025,
1746,31.6,gf,0.385,mm,OK,--,12:45:20 PM,11/27/2025,
1747,31.6,gf,0.380,mm,OK,--,12:45:20 PM,11/27/2025,
1748,31.6,gf,0.380,mm,OK,--,12:45:20 PM,11/27/2025,
1749,31.6,gf,0.375,mm,OK,--,12:45:20 PM,11/27/2025,
1750,31.6,gf,0.375,mm,OK,--,12:45:20 PM,11/27/2025,
1751,31.5,gf,0.370,mm,OK,--,12:45:20 PM,11/27/2025,
1752,31.5,gf,0.365,mm,OK,--,12:45:20 PM,11/27/2025,
1753,31.5,gf,0.365,mm,OK,--,12:45:20 PM,11/27/2025,
1754,31.5,gf,0.365,mm,OK,--,12:45:21 PM,11/27/2025,
1755,31.5,gf,0.360,mm,OK,--,12:45:21 PM,11/27/2025,
1756,31.5,gf,0.355,mm,OK,--,12:45:21 PM,11/27/2025,
1757,30.2,gf,0.355,mm,OK,--,12:45:21 PM,11/27/2025,
1758,30.5,gf,0.350,mm,OK,--,12:45:21 PM,11/27/2025,
1759,30.6,gf,0.350,mm,OK,--,12:45:21 PM,11/27/2025,
1760,30.3,gf,0.345,mm,OK,--,12:45:21 PM,11/27/2025,
1761,30.3,gf,0.340,mm,OK,--,12:45:21 PM,11/27/2025,
1762,30.2,gf,0.340,mm,OK,--,12:45:21 PM,11/27/2025,
1763,29.6,gf,0.335,mm,OK,--,12:45:21 PM,11/27/2025,
1764,26.4,gf,0.330,mm,OK,--,12:45:22 PM,11/27/2025,
1765,20.2,gf,0.325,mm,OK,--,12:45:22 PM,11/27/2025,
1766,17.1,gf,0.320,mm,OK,--,12:45:22 PM,11/27/2025,
1767,14.9,gf,0.315,mm,OK,--,12:45:22 PM,11/27/2025,
1768,12.2,gf,0.310,mm,OK,--,12:45:22 PM,11/27/2025,
1769,9.2,gf,0.305,mm,OK,--,12:45:22 PM,11/27/2025,
1770,5.1,gf,0.300,mm,OK,--,12:45:22 PM,11/27/2025,
1771,1.5,gf,0.300,mm,OK,--,12:45:22 PM,11/27/2025,
1772,0.1,gf,0.295,mm,OK,--,12:45:22 PM,11/27/2025,
1773,0.1,gf,0.285,mm,OK,--,12:45:22 PM,11/27/2025,
1774,0.1,gf,0.280,mm,OK,--,12:45:23 PM,11/27/2025,
1775,0.1,gf,0.275,mm,OK,--,12:45:23 PM,11/27/2025,
1776,0.0,gf,0.265,mm,OK,--,12:45:23 PM,11/27/2025,
1777,0.1,gf,0.255,mm,OK,--,12:45:23 PM,11/27/2025,
1778,0.0,gf,0.245,mm,OK,--,12:45:23 PM,11/27/2025,
1779,0.1,gf,0.235,mm,OK,--,12:45:23 PM,11/27/2025,
1780,0.1,gf,0.220,mm,OK,--,12:45:23 PM,11/27/2025,
1781,0.1,gf,0.205,mm,OK,--,12:45:23 PM,11/27/2025,
1782,0.0,gf,0.190,mm,OK,--,12:45:23 PM,11/27/2025,
1783,0.0,gf,0.180,mm,OK,--,12:45:23 PM,11/27/2025,
1784,0.0,gf,0.170,mm,OK,--,12:45:24 PM,11/27/2025,
1785,0.0,gf,0.155,mm,OK,--,12:45:24 PM,11/27/2025,
1786,0.0,gf,0.140,mm,OK,--,12:45:24 PM,11/27/2025,
1787,0.0,gf,0.125,mm,OK,--,12:45:24 PM,11/27/2025,
1788,0.1,gf,0.105,mm,OK,--,12:45:24 PM,11/27/2025,
1789,0.1,gf,0.090,mm,OK,--,12:45:24 PM,11/27/2025,
1790,0.0,gf,0.080,mm,OK,--,12:45:24 PM,11/27/2025,
1791,0.0,gf,0.070,mm,OK,--,12:45:24 PM,11/27/2025,
1792,0.0,gf,0.060,mm,OK,--,12:45:24 PM,11/27/2025,
1793,0.1,gf,0.050,mm,OK,--,12:45:24 PM,11/27/2025,
1794,0.0,gf,0.035,mm,OK,--,12:45:25 PM,11/27/2025,
1795,0.0,gf,0.025,mm,OK,--,12:45:25 PM,11/27/2025,
1796,0.0,gf,0.015,mm,OK,--,12:45:25 PM,11/27/2025,
1797,0.0,gf,0.010,mm,OK,--,12:45:25 PM,11/27/2025,
1798,0.0,gf,0.000,mm,OK,--,12:45:25 PM,11/27/2025,
1799,0.0,gf,-0.005,mm,OK,--,12:45:25 PM,11/27/2025,
1800,0.1,gf,-0.010,mm,OK,--,12:45:25 PM,11/27/2025,
1801,0.0,gf,-0.010,mm,OK,--,12:45:25 PM,11/27/2025,
1802,0.0,gf,-0.015,mm,OK,--,12:45:25 PM,11/27/2025,
1803,0.0,gf,-0.020,mm,OK,--,12:45:25 PM,11/27/2025,
1804,0.0,gf,-0.025,mm,OK,--,12:45:26 PM,11/27/2025,
1805,0.1,gf,-0.025,mm,OK,--,12:45:26 PM,11/27/2025,
1806,0.0,gf,-0.025,mm,OK,--,12:45:26 PM,11/27/2025,
1807,0.1,gf,-0.025,mm,OK,--,12:45:26 PM,11/27/2025,
1808,0.0,gf,-0.025,mm,OK,--,12:45:26 PM,11/27/2025,
1809,0.1,gf,-0.025,mm,OK,--,12:45:26 PM,11/27/2025,
1810,0.0,gf,-0.025,mm,OK,--,12:45:26 PM,11/27/2025,
1811,0.0,gf,-0.025,mm,OK,--,12:45:26 PM,11/27/2025,
1812,0.0,gf,-0.025,mm,OK,--,12:45:26 PM,11/27/2025,
1813,0.0,gf,-0.025,mm,OK,--,12:45:26 PM,11/27/2025,
1814,0.3,gf,-0.025,mm,OK,--,12:45:27 PM,11/27/2025,
1815,0.0,gf,-0.025,mm,OK,--,12:45:27 PM,11/27/2025,
1816,0.0,gf,-0.025,mm,OK,--,12:45:27 PM,11/27/2025,
1817,0.0,gf,-0.025,mm,OK,--,12:45:27 PM,11/27/2025,
1818,0.0,gf,-0.020,mm,OK,--,12:45:27 PM,11/27/2025,
1819,0.0,gf,-0.020,mm,OK,--,12:45:27 PM,11/27/2025,
1820,0.0,gf,-0.020,mm,OK,--,12:45:27 PM,11/27/2025,
1821,0.0,gf,-0.020,mm,OK,--,12:45:27 PM,11/27/2025,
1822,0.0,gf,-0.015,mm,OK,--,12:45:27 PM,11/27/2025,
1823,0.0,gf,-0.015,mm,OK,--,12:45:27 PM,11/27/2025,
1824,0.0,gf,-0.015,mm,OK,--,12:45:28 PM,11/27/2025,
1825,-0.1,gf,-0.015,mm,OK,--,12:45:28 PM,11/27/2025,
1826,0.0,gf,-0.015,mm,OK,--,12:45:28 PM,11/27/2025,
1827,0.0,gf,-0.010,mm,OK,--,12:45:28 PM,11/27/2025,
1828,0.0,gf,-0.010,mm,OK,--,12:45:28 PM,11/27/2025,
1829,0.0,gf,-0.010,mm,OK,--,12:45:28 PM,11/27/2025,
1830,0.0,gf,-0.010,mm,OK,--,12:45:28 PM,11/27/2025,
1831,0.0,gf,-0.010,mm,OK,--,12:45:28 PM,11/27/2025,
