Maximum,197.1,@,No.955,,,,,,
Minimum,-0.2,@,No.1866,,,,,,
Average,47.60,,,,,,,,
Data Quantity,1870,,,,,,,,
Number of NG,0,,,,,,,,
No.,Force,Unit,Displacement,Unit,Judge,Position,Time,Date,
1,0.0,gf,0.005,mm,OK,--,12:49:19 PM,11/27/2025,
2,0.0,gf,0.005,mm,OK,--,12:49:19 PM,11/27/2025,
3,0.0,gf,0.005,mm,OK,--,12:49:19 PM,11/27/2025,
4,0.0,gf,0.005,mm,OK,--,12:49:19 PM,11/27/2025,
5,0.0,gf,0.005,mm,OK,--,12:49:19 PM,11/27/2025,
6,0.0,gf,0.005,mm,OK,--,12:49:20 PM,11/27/2025,
7,0.0,gf,0.005,mm,OK,--,12:49:20 PM,11/27/2025,
8,0.0,gf,0.005,mm,OK,--,12:49:20 PM,11/27/2025,
9,0.0,gf,0.005,mm,OK,--,12:49:20 PM,11/27/2025,
10,0.0,gf,0.005,mm,OK,--,12:49:20 PM,11/27/2025,
11,0.0,gf,0.005,mm,OK,--,12:49:20 PM,11/27/2025,
12,0.0,gf,0.005,mm,OK,--,12:49:20 PM,11/27/2025,
13,0.1,gf,0.005,mm,OK,--,12:49:20 PM,11/27/2025,
14,0.1,gf,0.005,mm,OK,--,12:49:20 PM,11/27/2025,
15,0.0,gf,0.005,mm,OK,--,12:49:20 PM,11/27/2025,
16,0.0,gf,0.005,mm,OK,--,12:49:21 PM,11/27/2025,
17,0.0,gf,0.005,mm,OK,--,12:49:21 PM,11/27/2025,
18,0.0,gf,0.005,mm,OK,--,12:49:21 PM,11/27/2025,
19,0.0,gf,0.005,mm,OK,--,12:49:21 PM,11/27/2025,
20,0.0,gf,0.005,mm,OK,--,12:49:21 PM,11/27/2025,
21,0.0,gf,0.005,mm,OK,--,12:49:21 PM,11/27/2025,
22,0.0,gf,0.010,mm,OK,--,12:49:21 PM,11/27/2025,
23,0.0,gf,0.010,mm,OK,--,12:49:21 PM,11/27/2025,
24,-0.1,gf,0.010,mm,OK,--,12:49:21 PM,11/27/2025,
25,0.0,gf,0.010,mm,OK,--,12:49:21 PM,11/27/2025,
26,0.0,gf,0.010,mm,OK,--,12:49:22 PM,11/27/2025,
27,0.0,gf,0.015,mm,OK,--,12:49:22 PM,11/27/2025,
28,0.0,gf,0.015,mm,OK,--,12:49:22 PM,11/27/2025,
29,0.0,gf,0.015,mm,OK,--,12:49:22 PM,11/27/2025,
30,0.0,gf,0.015,mm,OK,--,12:49:22 PM,11/27/2025,
31,-0.1,gf,0.020,mm,OK,--,12:49:22 PM,11/27/2025,
32,0.0,gf,0.025,mm,OK,--,12:49:22 PM,11/27/2025,
33,0.0,gf,0.030,mm,OK,--,12:49:22 PM,11/27/2025,
34,0.0,gf,0.040,mm,OK,--,12:49:22 PM,11/27/2025,
35,-0.1,gf,0.050,mm,OK,--,12:49:22 PM,11/27/2025,
36,0.0,gf,0.065,mm,OK,--,12:49:23 PM,11/27/2025,
37,0.0,gf,0.080,mm,OK,--,12:49:23 PM,11/27/2025,
38,0.0,gf,0.095,mm,OK,--,12:49:23 PM,11/27/2025,
39,0.0,gf,0.115,mm,OK,--,12:49:23 PM,11/27/2025,
40,-0.1,gf,0.130,mm,OK,--,12:49:23 PM,11/27/2025,
41,0.0,gf,0.145,mm,OK,--,12:49:23 PM,11/27/2025,
42,0.0,gf,0.160,mm,OK,--,12:49:23 PM,11/27/2025,
43,0.0,gf,0.175,mm,OK,--,12:49:23 PM,11/27/2025,
44,0.0,gf,0.190,mm,OK,--,12:49:23 PM,11/27/2025,
45,0.0,gf,0.200,mm,OK,--,12:49:23 PM,11/27/2025,
46,0.0,gf,0.210,mm,OK,--,12:49:24 PM,11/27/2025,
47,0.0,gf,0.220,mm,OK,--,12:49:24 PM,11/27/2025,
48,1.6,gf,0.225,mm,OK,--,12:49:24 PM,11/27/2025,
49,9.2,gf,0.235,mm,OK,--,12:49:24 PM,11/27/2025,
50,16.8,gf,0.240,mm,OK,--,12:49:24 PM,11/27/2025,
51,23.5,gf,0.250,mm,OK,--,12:49:24 PM,11/27/2025,
52,28.3,gf,0.255,mm,OK,--,12:49:24 PM,11/27/2025,
53,32.3,gf,0.260,mm,OK,--,12:49:24 PM,11/27/2025,
54,32.5,gf,0.265,mm,OK,--,12:49:24 PM,11/27/2025,
55,32.4,gf,0.265,mm,OK,--,12:49:24 PM,11/27/2025,
56,32.4,gf,0.270,mm,OK,--,12:49:25 PM,11/27/2025,
57,32.4,gf,0.275,mm,OK,--,12:49:25 PM,11/27/2025,
58,32.4,gf,0.280,mm,OK,--,12:49:25 PM,11/27/2025,
59,32.4,gf,0.285,mm,OK,--,12:49:25 PM,11/27/2025,
60,32.5,gf,0.290,mm,OK,--,12:49:25 PM,11/27/2025,
61,32.5,gf,0.295,mm,OK,--,12:49:25 PM,11/27/2025,
62,32.5,gf,0.300,mm,OK,--,12:49:25 PM,11/27/2025,
63,32.5,gf,0.305,mm,OK,--,12:49:25 PM,11/27/2025,
64,32.5,gf,0.305,mm,OK,--,12:49:25 PM,11/27/2025,
65,32.5,gf,0.310,mm,OK,--,12:49:25 PM,11/27/2025,
66,32.5,gf,0.315,mm,OK,--,12:49:26 PM,11/27/2025,
67,32.5,gf,0.320,mm,OK,--,12:49:26 PM,11/27/2025,
68,32.5,gf,0.325,mm,OK,--,12:49:26 PM,11/27/2025,
69,32.5,gf,0.330,mm,OK,--,12:49:26 PM,11/27/2025,
70,32.5,gf,0.335,mm,OK,--,12:49:26 PM,11/27/2025,
71,32.5,gf,0.335,mm,OK,--,12:49:26 PM,11/27/2025,
72,32.5,gf,0.340,mm,OK,--,12:49:26 PM,11/27/2025,
73,32.6,gf,0.345,mm,OK,--,12:49:26 PM,11/27/2025,
74,32.6,gf,0.350,mm,OK,--,12:49:26 PM,11/27/2025,
75,32.7,gf,0.360,mm,OK,--,12:49:26 PM,11/27/2025,
76,32.7,gf,0.365,mm,OK,--,12:49:27 PM,11/27/2025,
77,32.7,gf,0.370,mm,OK,--,12:49:27 PM,11/27/2025,
78,32.7,gf,0.380,mm,OK,--,12:49:27 PM,11/27/2025,
79,32.7,gf,0.390,mm,OK,--,12:49:27 PM,11/27/2025,
80,32.8,gf,0.400,mm,OK,--,12:49:27 PM,11/27/2025,
81,32.7,gf,0.405,mm,OK,--,12:49:27 PM,11/27/2025,
82,32.8,gf,0.415,mm,OK,--,12:49:27 PM,11/27/2025,
83,32.8,gf,0.420,mm,OK,--,12:49:27 PM,11/27/2025,
84,32.8,gf,0.430,mm,OK,--,12:49:27 PM,11/27/2025,
85,32.9,gf,0.435,mm,OK,--,12:49:27 PM,11/27/2025,
86,32.9,gf,0.445,mm,OK,--,12:49:28 PM,11/27/2025,
87,32.9,gf,0.450,mm,OK,--,12:49:28 PM,11/27/2025,
88,32.9,gf,0.460,mm,OK,--,12:49:28 PM,11/27/2025,
89,32.9,gf,0.470,mm,OK,--,12:49:28 PM,11/27/2025,
90,33.0,gf,0.475,mm,OK,--,12:49:28 PM,11/27/2025,
91,33.0,gf,0.480,mm,OK,--,12:49:28 PM,11/27/2025,
92,33.0,gf,0.485,mm,OK,--,12:49:28 PM,11/27/2025,
93,33.0,gf,0.490,mm,OK,--,12:49:28 PM,11/27/2025,
94,33.0,gf,0.495,mm,OK,--,12:49:28 PM,11/27/2025,
95,33.1,gf,0.505,mm,OK,--,12:49:28 PM,11/27/2025,
96,33.1,gf,0.510,mm,OK,--,12:49:29 PM,11/27/2025,
97,33.1,gf,0.520,mm,OK,--,12:49:29 PM,11/27/2025,
98,33.1,gf,0.525,mm,OK,--,12:49:29 PM,11/27/2025,
99,33.2,gf,0.530,mm,OK,--,12:49:29 PM,11/27/2025,
100,33.2,gf,0.540,mm,OK,--,12:49:29 PM,11/27/2025,
101,33.2,gf,0.545,mm,OK,--,12:49:29 PM,11/27/2025,
102,33.2,gf,0.555,mm,OK,--,12:49:29 PM,11/27/2025,
103,33.2,gf,0.560,mm,OK,--,12:49:29 PM,11/27/2025,
104,33.3,gf,0.570,mm,OK,--,12:49:29 PM,11/27/2025,
105,33.3,gf,0.575,mm,OK,--,12:49:29 PM,11/27/2025,
106,33.3,gf,0.585,mm,OK,--,12:49:30 PM,11/27/2025,
107,33.4,gf,0.595,mm,OK,--,12:49:30 PM,11/27/2025,
108,33.4,gf,0.605,mm,OK,--,12:49:30 PM,11/27/2025,
109,33.4,gf,0.615,mm,OK,--,12:49:30 PM,11/27/2025,
110,33.5,gf,0.620,mm,OK,--,12:49:30 PM,11/27/2025,
111,33.5,gf,0.630,mm,OK,--,12:49:30 PM,11/27/2025,
112,33.5,gf,0.635,mm,OK,--,12:49:30 PM,11/27/2025,
113,33.5,gf,0.645,mm,OK,--,12:49:30 PM,11/27/2025,
114,33.6,gf,0.655,mm,OK,--,12:49:30 PM,11/27/2025,
115,33.7,gf,0.665,mm,OK,--,12:49:30 PM,11/27/2025,
116,33.6,gf,0.675,mm,OK,--,12:49:31 PM,11/27/2025,
117,33.6,gf,0.685,mm,OK,--,12:49:31 PM,11/27/2025,
118,33.7,gf,0.695,mm,OK,--,12:49:31 PM,11/27/2025,
119,33.7,gf,0.705,mm,OK,--,12:49:31 PM,11/27/2025,
120,33.8,gf,0.715,mm,OK,--,12:49:31 PM,11/27/2025,
121,33.8,gf,0.720,mm,OK,--,12:49:31 PM,11/27/2025,
122,33.8,gf,0.730,mm,OK,--,12:49:31 PM,11/27/2025,
123,33.9,gf,0.740,mm,OK,--,12:49:31 PM,11/27/2025,
124,33.9,gf,0.750,mm,OK,--,12:49:31 PM,11/27/2025,
125,33.9,gf,0.755,mm,OK,--,12:49:31 PM,11/27/2025,
126,34.0,gf,0.765,mm,OK,--,12:49:32 PM,11/27/2025,
127,34.0,gf,0.770,mm,OK,--,12:49:32 PM,11/27/2025,
128,34.0,gf,0.775,mm,OK,--,12:49:32 PM,11/27/2025,
129,34.0,gf,0.785,mm,OK,--,12:49:32 PM,11/27/2025,
130,34.0,gf,0.785,mm,OK,--,12:49:32 PM,11/27/2025,
131,34.1,gf,0.790,mm,OK,--,12:49:32 PM,11/27/2025,
132,34.1,gf,0.795,mm,OK,--,12:49:32 PM,11/27/2025,
133,34.1,gf,0.800,mm,OK,--,12:49:32 PM,11/27/2025,
134,34.1,gf,0.805,mm,OK,--,12:49:32 PM,11/27/2025,
135,34.1,gf,0.805,mm,OK,--,12:49:32 PM,11/27/2025,
136,34.1,gf,0.810,mm,OK,--,12:49:33 PM,11/27/2025,
137,34.1,gf,0.815,mm,OK,--,12:49:33 PM,11/27/2025,
138,34.1,gf,0.820,mm,OK,--,12:49:33 PM,11/27/2025,
139,34.1,gf,0.825,mm,OK,--,12:49:33 PM,11/27/2025,
140,34.2,gf,0.830,mm,OK,--,12:49:33 PM,11/27/2025,
141,34.2,gf,0.835,mm,OK,--,12:49:33 PM,11/27/2025,
142,34.2,gf,0.840,mm,OK,--,12:49:33 PM,11/27/2025,
143,34.2,gf,0.845,mm,OK,--,12:49:33 PM,11/27/2025,
144,34.3,gf,0.850,mm,OK,--,12:49:33 PM,11/27/2025,
145,34.3,gf,0.855,mm,OK,--,12:49:33 PM,11/27/2025,
146,34.3,gf,0.865,mm,OK,--,12:49:34 PM,11/27/2025,
147,34.3,gf,0.870,mm,OK,--,12:49:34 PM,11/27/2025,
148,34.3,gf,0.875,mm,OK,--,12:49:34 PM,11/27/2025,
149,34.3,gf,0.880,mm,OK,--,12:49:34 PM,11/27/2025,
150,34.4,gf,0.885,mm,OK,--,12:49:34 PM,11/27/2025,
151,34.4,gf,0.890,mm,OK,--,12:49:34 PM,11/27/2025,
152,34.4,gf,0.895,mm,OK,--,12:49:34 PM,11/27/2025,
153,34.4,gf,0.900,mm,OK,--,12:49:34 PM,11/27/2025,
154,34.4,gf,0.905,mm,OK,--,12:49:34 PM,11/27/2025,
155,34.5,gf,0.910,mm,OK,--,12:49:34 PM,11/27/2025,
156,34.5,gf,0.915,mm,OK,--,12:49:35 PM,11/27/2025,
157,34.5,gf,0.925,mm,OK,--,12:49:35 PM,11/27/2025,
158,34.5,gf,0.930,mm,OK,--,12:49:35 PM,11/27/2025,
159,34.5,gf,0.935,mm,OK,--,12:49:35 PM,11/27/2025,
160,34.6,gf,0.940,mm,OK,--,12:49:35 PM,11/27/2025,
161,34.6,gf,0.945,mm,OK,--,12:49:35 PM,11/27/2025,
162,34.6,gf,0.950,mm,OK,--,12:49:35 PM,11/27/2025,
163,34.6,gf,0.955,mm,OK,--,12:49:35 PM,11/27/2025,
164,34.6,gf,0.960,mm,OK,--,12:49:35 PM,11/27/2025,
165,34.7,gf,0.965,mm,OK,--,12:49:35 PM,11/27/2025,
166,34.7,gf,0.970,mm,OK,--,12:49:36 PM,11/27/2025,
167,34.7,gf,0.980,mm,OK,--,12:49:36 PM,11/27/2025,
168,34.7,gf,0.985,mm,OK,--,12:49:36 PM,11/27/2025,
169,34.7,gf,0.995,mm,OK,--,12:49:36 PM,11/27/2025,
170,34.7,gf,1.000,mm,OK,--,12:49:36 PM,11/27/2025,
171,34.8,gf,1.005,mm,OK,--,12:49:36 PM,11/27/2025,
172,34.9,gf,1.010,mm,OK,--,12:49:36 PM,11/27/2025,
173,34.8,gf,1.015,mm,OK,--,12:49:36 PM,11/27/2025,
174,34.8,gf,1.020,mm,OK,--,12:49:36 PM,11/27/2025,
175,34.8,gf,1.020,mm,OK,--,12:49:36 PM,11/27/2025,
176,34.9,gf,1.025,mm,OK,--,12:49:37 PM,11/27/2025,
177,34.8,gf,1.025,mm,OK,--,12:49:37 PM,11/27/2025,
178,34.9,gf,1.030,mm,OK,--,12:49:37 PM,11/27/2025,
179,34.9,gf,1.030,mm,OK,--,12:49:37 PM,11/27/2025,
180,34.9,gf,1.035,mm,OK,--,12:49:37 PM,11/27/2025,
181,34.9,gf,1.035,mm,OK,--,12:49:37 PM,11/27/2025,
182,34.9,gf,1.040,mm,OK,--,12:49:37 PM,11/27/2025,
183,34.9,gf,1.040,mm,OK,--,12:49:37 PM,11/27/2025,
184,34.9,gf,1.045,mm,OK,--,12:49:37 PM,11/27/2025,
185,34.9,gf,1.045,mm,OK,--,12:49:37 PM,11/27/2025,
186,35.0,gf,1.050,mm,OK,--,12:49:38 PM,11/27/2025,
187,35.0,gf,1.060,mm,OK,--,12:49:38 PM,11/27/2025,
188,35.0,gf,1.070,mm,OK,--,12:49:38 PM,11/27/2025,
189,35.0,gf,1.075,mm,OK,--,12:49:38 PM,11/27/2025,
190,35.0,gf,1.075,mm,OK,--,12:49:38 PM,11/27/2025,
191,35.0,gf,1.080,mm,OK,--,12:49:38 PM,11/27/2025,
192,35.1,gf,1.085,mm,OK,--,12:49:38 PM,11/27/2025,
193,35.1,gf,1.095,mm,OK,--,12:49:38 PM,11/27/2025,
194,35.1,gf,1.100,mm,OK,--,12:49:38 PM,11/27/2025,
195,35.1,gf,1.105,mm,OK,--,12:49:38 PM,11/27/2025,
196,35.1,gf,1.115,mm,OK,--,12:49:39 PM,11/27/2025,
197,35.2,gf,1.120,mm,OK,--,12:49:39 PM,11/27/2025,
198,35.2,gf,1.130,mm,OK,--,12:49:39 PM,11/27/2025,
199,35.2,gf,1.140,mm,OK,--,12:49:39 PM,11/27/2025,
200,35.3,gf,1.150,mm,OK,--,12:49:39 PM,11/27/2025,
201,35.3,gf,1.155,mm,OK,--,12:49:39 PM,11/27/2025,
202,35.3,gf,1.165,mm,OK,--,12:49:39 PM,11/27/2025,
203,35.3,gf,1.170,mm,OK,--,12:49:39 PM,11/27/2025,
204,35.3,gf,1.175,mm,OK,--,12:49:39 PM,11/27/2025,
205,35.3,gf,1.180,mm,OK,--,12:49:39 PM,11/27/2025,
206,35.4,gf,1.190,mm,OK,--,12:49:40 PM,11/27/2025,
207,35.4,gf,1.195,mm,OK,--,12:49:40 PM,11/27/2025,
208,35.4,gf,1.200,mm,OK,--,12:49:40 PM,11/27/2025,
209,35.4,gf,1.205,mm,OK,--,12:49:40 PM,11/27/2025,
210,35.5,gf,1.210,mm,OK,--,12:49:40 PM,11/27/2025,
211,35.5,gf,1.220,mm,OK,--,12:49:40 PM,11/27/2025,
212,35.5,gf,1.225,mm,OK,--,12:49:40 PM,11/27/2025,
213,35.5,gf,1.230,mm,OK,--,12:49:40 PM,11/27/2025,
214,35.5,gf,1.235,mm,OK,--,12:49:40 PM,11/27/2025,
215,35.5,gf,1.240,mm,OK,--,12:49:40 PM,11/27/2025,
216,35.5,gf,1.240,mm,OK,--,12:49:41 PM,11/27/2025,
217,35.6,gf,1.250,mm,OK,--,12:49:41 PM,11/27/2025,
218,35.6,gf,1.255,mm,OK,--,12:49:41 PM,11/27/2025,
219,35.6,gf,1.260,mm,OK,--,12:49:41 PM,11/27/2025,
220,35.6,gf,1.260,mm,OK,--,12:49:41 PM,11/27/2025,
221,35.6,gf,1.265,mm,OK,--,12:49:41 PM,11/27/2025,
222,35.6,gf,1.270,mm,OK,--,12:49:41 PM,11/27/2025,
223,35.6,gf,1.275,mm,OK,--,12:49:41 PM,11/27/2025,
224,35.6,gf,1.275,mm,OK,--,12:49:41 PM,11/27/2025,
225,35.7,gf,1.280,mm,OK,--,12:49:41 PM,11/27/2025,
226,35.7,gf,1.295,mm,OK,--,12:49:42 PM,11/27/2025,
227,35.8,gf,1.305,mm,OK,--,12:49:42 PM,11/27/2025,
228,35.8,gf,1.320,mm,OK,--,12:49:42 PM,11/27/2025,
229,35.8,gf,1.330,mm,OK,--,12:49:42 PM,11/27/2025,
230,35.8,gf,1.335,mm,OK,--,12:49:42 PM,11/27/2025,
231,35.9,gf,1.345,mm,OK,--,12:49:42 PM,11/27/2025,
232,35.9,gf,1.355,mm,OK,--,12:49:42 PM,11/27/2025,
233,36.0,gf,1.365,mm,OK,--,12:49:42 PM,11/27/2025,
234,36.0,gf,1.380,mm,OK,--,12:49:42 PM,11/27/2025,
235,36.1,gf,1.390,mm,OK,--,12:49:42 PM,11/27/2025,
236,36.0,gf,1.395,mm,OK,--,12:49:43 PM,11/27/2025,
237,36.0,gf,1.405,mm,OK,--,12:49:43 PM,11/27/2025,
238,36.1,gf,1.410,mm,OK,--,12:49:43 PM,11/27/2025,
239,36.2,gf,1.420,mm,OK,--,12:49:43 PM,11/27/2025,
240,36.2,gf,1.430,mm,OK,--,12:49:43 PM,11/27/2025,
241,36.3,gf,1.440,mm,OK,--,12:49:43 PM,11/27/2025,
242,36.3,gf,1.445,mm,OK,--,12:49:43 PM,11/27/2025,
243,36.3,gf,1.455,mm,OK,--,12:49:43 PM,11/27/2025,
244,36.3,gf,1.465,mm,OK,--,12:49:43 PM,11/27/2025,
245,36.3,gf,1.470,mm,OK,--,12:49:43 PM,11/27/2025,
246,36.4,gf,1.480,mm,OK,--,12:49:44 PM,11/27/2025,
247,36.4,gf,1.490,mm,OK,--,12:49:44 PM,11/27/2025,
248,36.5,gf,1.495,mm,OK,--,12:49:44 PM,11/27/2025,
249,36.5,gf,1.500,mm,OK,--,12:49:44 PM,11/27/2025,
250,36.5,gf,1.510,mm,OK,--,12:49:44 PM,11/27/2025,
251,36.5,gf,1.515,mm,OK,--,12:49:44 PM,11/27/2025,
252,36.6,gf,1.515,mm,OK,--,12:49:44 PM,11/27/2025,
253,36.5,gf,1.520,mm,OK,--,12:49:44 PM,11/27/2025,
254,36.6,gf,1.525,mm,OK,--,12:49:44 PM,11/27/2025,
255,36.6,gf,1.525,mm,OK,--,12:49:44 PM,11/27/2025,
256,36.6,gf,1.530,mm,OK,--,12:49:45 PM,11/27/2025,
257,36.6,gf,1.530,mm,OK,--,12:49:45 PM,11/27/2025,
258,36.6,gf,1.530,mm,OK,--,12:49:45 PM,11/27/2025,
259,36.6,gf,1.535,mm,OK,--,12:49:45 PM,11/27/2025,
260,36.6,gf,1.535,mm,OK,--,12:49:45 PM,11/27/2025,
261,36.6,gf,1.540,mm,OK,--,12:49:45 PM,11/27/2025,
262,36.6,gf,1.545,mm,OK,--,12:49:45 PM,11/27/2025,
263,36.6,gf,1.545,mm,OK,--,12:49:45 PM,11/27/2025,
264,36.7,gf,1.550,mm,OK,--,12:49:45 PM,11/27/2025,
265,36.7,gf,1.555,mm,OK,--,12:49:45 PM,11/27/2025,
266,36.7,gf,1.555,mm,OK,--,12:49:46 PM,11/27/2025,
267,36.7,gf,1.560,mm,OK,--,12:49:46 PM,11/27/2025,
268,36.7,gf,1.560,mm,OK,--,12:49:46 PM,11/27/2025,
269,36.7,gf,1.565,mm,OK,--,12:49:46 PM,11/27/2025,
270,36.7,gf,1.570,mm,OK,--,12:49:46 PM,11/27/2025,
271,36.7,gf,1.575,mm,OK,--,12:49:46 PM,11/27/2025,
272,36.7,gf,1.575,mm,OK,--,12:49:46 PM,11/27/2025,
273,36.8,gf,1.580,mm,OK,--,12:49:46 PM,11/27/2025,
274,36.8,gf,1.585,mm,OK,--,12:49:46 PM,11/27/2025,
275,36.8,gf,1.590,mm,OK,--,12:49:46 PM,11/27/2025,
276,36.8,gf,1.590,mm,OK,--,12:49:47 PM,11/27/2025,
277,36.8,gf,1.595,mm,OK,--,12:49:47 PM,11/27/2025,
278,36.8,gf,1.600,mm,OK,--,12:49:47 PM,11/27/2025,
279,36.8,gf,1.605,mm,OK,--,12:49:47 PM,11/27/2025,
280,36.8,gf,1.610,mm,OK,--,12:49:47 PM,11/27/2025,
281,36.9,gf,1.610,mm,OK,--,12:49:47 PM,11/27/2025,
282,36.9,gf,1.615,mm,OK,--,12:49:47 PM,11/27/2025,
283,36.9,gf,1.620,mm,OK,--,12:49:47 PM,11/27/2025,
284,36.9,gf,1.625,mm,OK,--,12:49:47 PM,11/27/2025,
285,37.0,gf,1.630,mm,OK,--,12:49:47 PM,11/27/2025,
286,37.0,gf,1.635,mm,OK,--,12:49:48 PM,11/27/2025,
287,37.0,gf,1.640,mm,OK,--,12:49:48 PM,11/27/2025,
288,37.1,gf,1.645,mm,OK,--,12:49:48 PM,11/27/2025,
289,37.1,gf,1.650,mm,OK,--,12:49:48 PM,11/27/2025,
290,37.1,gf,1.655,mm,OK,--,12:49:48 PM,11/27/2025,
291,37.1,gf,1.655,mm,OK,--,12:49:48 PM,11/27/2025,
292,37.1,gf,1.660,mm,OK,--,12:49:48 PM,11/27/2025,
293,37.1,gf,1.665,mm,OK,--,12:49:48 PM,11/27/2025,
294,37.1,gf,1.670,mm,OK,--,12:49:48 PM,11/27/2025,
295,37.1,gf,1.670,mm,OK,--,12:49:48 PM,11/27/2025,
296,37.1,gf,1.675,mm,OK,--,12:49:49 PM,11/27/2025,
297,37.2,gf,1.680,mm,OK,--,12:49:49 PM,11/27/2025,
298,37.2,gf,1.685,mm,OK,--,12:49:49 PM,11/27/2025,
299,37.2,gf,1.690,mm,OK,--,12:49:49 PM,11/27/2025,
300,37.2,gf,1.695,mm,OK,--,12:49:49 PM,11/27/2025,
301,37.2,gf,1.695,mm,OK,--,12:49:49 PM,11/27/2025,
302,37.2,gf,1.700,mm,OK,--,12:49:49 PM,11/27/2025,
303,37.2,gf,1.705,mm,OK,--,12:49:49 PM,11/27/2025,
304,37.3,gf,1.710,mm,OK,--,12:49:49 PM,11/27/2025,
305,37.3,gf,1.715,mm,OK,--,12:49:49 PM,11/27/2025,
306,37.3,gf,1.720,mm,OK,--,12:49:50 PM,11/27/2025,
307,37.3,gf,1.720,mm,OK,--,12:49:50 PM,11/27/2025,
308,37.3,gf,1.725,mm,OK,--,12:49:50 PM,11/27/2025,
309,37.3,gf,1.725,mm,OK,--,12:49:50 PM,11/27/2025,
310,37.3,gf,1.730,mm,OK,--,12:49:50 PM,11/27/2025,
311,37.3,gf,1.730,mm,OK,--,12:49:50 PM,11/27/2025,
312,37.3,gf,1.730,mm,OK,--,12:49:50 PM,11/27/2025,
313,37.3,gf,1.735,mm,OK,--,12:49:50 PM,11/27/2025,
314,37.4,gf,1.735,mm,OK,--,12:49:50 PM,11/27/2025,
315,37.4,gf,1.740,mm,OK,--,12:49:50 PM,11/27/2025,
316,37.4,gf,1.740,mm,OK,--,12:49:51 PM,11/27/2025,
317,37.4,gf,1.740,mm,OK,--,12:49:51 PM,11/27/2025,
318,37.4,gf,1.745,mm,OK,--,12:49:51 PM,11/27/2025,
319,37.4,gf,1.745,mm,OK,--,12:49:51 PM,11/27/2025,
320,37.4,gf,1.750,mm,OK,--,12:49:51 PM,11/27/2025,
321,37.4,gf,1.750,mm,OK,--,12:49:51 PM,11/27/2025,
322,37.4,gf,1.755,mm,OK,--,12:49:51 PM,11/27/2025,
323,37.4,gf,1.755,mm,OK,--,12:49:51 PM,11/27/2025,
324,37.5,gf,1.760,mm,OK,--,12:49:51 PM,11/27/2025,
325,37.5,gf,1.760,mm,OK,--,12:49:51 PM,11/27/2025,
326,37.5,gf,1.765,mm,OK,--,12:49:52 PM,11/27/2025,
327,37.5,gf,1.770,mm,OK,--,12:49:52 PM,11/27/2025,
328,37.5,gf,1.770,mm,OK,--,12:49:52 PM,11/27/2025,
329,37.5,gf,1.775,mm,OK,--,12:49:52 PM,11/27/2025,
330,37.5,gf,1.775,mm,OK,--,12:49:52 PM,11/27/2025,
331,37.5,gf,1.780,mm,OK,--,12:49:52 PM,11/27/2025,
332,37.5,gf,1.785,mm,OK,--,12:49:52 PM,11/27/2025,
333,37.5,gf,1.785,mm,OK,--,12:49:52 PM,11/27/2025,
334,37.6,gf,1.790,mm,OK,--,12:49:52 PM,11/27/2025,
335,37.6,gf,1.790,mm,OK,--,12:49:52 PM,11/27/2025,
336,37.6,gf,1.790,mm,OK,--,12:49:53 PM,11/27/2025,
337,37.6,gf,1.795,mm,OK,--,12:49:53 PM,11/27/2025,
338,37.6,gf,1.795,mm,OK,--,12:49:53 PM,11/27/2025,
339,37.6,gf,1.795,mm,OK,--,12:49:53 PM,11/27/2025,
340,37.6,gf,1.800,mm,OK,--,12:49:53 PM,11/27/2025,
341,37.6,gf,1.800,mm,OK,--,12:49:53 PM,11/27/2025,
342,37.6,gf,1.805,mm,OK,--,12:49:53 PM,11/27/2025,
343,37.6,gf,1.810,mm,OK,--,12:49:53 PM,11/27/2025,
344,37.6,gf,1.810,mm,OK,--,12:49:53 PM,11/27/2025,
345,37.6,gf,1.815,mm,OK,--,12:49:53 PM,11/27/2025,
346,37.6,gf,1.815,mm,OK,--,12:49:54 PM,11/27/2025,
347,37.7,gf,1.820,mm,OK,--,12:49:54 PM,11/27/2025,
348,37.7,gf,1.820,mm,OK,--,12:49:54 PM,11/27/2025,
349,37.7,gf,1.825,mm,OK,--,12:49:54 PM,11/27/2025,
350,37.6,gf,1.825,mm,OK,--,12:49:54 PM,11/27/2025,
351,37.7,gf,1.830,mm,OK,--,12:49:54 PM,11/27/2025,
352,37.7,gf,1.830,mm,OK,--,12:49:54 PM,11/27/2025,
353,37.7,gf,1.835,mm,OK,--,12:49:54 PM,11/27/2025,
354,37.7,gf,1.835,mm,OK,--,12:49:54 PM,11/27/2025,
355,37.7,gf,1.835,mm,OK,--,12:49:54 PM,11/27/2025,
356,37.7,gf,1.840,mm,OK,--,12:49:55 PM,11/27/2025,
357,37.7,gf,1.840,mm,OK,--,12:49:55 PM,11/27/2025,
358,37.7,gf,1.845,mm,OK,--,12:49:55 PM,11/27/2025,
359,37.7,gf,1.845,mm,OK,--,12:49:55 PM,11/27/2025,
360,37.7,gf,1.850,mm,OK,--,12:49:55 PM,11/27/2025,
361,37.7,gf,1.850,mm,OK,--,12:49:55 PM,11/27/2025,
362,37.7,gf,1.850,mm,OK,--,12:49:55 PM,11/27/2025,
363,37.7,gf,1.855,mm,OK,--,12:49:55 PM,11/27/2025,
364,37.7,gf,1.855,mm,OK,--,12:49:55 PM,11/27/2025,
365,37.8,gf,1.860,mm,OK,--,12:49:55 PM,11/27/2025,
366,37.8,gf,1.860,mm,OK,--,12:49:56 PM,11/27/2025,
367,37.8,gf,1.865,mm,OK,--,12:49:56 PM,11/27/2025,
368,37.8,gf,1.870,mm,OK,--,12:49:56 PM,11/27/2025,
369,37.8,gf,1.870,mm,OK,--,12:49:56 PM,11/27/2025,
370,37.8,gf,1.875,mm,OK,--,12:49:56 PM,11/27/2025,
371,37.8,gf,1.880,mm,OK,--,12:49:56 PM,11/27/2025,
372,37.8,gf,1.880,mm,OK,--,12:49:56 PM,11/27/2025,
373,37.8,gf,1.885,mm,OK,--,12:49:56 PM,11/27/2025,
374,37.8,gf,1.885,mm,OK,--,12:49:56 PM,11/27/2025,
375,37.8,gf,1.885,mm,OK,--,12:49:56 PM,11/27/2025,
376,37.8,gf,1.890,mm,OK,--,12:49:57 PM,11/27/2025,
377,37.8,gf,1.890,mm,OK,--,12:49:57 PM,11/27/2025,
378,37.8,gf,1.895,mm,OK,--,12:49:57 PM,11/27/2025,
379,37.8,gf,1.895,mm,OK,--,12:49:57 PM,11/27/2025,
380,37.9,gf,1.895,mm,OK,--,12:49:57 PM,11/27/2025,
381,37.9,gf,1.900,mm,OK,--,12:49:57 PM,11/27/2025,
382,37.9,gf,1.900,mm,OK,--,12:49:57 PM,11/27/2025,
383,37.9,gf,1.905,mm,OK,--,12:49:57 PM,11/27/2025,
384,37.9,gf,1.905,mm,OK,--,12:49:57 PM,11/27/2025,
385,37.9,gf,1.905,mm,OK,--,12:49:57 PM,11/27/2025,
386,37.9,gf,1.910,mm,OK,--,12:49:58 PM,11/27/2025,
387,37.9,gf,1.910,mm,OK,--,12:49:58 PM,11/27/2025,
388,37.9,gf,1.910,mm,OK,--,12:49:58 PM,11/27/2025,
389,37.9,gf,1.910,mm,OK,--,12:49:58 PM,11/27/2025,
390,37.9,gf,1.915,mm,OK,--,12:49:58 PM,11/27/2025,
391,37.9,gf,1.915,mm,OK,--,12:49:58 PM,11/27/2025,
392,37.9,gf,1.915,mm,OK,--,12:49:58 PM,11/27/2025,
393,37.9,gf,1.920,mm,OK,--,12:49:58 PM,11/27/2025,
394,37.9,gf,1.920,mm,OK,--,12:49:58 PM,11/27/2025,
395,38.0,gf,1.925,mm,OK,--,12:49:58 PM,11/27/2025,
396,38.0,gf,1.925,mm,OK,--,12:49:59 PM,11/27/2025,
397,38.0,gf,1.930,mm,OK,--,12:49:59 PM,11/27/2025,
398,38.0,gf,1.930,mm,OK,--,12:49:59 PM,11/27/2025,
399,38.0,gf,1.930,mm,OK,--,12:49:59 PM,11/27/2025,
400,38.0,gf,1.935,mm,OK,--,12:49:59 PM,11/27/2025,
401,38.0,gf,1.935,mm,OK,--,12:49:59 PM,11/27/2025,
402,38.0,gf,1.940,mm,OK,--,12:49:59 PM,11/27/2025,
403,38.0,gf,1.940,mm,OK,--,12:49:59 PM,11/27/2025,
404,38.0,gf,1.940,mm,OK,--,12:49:59 PM,11/27/2025,
405,38.0,gf,1.940,mm,OK,--,12:49:59 PM,11/27/2025,
406,38.0,gf,1.945,mm,OK,--,12:50:00 PM,11/27/2025,
407,38.0,gf,1.945,mm,OK,--,12:50:00 PM,11/27/2025,
408,38.0,gf,1.945,mm,OK,--,12:50:00 PM,11/27/2025,
409,38.0,gf,1.950,mm,OK,--,12:50:00 PM,11/27/2025,
410,38.1,gf,1.950,mm,OK,--,12:50:00 PM,11/27/2025,
411,38.1,gf,1.950,mm,OK,--,12:50:00 PM,11/27/2025,
412,38.1,gf,1.955,mm,OK,--,12:50:00 PM,11/27/2025,
413,38.1,gf,1.955,mm,OK,--,12:50:00 PM,11/27/2025,
414,38.1,gf,1.960,mm,OK,--,12:50:00 PM,11/27/2025,
415,38.1,gf,1.960,mm,OK,--,12:50:00 PM,11/27/2025,
416,38.1,gf,1.965,mm,OK,--,12:50:01 PM,11/27/2025,
417,38.1,gf,1.965,mm,OK,--,12:50:01 PM,11/27/2025,
418,38.1,gf,1.965,mm,OK,--,12:50:01 PM,11/27/2025,
419,38.1,gf,1.970,mm,OK,--,12:50:01 PM,11/27/2025,
420,38.1,gf,1.970,mm,OK,--,12:50:01 PM,11/27/2025,
421,38.1,gf,1.970,mm,OK,--,12:50:01 PM,11/27/2025,
422,38.1,gf,1.975,mm,OK,--,12:50:01 PM,11/27/2025,
423,38.1,gf,1.975,mm,OK,--,12:50:01 PM,11/27/2025,
424,38.2,gf,1.980,mm,OK,--,12:50:01 PM,11/27/2025,
425,38.2,gf,1.985,mm,OK,--,12:50:01 PM,11/27/2025,
426,38.2,gf,1.985,mm,OK,--,12:50:02 PM,11/27/2025,
427,38.2,gf,1.990,mm,OK,--,12:50:02 PM,11/27/2025,
428,38.2,gf,1.990,mm,OK,--,12:50:02 PM,11/27/2025,
429,38.3,gf,1.995,mm,OK,--,12:50:02 PM,11/27/2025,
430,38.3,gf,2.000,mm,OK,--,12:50:02 PM,11/27/2025,
431,38.3,gf,2.000,mm,OK,--,12:50:02 PM,11/27/2025,
432,38.3,gf,2.005,mm,OK,--,12:50:02 PM,11/27/2025,
433,38.3,gf,2.005,mm,OK,--,12:50:02 PM,11/27/2025,
434,38.3,gf,2.010,mm,OK,--,12:50:02 PM,11/27/2025,
435,38.3,gf,2.015,mm,OK,--,12:50:02 PM,11/27/2025,
436,38.3,gf,2.020,mm,OK,--,12:50:03 PM,11/27/2025,
437,38.4,gf,2.025,mm,OK,--,12:50:03 PM,11/27/2025,
438,38.4,gf,2.030,mm,OK,--,12:50:03 PM,11/27/2025,
439,38.4,gf,2.030,mm,OK,--,12:50:03 PM,11/27/2025,
440,38.4,gf,2.035,mm,OK,--,12:50:03 PM,11/27/2025,
441,38.4,gf,2.040,mm,OK,--,12:50:03 PM,11/27/2025,
442,38.4,gf,2.045,mm,OK,--,12:50:03 PM,11/27/2025,
443,38.5,gf,2.050,mm,OK,--,12:50:03 PM,11/27/2025,
444,38.5,gf,2.055,mm,OK,--,12:50:03 PM,11/27/2025,
445,38.5,gf,2.060,mm,OK,--,12:50:03 PM,11/27/2025,
446,38.5,gf,2.060,mm,OK,--,12:50:04 PM,11/27/2025,
447,38.5,gf,2.065,mm,OK,--,12:50:04 PM,11/27/2025,
448,38.5,gf,2.065,mm,OK,--,12:50:04 PM,11/27/2025,
449,38.5,gf,2.070,mm,OK,--,12:50:04 PM,11/27/2025,
450,38.5,gf,2.070,mm,OK,--,12:50:04 PM,11/27/2025,
451,38.6,gf,2.075,mm,OK,--,12:50:04 PM,11/27/2025,
452,38.6,gf,2.080,mm,OK,--,12:50:04 PM,11/27/2025,
453,38.6,gf,2.080,mm,OK,--,12:50:04 PM,11/27/2025,
454,38.7,gf,2.080,mm,OK,--,12:50:04 PM,11/27/2025,
455,38.6,gf,2.085,mm,OK,--,12:50:04 PM,11/27/2025,
456,38.7,gf,2.090,mm,OK,--,12:50:05 PM,11/27/2025,
457,38.6,gf,2.095,mm,OK,--,12:50:05 PM,11/27/2025,
458,38.7,gf,2.095,mm,OK,--,12:50:05 PM,11/27/2025,
459,38.7,gf,2.100,mm,OK,--,12:50:05 PM,11/27/2025,
460,38.7,gf,2.100,mm,OK,--,12:50:05 PM,11/27/2025,
461,38.7,gf,2.105,mm,OK,--,12:50:05 PM,11/27/2025,
462,38.7,gf,2.105,mm,OK,--,12:50:05 PM,11/27/2025,
463,38.7,gf,2.110,mm,OK,--,12:50:05 PM,11/27/2025,
464,38.8,gf,2.110,mm,OK,--,12:50:05 PM,11/27/2025,
465,38.7,gf,2.115,mm,OK,--,12:50:05 PM,11/27/2025,
466,38.7,gf,2.115,mm,OK,--,12:50:06 PM,11/27/2025,
467,38.7,gf,2.120,mm,OK,--,12:50:06 PM,11/27/2025,
468,38.7,gf,2.125,mm,OK,--,12:50:06 PM,11/27/2025,
469,38.7,gf,2.130,mm,OK,--,12:50:06 PM,11/27/2025,
470,38.7,gf,2.135,mm,OK,--,12:50:06 PM,11/27/2025,
471,38.7,gf,2.135,mm,OK,--,12:50:06 PM,11/27/2025,
472,38.7,gf,2.140,mm,OK,--,12:50:06 PM,11/27/2025,
473,38.8,gf,2.140,mm,OK,--,12:50:06 PM,11/27/2025,
474,38.8,gf,2.145,mm,OK,--,12:50:06 PM,11/27/2025,
475,38.8,gf,2.145,mm,OK,--,12:50:06 PM,11/27/2025,
476,38.8,gf,2.150,mm,OK,--,12:50:07 PM,11/27/2025,
477,38.8,gf,2.155,mm,OK,--,12:50:07 PM,11/27/2025,
478,38.8,gf,2.155,mm,OK,--,12:50:07 PM,11/27/2025,
479,38.8,gf,2.160,mm,OK,--,12:50:07 PM,11/27/2025,
480,38.8,gf,2.160,mm,OK,--,12:50:07 PM,11/27/2025,
481,38.8,gf,2.160,mm,OK,--,12:50:07 PM,11/27/2025,
482,38.8,gf,2.165,mm,OK,--,12:50:07 PM,11/27/2025,
483,38.8,gf,2.165,mm,OK,--,12:50:07 PM,11/27/2025,
484,38.8,gf,2.165,mm,OK,--,12:50:07 PM,11/27/2025,
485,38.8,gf,2.165,mm,OK,--,12:50:07 PM,11/27/2025,
486,38.8,gf,2.170,mm,OK,--,12:50:08 PM,11/27/2025,
487,38.8,gf,2.170,mm,OK,--,12:50:08 PM,11/27/2025,
488,38.8,gf,2.175,mm,OK,--,12:50:08 PM,11/27/2025,
489,38.8,gf,2.175,mm,OK,--,12:50:08 PM,11/27/2025,
490,38.8,gf,2.175,mm,OK,--,12:50:08 PM,11/27/2025,
491,38.8,gf,2.175,mm,OK,--,12:50:08 PM,11/27/2025,
492,38.9,gf,2.180,mm,OK,--,12:50:08 PM,11/27/2025,
493,38.9,gf,2.180,mm,OK,--,12:50:08 PM,11/27/2025,
494,38.9,gf,2.185,mm,OK,--,12:50:08 PM,11/27/2025,
495,38.9,gf,2.185,mm,OK,--,12:50:08 PM,11/27/2025,
496,38.9,gf,2.190,mm,OK,--,12:50:09 PM,11/27/2025,
497,38.9,gf,2.195,mm,OK,--,12:50:09 PM,11/27/2025,
498,38.9,gf,2.195,mm,OK,--,12:50:09 PM,11/27/2025,
499,38.9,gf,2.200,mm,OK,--,12:50:09 PM,11/27/2025,
500,38.9,gf,2.210,mm,OK,--,12:50:09 PM,11/27/2025,
501,39.0,gf,2.215,mm,OK,--,12:50:09 PM,11/27/2025,
502,39.0,gf,2.220,mm,OK,--,12:50:09 PM,11/27/2025,
503,39.0,gf,2.225,mm,OK,--,12:50:09 PM,11/27/2025,
504,39.1,gf,2.230,mm,OK,--,12:50:09 PM,11/27/2025,
505,39.1,gf,2.235,mm,OK,--,12:50:09 PM,11/27/2025,
506,39.1,gf,2.240,mm,OK,--,12:50:10 PM,11/27/2025,
507,39.1,gf,2.245,mm,OK,--,12:50:10 PM,11/27/2025,
508,39.1,gf,2.250,mm,OK,--,12:50:10 PM,11/27/2025,
509,39.2,gf,2.255,mm,OK,--,12:50:10 PM,11/27/2025,
510,39.2,gf,2.260,mm,OK,--,12:50:10 PM,11/27/2025,
511,39.2,gf,2.265,mm,OK,--,12:50:10 PM,11/27/2025,
512,39.2,gf,2.270,mm,OK,--,12:50:10 PM,11/27/2025,
513,39.2,gf,2.275,mm,OK,--,12:50:10 PM,11/27/2025,
514,39.3,gf,2.280,mm,OK,--,12:50:10 PM,11/27/2025,
515,39.3,gf,2.290,mm,OK,--,12:50:10 PM,11/27/2025,
516,39.2,gf,2.295,mm,OK,--,12:50:11 PM,11/27/2025,
517,39.3,gf,2.295,mm,OK,--,12:50:11 PM,11/27/2025,
518,39.3,gf,2.300,mm,OK,--,12:50:11 PM,11/27/2025,
519,39.3,gf,2.305,mm,OK,--,12:50:11 PM,11/27/2025,
520,39.3,gf,2.310,mm,OK,--,12:50:11 PM,11/27/2025,
521,39.3,gf,2.310,mm,OK,--,12:50:11 PM,11/27/2025,
522,39.3,gf,2.315,mm,OK,--,12:50:11 PM,11/27/2025,
523,39.3,gf,2.320,mm,OK,--,12:50:11 PM,11/27/2025,
524,39.3,gf,2.320,mm,OK,--,12:50:11 PM,11/27/2025,
525,39.3,gf,2.325,mm,OK,--,12:50:11 PM,11/27/2025,
526,39.3,gf,2.330,mm,OK,--,12:50:12 PM,11/27/2025,
527,39.4,gf,2.335,mm,OK,--,12:50:12 PM,11/27/2025,
528,39.4,gf,2.340,mm,OK,--,12:50:12 PM,11/27/2025,
529,39.4,gf,2.345,mm,OK,--,12:50:12 PM,11/27/2025,
530,39.4,gf,2.350,mm,OK,--,12:50:12 PM,11/27/2025,
531,39.4,gf,2.350,mm,OK,--,12:50:12 PM,11/27/2025,
532,39.4,gf,2.355,mm,OK,--,12:50:12 PM,11/27/2025,
533,39.4,gf,2.355,mm,OK,--,12:50:12 PM,11/27/2025,
534,39.4,gf,2.360,mm,OK,--,12:50:12 PM,11/27/2025,
535,39.5,gf,2.365,mm,OK,--,12:50:12 PM,11/27/2025,
536,39.5,gf,2.365,mm,OK,--,12:50:13 PM,11/27/2025,
537,39.5,gf,2.370,mm,OK,--,12:50:13 PM,11/27/2025,
538,39.4,gf,2.370,mm,OK,--,12:50:13 PM,11/27/2025,
539,39.5,gf,2.375,mm,OK,--,12:50:13 PM,11/27/2025,
540,39.5,gf,2.375,mm,OK,--,12:50:13 PM,11/27/2025,
541,39.5,gf,2.375,mm,OK,--,12:50:13 PM,11/27/2025,
542,39.5,gf,2.380,mm,OK,--,12:50:13 PM,11/27/2025,
543,39.5,gf,2.380,mm,OK,--,12:50:13 PM,11/27/2025,
544,39.5,gf,2.385,mm,OK,--,12:50:13 PM,11/27/2025,
545,39.5,gf,2.385,mm,OK,--,12:50:13 PM,11/27/2025,
546,39.5,gf,2.390,mm,OK,--,12:50:14 PM,11/27/2025,
547,39.5,gf,2.395,mm,OK,--,12:50:14 PM,11/27/2025,
548,39.5,gf,2.395,mm,OK,--,12:50:14 PM,11/27/2025,
549,39.6,gf,2.400,mm,OK,--,12:50:14 PM,11/27/2025,
550,39.6,gf,2.400,mm,OK,--,12:50:14 PM,11/27/2025,
551,39.6,gf,2.405,mm,OK,--,12:50:14 PM,11/27/2025,
552,39.6,gf,2.410,mm,OK,--,12:50:14 PM,11/27/2025,
553,39.6,gf,2.410,mm,OK,--,12:50:14 PM,11/27/2025,
554,39.6,gf,2.415,mm,OK,--,12:50:14 PM,11/27/2025,
555,39.7,gf,2.420,mm,OK,--,12:50:14 PM,11/27/2025,
556,39.7,gf,2.425,mm,OK,--,12:50:15 PM,11/27/2025,
557,39.7,gf,2.430,mm,OK,--,12:50:15 PM,11/27/2025,
558,39.8,gf,2.440,mm,OK,--,12:50:15 PM,11/27/2025,
559,39.8,gf,2.445,mm,OK,--,12:50:15 PM,11/27/2025,
560,39.8,gf,2.450,mm,OK,--,12:50:15 PM,11/27/2025,
561,39.9,gf,2.460,mm,OK,--,12:50:15 PM,11/27/2025,
562,39.9,gf,2.465,mm,OK,--,12:50:15 PM,11/27/2025,
563,39.9,gf,2.470,mm,OK,--,12:50:15 PM,11/27/2025,
564,40.0,gf,2.475,mm,OK,--,12:50:15 PM,11/27/2025,
565,40.0,gf,2.485,mm,OK,--,12:50:15 PM,11/27/2025,
566,40.0,gf,2.490,mm,OK,--,12:50:16 PM,11/27/2025,
567,40.0,gf,2.490,mm,OK,--,12:50:16 PM,11/27/2025,
568,40.1,gf,2.495,mm,OK,--,12:50:16 PM,11/27/2025,
569,40.1,gf,2.500,mm,OK,--,12:50:16 PM,11/27/2025,
570,40.1,gf,2.505,mm,OK,--,12:50:16 PM,11/27/2025,
571,40.1,gf,2.510,mm,OK,--,12:50:16 PM,11/27/2025,
572,40.2,gf,2.510,mm,OK,--,12:50:16 PM,11/27/2025,
573,40.1,gf,2.515,mm,OK,--,12:50:16 PM,11/27/2025,
574,40.2,gf,2.520,mm,OK,--,12:50:16 PM,11/27/2025,
575,40.2,gf,2.525,mm,OK,--,12:50:16 PM,11/27/2025,
576,40.2,gf,2.530,mm,OK,--,12:50:17 PM,11/27/2025,
577,40.2,gf,2.530,mm,OK,--,12:50:17 PM,11/27/2025,
578,40.2,gf,2.535,mm,OK,--,12:50:17 PM,11/27/2025,
579,40.2,gf,2.535,mm,OK,--,12:50:17 PM,11/27/2025,
580,40.2,gf,2.540,mm,OK,--,12:50:17 PM,11/27/2025,
581,40.2,gf,2.545,mm,OK,--,12:50:17 PM,11/27/2025,
582,40.2,gf,2.545,mm,OK,--,12:50:17 PM,11/27/2025,
583,40.2,gf,2.550,mm,OK,--,12:50:17 PM,11/27/2025,
584,40.2,gf,2.550,mm,OK,--,12:50:17 PM,11/27/2025,
585,40.2,gf,2.555,mm,OK,--,12:50:17 PM,11/27/2025,
586,40.2,gf,2.560,mm,OK,--,12:50:18 PM,11/27/2025,
587,40.3,gf,2.565,mm,OK,--,12:50:18 PM,11/27/2025,
588,40.3,gf,2.570,mm,OK,--,12:50:18 PM,11/27/2025,
589,40.3,gf,2.575,mm,OK,--,12:50:18 PM,11/27/2025,
590,40.3,gf,2.585,mm,OK,--,12:50:18 PM,11/27/2025,
591,40.3,gf,2.590,mm,OK,--,12:50:18 PM,11/27/2025,
592,40.3,gf,2.595,mm,OK,--,12:50:18 PM,11/27/2025,
593,40.3,gf,2.605,mm,OK,--,12:50:18 PM,11/27/2025,
594,40.4,gf,2.610,mm,OK,--,12:50:18 PM,11/27/2025,
595,40.4,gf,2.615,mm,OK,--,12:50:18 PM,11/27/2025,
596,40.4,gf,2.620,mm,OK,--,12:50:19 PM,11/27/2025,
597,40.4,gf,2.625,mm,OK,--,12:50:19 PM,11/27/2025,
598,40.4,gf,2.630,mm,OK,--,12:50:19 PM,11/27/2025,
599,40.4,gf,2.635,mm,OK,--,12:50:19 PM,11/27/2025,
600,40.5,gf,2.640,mm,OK,--,12:50:19 PM,11/27/2025,
601,40.6,gf,2.645,mm,OK,--,12:50:19 PM,11/27/2025,
602,40.5,gf,2.650,mm,OK,--,12:50:19 PM,11/27/2025,
603,40.5,gf,2.655,mm,OK,--,12:50:19 PM,11/27/2025,
604,40.5,gf,2.660,mm,OK,--,12:50:19 PM,11/27/2025,
605,40.5,gf,2.665,mm,OK,--,12:50:19 PM,11/27/2025,
606,40.5,gf,2.670,mm,OK,--,12:50:20 PM,11/27/2025,
607,40.6,gf,2.670,mm,OK,--,12:50:20 PM,11/27/2025,
608,40.6,gf,2.675,mm,OK,--,12:50:20 PM,11/27/2025,
609,40.6,gf,2.680,mm,OK,--,12:50:20 PM,11/27/2025,
610,40.6,gf,2.685,mm,OK,--,12:50:20 PM,11/27/2025,
611,40.6,gf,2.690,mm,OK,--,12:50:20 PM,11/27/2025,
612,40.7,gf,2.695,mm,OK,--,12:50:20 PM,11/27/2025,
613,40.7,gf,2.700,mm,OK,--,12:50:20 PM,11/27/2025,
614,40.7,gf,2.705,mm,OK,--,12:50:20 PM,11/27/2025,
615,40.7,gf,2.715,mm,OK,--,12:50:20 PM,11/27/2025,
616,40.8,gf,2.720,mm,OK,--,12:50:21 PM,11/27/2025,
617,40.8,gf,2.725,mm,OK,--,12:50:21 PM,11/27/2025,
618,40.8,gf,2.735,mm,OK,--,12:50:21 PM,11/27/2025,
619,40.8,gf,2.740,mm,OK,--,12:50:21 PM,11/27/2025,
620,40.8,gf,2.750,mm,OK,--,12:50:21 PM,11/27/2025,
621,40.9,gf,2.755,mm,OK,--,12:50:21 PM,11/27/2025,
622,40.9,gf,2.765,mm,OK,--,12:50:21 PM,11/27/2025,
623,40.9,gf,2.770,mm,OK,--,12:50:21 PM,11/27/2025,
624,40.9,gf,2.775,mm,OK,--,12:50:21 PM,11/27/2025,
625,40.9,gf,2.780,mm,OK,--,12:50:21 PM,11/27/2025,
626,41.0,gf,2.785,mm,OK,--,12:50:22 PM,11/27/2025,
627,41.0,gf,2.790,mm,OK,--,12:50:22 PM,11/27/2025,
628,41.0,gf,2.795,mm,OK,--,12:50:22 PM,11/27/2025,
629,41.0,gf,2.795,mm,OK,--,12:50:22 PM,11/27/2025,
630,41.0,gf,2.800,mm,OK,--,12:50:22 PM,11/27/2025,
631,40.9,gf,2.805,mm,OK,--,12:50:22 PM,11/27/2025,
632,41.0,gf,2.805,mm,OK,--,12:50:22 PM,11/27/2025,
633,41.0,gf,2.810,mm,OK,--,12:50:22 PM,11/27/2025,
634,41.1,gf,2.815,mm,OK,--,12:50:22 PM,11/27/2025,
635,41.1,gf,2.815,mm,OK,--,12:50:22 PM,11/27/2025,
636,41.0,gf,2.820,mm,OK,--,12:50:23 PM,11/27/2025,
637,41.0,gf,2.820,mm,OK,--,12:50:23 PM,11/27/2025,
638,41.0,gf,2.825,mm,OK,--,12:50:23 PM,11/27/2025,
639,41.0,gf,2.825,mm,OK,--,12:50:23 PM,11/27/2025,
640,41.0,gf,2.830,mm,OK,--,12:50:23 PM,11/27/2025,
641,41.0,gf,2.830,mm,OK,--,12:50:23 PM,11/27/2025,
642,41.1,gf,2.835,mm,OK,--,12:50:23 PM,11/27/2025,
643,41.1,gf,2.835,mm,OK,--,12:50:23 PM,11/27/2025,
644,41.1,gf,2.840,mm,OK,--,12:50:23 PM,11/27/2025,
645,41.1,gf,2.845,mm,OK,--,12:50:23 PM,11/27/2025,
646,41.1,gf,2.845,mm,OK,--,12:50:24 PM,11/27/2025,
647,41.1,gf,2.850,mm,OK,--,12:50:24 PM,11/27/2025,
648,41.2,gf,2.850,mm,OK,--,12:50:24 PM,11/27/2025,
649,41.2,gf,2.855,mm,OK,--,12:50:24 PM,11/27/2025,
650,41.2,gf,2.855,mm,OK,--,12:50:24 PM,11/27/2025,
651,41.2,gf,2.860,mm,OK,--,12:50:24 PM,11/27/2025,
652,41.2,gf,2.865,mm,OK,--,12:50:24 PM,11/27/2025,
653,41.2,gf,2.865,mm,OK,--,12:50:24 PM,11/27/2025,
654,41.2,gf,2.870,mm,OK,--,12:50:24 PM,11/27/2025,
655,41.2,gf,2.870,mm,OK,--,12:50:24 PM,11/27/2025,
656,41.2,gf,2.875,mm,OK,--,12:50:25 PM,11/27/2025,
657,41.3,gf,2.880,mm,OK,--,12:50:25 PM,11/27/2025,
658,41.3,gf,2.880,mm,OK,--,12:50:25 PM,11/27/2025,
659,41.3,gf,2.885,mm,OK,--,12:50:25 PM,11/27/2025,
660,41.3,gf,2.890,mm,OK,--,12:50:25 PM,11/27/2025,
661,41.3,gf,2.890,mm,OK,--,12:50:25 PM,11/27/2025,
662,41.3,gf,2.895,mm,OK,--,12:50:25 PM,11/27/2025,
663,41.4,gf,2.900,mm,OK,--,12:50:25 PM,11/27/2025,
664,41.4,gf,2.905,mm,OK,--,12:50:25 PM,11/27/2025,
665,41.4,gf,2.905,mm,OK,--,12:50:25 PM,11/27/2025,
666,41.4,gf,2.910,mm,OK,--,12:50:26 PM,11/27/2025,
667,41.4,gf,2.910,mm,OK,--,12:50:26 PM,11/27/2025,
668,41.4,gf,2.915,mm,OK,--,12:50:26 PM,11/27/2025,
669,41.5,gf,2.920,mm,OK,--,12:50:26 PM,11/27/2025,
670,41.5,gf,2.925,mm,OK,--,12:50:26 PM,11/27/2025,
671,41.5,gf,2.930,mm,OK,--,12:50:26 PM,11/27/2025,
672,41.6,gf,2.930,mm,OK,--,12:50:26 PM,11/27/2025,
673,41.5,gf,2.935,mm,OK,--,12:50:26 PM,11/27/2025,
674,41.5,gf,2.940,mm,OK,--,12:50:26 PM,11/27/2025,
675,41.5,gf,2.940,mm,OK,--,12:50:26 PM,11/27/2025,
676,41.5,gf,2.945,mm,OK,--,12:50:27 PM,11/27/2025,
677,41.6,gf,2.945,mm,OK,--,12:50:27 PM,11/27/2025,
678,41.6,gf,2.945,mm,OK,--,12:50:27 PM,11/27/2025,
679,41.6,gf,2.950,mm,OK,--,12:50:27 PM,11/27/2025,
680,41.6,gf,2.950,mm,OK,--,12:50:27 PM,11/27/2025,
681,41.6,gf,2.950,mm,OK,--,12:50:27 PM,11/27/2025,
682,41.6,gf,2.955,mm,OK,--,12:50:27 PM,11/27/2025,
683,41.6,gf,2.955,mm,OK,--,12:50:27 PM,11/27/2025,
684,41.6,gf,2.960,mm,OK,--,12:50:27 PM,11/27/2025,
685,41.7,gf,2.965,mm,OK,--,12:50:27 PM,11/27/2025,
686,41.7,gf,2.970,mm,OK,--,12:50:28 PM,11/27/2025,
687,41.7,gf,2.970,mm,OK,--,12:50:28 PM,11/27/2025,
688,41.7,gf,2.975,mm,OK,--,12:50:28 PM,11/27/2025,
689,41.7,gf,2.980,mm,OK,--,12:50:28 PM,11/27/2025,
690,41.8,gf,2.980,mm,OK,--,12:50:28 PM,11/27/2025,
691,41.8,gf,2.985,mm,OK,--,12:50:28 PM,11/27/2025,
692,41.8,gf,2.990,mm,OK,--,12:50:28 PM,11/27/2025,
693,41.7,gf,2.995,mm,OK,--,12:50:28 PM,11/27/2025,
694,41.8,gf,2.995,mm,OK,--,12:50:28 PM,11/27/2025,
695,41.8,gf,3.000,mm,OK,--,12:50:28 PM,11/27/2025,
696,41.8,gf,3.010,mm,OK,--,12:50:29 PM,11/27/2025,
697,41.8,gf,3.015,mm,OK,--,12:50:29 PM,11/27/2025,
698,41.8,gf,3.020,mm,OK,--,12:50:29 PM,11/27/2025,
699,41.9,gf,3.025,mm,OK,--,12:50:29 PM,11/27/2025,
700,41.9,gf,3.030,mm,OK,--,12:50:29 PM,11/27/2025,
701,41.9,gf,3.030,mm,OK,--,12:50:29 PM,11/27/2025,
702,41.8,gf,3.035,mm,OK,--,12:50:29 PM,11/27/2025,
703,41.9,gf,3.040,mm,OK,--,12:50:29 PM,11/27/2025,
704,41.9,gf,3.040,mm,OK,--,12:50:29 PM,11/27/2025,
705,41.9,gf,3.045,mm,OK,--,12:50:29 PM,11/27/2025,
706,42.0,gf,3.050,mm,OK,--,12:50:30 PM,11/27/2025,
707,42.0,gf,3.060,mm,OK,--,12:50:30 PM,11/27/2025,
708,42.0,gf,3.065,mm,OK,--,12:50:30 PM,11/27/2025,
709,42.0,gf,3.065,mm,OK,--,12:50:30 PM,11/27/2025,
710,42.1,gf,3.070,mm,OK,--,12:50:30 PM,11/27/2025,
711,42.1,gf,3.075,mm,OK,--,12:50:30 PM,11/27/2025,
712,42.1,gf,3.075,mm,OK,--,12:50:30 PM,11/27/2025,
713,42.1,gf,3.080,mm,OK,--,12:50:30 PM,11/27/2025,
714,42.1,gf,3.085,mm,OK,--,12:50:30 PM,11/27/2025,
715,42.1,gf,3.085,mm,OK,--,12:50:30 PM,11/27/2025,
716,42.1,gf,3.085,mm,OK,--,12:50:31 PM,11/27/2025,
717,42.2,gf,3.090,mm,OK,--,12:50:31 PM,11/27/2025,
718,42.2,gf,3.095,mm,OK,--,12:50:31 PM,11/27/2025,
719,42.2,gf,3.100,mm,OK,--,12:50:31 PM,11/27/2025,
720,42.2,gf,3.100,mm,OK,--,12:50:31 PM,11/27/2025,
721,42.3,gf,3.105,mm,OK,--,12:50:31 PM,11/27/2025,
722,42.2,gf,3.115,mm,OK,--,12:50:31 PM,11/27/2025,
723,42.2,gf,3.120,mm,OK,--,12:50:31 PM,11/27/2025,
724,42.2,gf,3.125,mm,OK,--,12:50:31 PM,11/27/2025,
725,42.3,gf,3.135,mm,OK,--,12:50:31 PM,11/27/2025,
726,42.3,gf,3.140,mm,OK,--,12:50:32 PM,11/27/2025,
727,42.3,gf,3.145,mm,OK,--,12:50:32 PM,11/27/2025,
728,42.3,gf,3.150,mm,OK,--,12:50:32 PM,11/27/2025,
729,42.3,gf,3.150,mm,OK,--,12:50:32 PM,11/27/2025,
730,42.3,gf,3.155,mm,OK,--,12:50:32 PM,11/27/2025,
731,42.3,gf,3.155,mm,OK,--,12:50:32 PM,11/27/2025,
732,42.3,gf,3.160,mm,OK,--,12:50:32 PM,11/27/2025,
733,42.4,gf,3.165,mm,OK,--,12:50:32 PM,11/27/2025,
734,42.4,gf,3.165,mm,OK,--,12:50:32 PM,11/27/2025,
735,42.4,gf,3.170,mm,OK,--,12:50:32 PM,11/27/2025,
736,42.4,gf,3.170,mm,OK,--,12:50:33 PM,11/27/2025,
737,42.4,gf,3.175,mm,OK,--,12:50:33 PM,11/27/2025,
738,42.4,gf,3.175,mm,OK,--,12:50:33 PM,11/27/2025,
739,42.4,gf,3.180,mm,OK,--,12:50:33 PM,11/27/2025,
740,42.4,gf,3.180,mm,OK,--,12:50:33 PM,11/27/2025,
741,42.4,gf,3.185,mm,OK,--,12:50:33 PM,11/27/2025,
742,42.5,gf,3.185,mm,OK,--,12:50:33 PM,11/27/2025,
743,42.5,gf,3.185,mm,OK,--,12:50:33 PM,11/27/2025,
744,42.5,gf,3.185,mm,OK,--,12:50:33 PM,11/27/2025,
745,42.5,gf,3.190,mm,OK,--,12:50:33 PM,11/27/2025,
746,42.5,gf,3.190,mm,OK,--,12:50:34 PM,11/27/2025,
747,42.5,gf,3.190,mm,OK,--,12:50:34 PM,11/27/2025,
748,42.5,gf,3.190,mm,OK,--,12:50:34 PM,11/27/2025,
749,42.5,gf,3.190,mm,OK,--,12:50:34 PM,11/27/2025,
750,42.5,gf,3.190,mm,OK,--,12:50:34 PM,11/27/2025,
751,42.5,gf,3.190,mm,OK,--,12:50:34 PM,11/27/2025,
752,42.5,gf,3.190,mm,OK,--,12:50:34 PM,11/27/2025,
753,42.5,gf,3.190,mm,OK,--,12:50:34 PM,11/27/2025,
754,42.5,gf,3.190,mm,OK,--,12:50:34 PM,11/27/2025,
755,42.5,gf,3.195,mm,OK,--,12:50:34 PM,11/27/2025,
756,42.5,gf,3.195,mm,OK,--,12:50:35 PM,11/27/2025,
757,42.5,gf,3.195,mm,OK,--,12:50:35 PM,11/27/2025,
758,42.5,gf,3.195,mm,OK,--,12:50:35 PM,11/27/2025,
759,42.5,gf,3.195,mm,OK,--,12:50:35 PM,11/27/2025,
760,42.5,gf,3.195,mm,OK,--,12:50:35 PM,11/27/2025,
761,42.5,gf,3.200,mm,OK,--,12:50:35 PM,11/27/2025,
762,42.6,gf,3.200,mm,OK,--,12:50:35 PM,11/27/2025,
763,42.6,gf,3.205,mm,OK,--,12:50:35 PM,11/27/2025,
764,42.5,gf,3.205,mm,OK,--,12:50:35 PM,11/27/2025,
765,42.5,gf,3.205,mm,OK,--,12:50:35 PM,11/27/2025,
766,42.5,gf,3.210,mm,OK,--,12:50:36 PM,11/27/2025,
767,42.5,gf,3.210,mm,OK,--,12:50:36 PM,11/27/2025,
768,42.6,gf,3.215,mm,OK,--,12:50:36 PM,11/27/2025,
769,42.6,gf,3.220,mm,OK,--,12:50:36 PM,11/27/2025,
770,42.6,gf,3.220,mm,OK,--,12:50:36 PM,11/27/2025,
771,42.5,gf,3.225,mm,OK,--,12:50:36 PM,11/27/2025,
772,42.5,gf,3.225,mm,OK,--,12:50:36 PM,11/27/2025,
773,42.6,gf,3.230,mm,OK,--,12:50:36 PM,11/27/2025,
774,42.6,gf,3.230,mm,OK,--,12:50:36 PM,11/27/2025,
775,42.6,gf,3.235,mm,OK,--,12:50:36 PM,11/27/2025,
776,42.7,gf,3.235,mm,OK,--,12:50:37 PM,11/27/2025,
777,42.7,gf,3.240,mm,OK,--,12:50:37 PM,11/27/2025,
778,42.7,gf,3.245,mm,OK,--,12:50:37 PM,11/27/2025,
779,42.7,gf,3.245,mm,OK,--,12:50:37 PM,11/27/2025,
780,42.7,gf,3.250,mm,OK,--,12:50:37 PM,11/27/2025,
781,42.7,gf,3.250,mm,OK,--,12:50:37 PM,11/27/2025,
782,42.8,gf,3.255,mm,OK,--,12:50:37 PM,11/27/2025,
783,42.7,gf,3.260,mm,OK,--,12:50:37 PM,11/27/2025,
784,42.7,gf,3.260,mm,OK,--,12:50:37 PM,11/27/2025,
785,42.7,gf,3.265,mm,OK,--,12:50:37 PM,11/27/2025,
786,42.8,gf,3.265,mm,OK,--,12:50:38 PM,11/27/2025,
787,42.7,gf,3.270,mm,OK,--,12:50:38 PM,11/27/2025,
788,42.8,gf,3.270,mm,OK,--,12:50:38 PM,11/27/2025,
789,42.8,gf,3.275,mm,OK,--,12:50:38 PM,11/27/2025,
790,42.8,gf,3.275,mm,OK,--,12:50:38 PM,11/27/2025,
791,42.8,gf,3.280,mm,OK,--,12:50:38 PM,11/27/2025,
792,42.7,gf,3.285,mm,OK,--,12:50:38 PM,11/27/2025,
793,42.9,gf,3.290,mm,OK,--,12:50:38 PM,11/27/2025,
794,42.9,gf,3.295,mm,OK,--,12:50:38 PM,11/27/2025,
795,42.9,gf,3.300,mm,OK,--,12:50:38 PM,11/27/2025,
796,43.0,gf,3.300,mm,OK,--,12:50:39 PM,11/27/2025,
797,43.0,gf,3.305,mm,OK,--,12:50:39 PM,11/27/2025,
798,43.0,gf,3.310,mm,OK,--,12:50:39 PM,11/27/2025,
799,42.9,gf,3.315,mm,OK,--,12:50:39 PM,11/27/2025,
800,43.0,gf,3.320,mm,OK,--,12:50:39 PM,11/27/2025,
801,43.0,gf,3.325,mm,OK,--,12:50:39 PM,11/27/2025,
802,43.0,gf,3.325,mm,OK,--,12:50:39 PM,11/27/2025,
803,43.0,gf,3.330,mm,OK,--,12:50:39 PM,11/27/2025,
804,43.0,gf,3.335,mm,OK,--,12:50:39 PM,11/27/2025,
805,43.1,gf,3.335,mm,OK,--,12:50:39 PM,11/27/2025,
806,43.1,gf,3.340,mm,OK,--,12:50:40 PM,11/27/2025,
807,43.1,gf,3.340,mm,OK,--,12:50:40 PM,11/27/2025,
808,43.1,gf,3.345,mm,OK,--,12:50:40 PM,11/27/2025,
809,43.1,gf,3.345,mm,OK,--,12:50:40 PM,11/27/2025,
810,43.2,gf,3.350,mm,OK,--,12:50:40 PM,11/27/2025,
811,43.1,gf,3.350,mm,OK,--,12:50:40 PM,11/27/2025,
812,43.1,gf,3.355,mm,OK,--,12:50:40 PM,11/27/2025,
813,43.1,gf,3.355,mm,OK,--,12:50:40 PM,11/27/2025,
814,43.1,gf,3.360,mm,OK,--,12:50:40 PM,11/27/2025,
815,43.2,gf,3.360,mm,OK,--,12:50:40 PM,11/27/2025,
816,43.2,gf,3.365,mm,OK,--,12:50:41 PM,11/27/2025,
817,43.3,gf,3.370,mm,OK,--,12:50:41 PM,11/27/2025,
818,43.2,gf,3.370,mm,OK,--,12:50:41 PM,11/27/2025,
819,43.3,gf,3.375,mm,OK,--,12:50:41 PM,11/27/2025,
820,43.3,gf,3.380,mm,OK,--,12:50:41 PM,11/27/2025,
821,43.3,gf,3.380,mm,OK,--,12:50:41 PM,11/27/2025,
822,43.4,gf,3.385,mm,OK,--,12:50:41 PM,11/27/2025,
823,43.4,gf,3.390,mm,OK,--,12:50:41 PM,11/27/2025,
824,43.4,gf,3.395,mm,OK,--,12:50:41 PM,11/27/2025,
825,43.5,gf,3.400,mm,OK,--,12:50:41 PM,11/27/2025,
826,43.1,gf,3.405,mm,OK,--,12:50:42 PM,11/27/2025,
827,43.1,gf,3.410,mm,OK,--,12:50:42 PM,11/27/2025,
828,43.2,gf,3.415,mm,OK,--,12:50:42 PM,11/27/2025,
829,43.3,gf,3.420,mm,OK,--,12:50:42 PM,11/27/2025,
830,43.3,gf,3.425,mm,OK,--,12:50:42 PM,11/27/2025,
831,43.3,gf,3.425,mm,OK,--,12:50:42 PM,11/27/2025,
832,43.3,gf,3.430,mm,OK,--,12:50:42 PM,11/27/2025,
833,43.4,gf,3.430,mm,OK,--,12:50:42 PM,11/27/2025,
834,43.3,gf,3.435,mm,OK,--,12:50:42 PM,11/27/2025,
835,43.4,gf,3.435,mm,OK,--,12:50:42 PM,11/27/2025,
836,43.4,gf,3.440,mm,OK,--,12:50:43 PM,11/27/2025,
837,43.4,gf,3.445,mm,OK,--,12:50:43 PM,11/27/2025,
838,43.5,gf,3.450,mm,OK,--,12:50:43 PM,11/27/2025,
839,43.3,gf,3.455,mm,OK,--,12:50:43 PM,11/27/2025,
840,43.4,gf,3.460,mm,OK,--,12:50:43 PM,11/27/2025,
841,43.4,gf,3.465,mm,OK,--,12:50:43 PM,11/27/2025,
842,43.5,gf,3.470,mm,OK,--,12:50:43 PM,11/27/2025,
843,43.5,gf,3.475,mm,OK,--,12:50:43 PM,11/27/2025,
844,43.5,gf,3.480,mm,OK,--,12:50:43 PM,11/27/2025,
845,43.6,gf,3.480,mm,OK,--,12:50:43 PM,11/27/2025,
846,43.6,gf,3.485,mm,OK,--,12:50:44 PM,11/27/2025,
847,43.6,gf,3.490,mm,OK,--,12:50:44 PM,11/27/2025,
848,43.6,gf,3.490,mm,OK,--,12:50:44 PM,11/27/2025,
849,43.5,gf,3.495,mm,OK,--,12:50:44 PM,11/27/2025,
850,43.5,gf,3.495,mm,OK,--,12:50:44 PM,11/27/2025,
851,43.6,gf,3.495,mm,OK,--,12:50:44 PM,11/27/2025,
852,43.6,gf,3.500,mm,OK,--,12:50:44 PM,11/27/2025,
853,43.6,gf,3.505,mm,OK,--,12:50:44 PM,11/27/2025,
854,43.6,gf,3.505,mm,OK,--,12:50:44 PM,11/27/2025,
855,43.7,gf,3.505,mm,OK,--,12:50:44 PM,11/27/2025,
856,43.7,gf,3.510,mm,OK,--,12:50:45 PM,11/27/2025,
857,43.7,gf,3.515,mm,OK,--,12:50:45 PM,11/27/2025,
858,43.7,gf,3.515,mm,OK,--,12:50:45 PM,11/27/2025,
859,43.8,gf,3.520,mm,OK,--,12:50:45 PM,11/27/2025,
860,43.8,gf,3.520,mm,OK,--,12:50:45 PM,11/27/2025,
861,43.8,gf,3.525,mm,OK,--,12:50:45 PM,11/27/2025,
862,43.9,gf,3.530,mm,OK,--,12:50:45 PM,11/27/2025,
863,43.9,gf,3.530,mm,OK,--,12:50:45 PM,11/27/2025,
864,43.7,gf,3.535,mm,OK,--,12:50:45 PM,11/27/2025,
865,43.7,gf,3.540,mm,OK,--,12:50:45 PM,11/27/2025,
866,43.7,gf,3.545,mm,OK,--,12:50:46 PM,11/27/2025,
867,43.7,gf,3.545,mm,OK,--,12:50:46 PM,11/27/2025,
868,43.8,gf,3.550,mm,OK,--,12:50:46 PM,11/27/2025,
869,43.8,gf,3.555,mm,OK,--,12:50:46 PM,11/27/2025,
870,43.8,gf,3.555,mm,OK,--,12:50:46 PM,11/27/2025,
871,43.9,gf,3.560,mm,OK,--,12:50:46 PM,11/27/2025,
872,43.9,gf,3.565,mm,OK,--,12:50:46 PM,11/27/2025,
873,44.0,gf,3.565,mm,OK,--,12:50:46 PM,11/27/2025,
874,44.0,gf,3.570,mm,OK,--,12:50:46 PM,11/27/2025,
875,44.0,gf,3.575,mm,OK,--,12:50:46 PM,11/27/2025,
876,44.1,gf,3.580,mm,OK,--,12:50:47 PM,11/27/2025,
877,44.1,gf,3.585,mm,OK,--,12:50:47 PM,11/27/2025,
878,43.8,gf,3.590,mm,OK,--,12:50:47 PM,11/27/2025,
879,43.8,gf,3.590,mm,OK,--,12:50:47 PM,11/27/2025,
880,43.9,gf,3.595,mm,OK,--,12:50:47 PM,11/27/2025,
881,43.9,gf,3.595,mm,OK,--,12:50:47 PM,11/27/2025,
882,43.9,gf,3.600,mm,OK,--,12:50:47 PM,11/27/2025,
883,44.0,gf,3.605,mm,OK,--,12:50:47 PM,11/27/2025,
884,44.0,gf,3.605,mm,OK,--,12:50:47 PM,11/27/2025,
885,44.0,gf,3.610,mm,OK,--,12:50:47 PM,11/27/2025,
886,44.0,gf,3.610,mm,OK,--,12:50:48 PM,11/27/2025,
887,44.2,gf,3.615,mm,OK,--,12:50:48 PM,11/27/2025,
888,44.2,gf,3.615,mm,OK,--,12:50:48 PM,11/27/2025,
889,44.0,gf,3.620,mm,OK,--,12:50:48 PM,11/27/2025,
890,44.1,gf,3.625,mm,OK,--,12:50:48 PM,11/27/2025,
891,44.1,gf,3.625,mm,OK,--,12:50:48 PM,11/27/2025,
892,44.1,gf,3.630,mm,OK,--,12:50:48 PM,11/27/2025,
893,44.1,gf,3.630,mm,OK,--,12:50:48 PM,11/27/2025,
894,44.2,gf,3.635,mm,OK,--,12:50:48 PM,11/27/2025,
895,44.2,gf,3.635,mm,OK,--,12:50:48 PM,11/27/2025,
896,44.2,gf,3.640,mm,OK,--,12:50:49 PM,11/27/2025,
897,44.3,gf,3.645,mm,OK,--,12:50:49 PM,11/27/2025,
898,44.0,gf,3.650,mm,OK,--,12:50:49 PM,11/27/2025,
899,44.2,gf,3.650,mm,OK,--,12:50:49 PM,11/27/2025,
900,44.2,gf,3.660,mm,OK,--,12:50:49 PM,11/27/2025,
901,44.3,gf,3.665,mm,OK,--,12:50:49 PM,11/27/2025,
902,44.4,gf,3.670,mm,OK,--,12:50:49 PM,11/27/2025,
903,44.3,gf,3.675,mm,OK,--,12:50:49 PM,11/27/2025,
904,44.3,gf,3.685,mm,OK,--,12:50:49 PM,11/27/2025,
905,44.4,gf,3.690,mm,OK,--,12:50:49 PM,11/27/2025,
906,44.5,gf,3.695,mm,OK,--,12:50:50 PM,11/27/2025,
907,44.6,gf,3.700,mm,OK,--,12:50:50 PM,11/27/2025,
908,44.7,gf,3.705,mm,OK,--,12:50:50 PM,11/27/2025,
909,44.4,gf,3.710,mm,OK,--,12:50:50 PM,11/27/2025,
910,44.6,gf,3.715,mm,OK,--,12:50:50 PM,11/27/2025,
911,44.6,gf,3.720,mm,OK,--,12:50:50 PM,11/27/2025,
912,44.8,gf,3.725,mm,OK,--,12:50:50 PM,11/27/2025,
913,45.2,gf,3.730,mm,OK,--,12:50:50 PM,11/27/2025,
914,52.2,gf,3.740,mm,OK,--,12:50:50 PM,11/27/2025,
915,57.7,gf,3.745,mm,OK,--,12:50:50 PM,11/27/2025,
916,61.7,gf,3.745,mm,OK,--,12:50:51 PM,11/27/2025,
917,65.3,gf,3.750,mm,OK,--,12:50:51 PM,11/27/2025,
918,69.3,gf,3.755,mm,OK,--,12:50:51 PM,11/27/2025,
919,73.3,gf,3.760,mm,OK,--,12:50:51 PM,11/27/2025,
920,76.3,gf,3.760,mm,OK,--,12:50:51 PM,11/27/2025,
921,79.2,gf,3.765,mm,OK,--,12:50:51 PM,11/27/2025,
922,82.6,gf,3.770,mm,OK,--,12:50:51 PM,11/27/2025,
923,85.5,gf,3.770,mm,OK,--,12:50:51 PM,11/27/2025,
924,87.5,gf,3.770,mm,OK,--,12:50:51 PM,11/27/2025,
925,89.6,gf,3.775,mm,OK,--,12:50:51 PM,11/27/2025,
926,92.5,gf,3.775,mm,OK,--,12:50:52 PM,11/27/2025,
927,94.9,gf,3.780,mm,OK,--,12:50:52 PM,11/27/2025,
928,97.9,gf,3.785,mm,OK,--,12:50:52 PM,11/27/2025,
929,101.3,gf,3.785,mm,OK,--,12:50:52 PM,11/27/2025,
930,105.1,gf,3.790,mm,OK,--,12:50:52 PM,11/27/2025,
931,108.6,gf,3.795,mm,OK,--,12:50:52 PM,11/27/2025,
932,112.2,gf,3.795,mm,OK,--,12:50:52 PM,11/27/2025,
933,116.3,gf,3.800,mm,OK,--,12:50:52 PM,11/27/2025,
934,120.3,gf,3.805,mm,OK,--,12:50:52 PM,11/27/2025,
935,124.0,gf,3.810,mm,OK,--,12:50:52 PM,11/27/2025,
936,127.8,gf,3.815,mm,OK,--,12:50:53 PM,11/27/2025,
937,131.6,gf,3.815,mm,OK,--,12:50:53 PM,11/27/2025,
938,134.9,gf,3.820,mm,OK,--,12:50:53 PM,11/27/2025,
939,137.6,gf,3.820,mm,OK,--,12:50:53 PM,11/27/2025,
940,140.9,gf,3.825,mm,OK,--,12:50:53 PM,11/27/2025,
941,144.0,gf,3.830,mm,OK,--,12:50:53 PM,11/27/2025,
942,148.1,gf,3.830,mm,OK,--,12:50:53 PM,11/27/2025,
943,153.0,gf,3.835,mm,OK,--,12:50:53 PM,11/27/2025,
944,158.3,gf,3.840,mm,OK,--,12:50:53 PM,11/27/2025,
945,163.9,gf,3.850,mm,OK,--,12:50:53 PM,11/27/2025,
946,168.8,gf,3.850,mm,OK,--,12:50:54 PM,11/27/2025,
947,173.6,gf,3.855,mm,OK,--,12:50:54 PM,11/27/2025,
948,178.3,gf,3.860,mm,OK,--,12:50:54 PM,11/27/2025,
949,182.8,gf,3.865,mm,OK,--,12:50:54 PM,11/27/2025,
950,186.6,gf,3.870,mm,OK,--,12:50:54 PM,11/27/2025,
951,190.1,gf,3.875,mm,OK,--,12:50:54 PM,11/27/2025,
952,192.6,gf,3.875,mm,OK,--,12:50:54 PM,11/27/2025,
953,194.4,gf,3.880,mm,OK,--,12:50:54 PM,11/27/2025,
954,196.3,gf,3.880,mm,OK,--,12:50:54 PM,11/27/2025,
955,197.1,gf,3.880,mm,OK,--,12:50:54 PM,11/27/2025,
956,197.1,gf,3.880,mm,OK,--,12:50:55 PM,11/27/2025,
957,197.0,gf,3.880,mm,OK,--,12:50:55 PM,11/27/2025,
958,196.9,gf,3.880,mm,OK,--,12:50:55 PM,11/27/2025,
959,197.0,gf,3.880,mm,OK,--,12:50:55 PM,11/27/2025,
960,196.9,gf,3.880,mm,OK,--,12:50:55 PM,11/27/2025,
961,196.9,gf,3.880,mm,OK,--,12:50:55 PM,11/27/2025,
962,196.9,gf,3.880,mm,OK,--,12:50:55 PM,11/27/2025,
963,196.8,gf,3.880,mm,OK,--,12:50:55 PM,11/27/2025,
964,196.8,gf,3.880,mm,OK,--,12:50:55 PM,11/27/2025,
965,196.8,gf,3.880,mm,OK,--,12:50:55 PM,11/27/2025,
966,196.8,gf,3.880,mm,OK,--,12:50:56 PM,11/27/2025,
967,196.7,gf,3.880,mm,OK,--,12:50:56 PM,11/27/2025,
968,196.7,gf,3.880,mm,OK,--,12:50:56 PM,11/27/2025,
969,196.5,gf,3.880,mm,OK,--,12:50:56 PM,11/27/2025,
970,196.4,gf,3.880,mm,OK,--,12:50:56 PM,11/27/2025,
971,196.0,gf,3.880,mm,OK,--,12:50:56 PM,11/27/2025,
972,195.9,gf,3.880,mm,OK,--,12:50:56 PM,11/27/2025,
973,195.6,gf,3.880,mm,OK,--,12:50:56 PM,11/27/2025,
974,195.4,gf,3.880,mm,OK,--,12:50:56 PM,11/27/2025,
975,195.0,gf,3.880,mm,OK,--,12:50:56 PM,11/27/2025,
976,192.9,gf,3.880,mm,OK,--,12:50:57 PM,11/27/2025,
977,190.7,gf,3.875,mm,OK,--,12:50:57 PM,11/27/2025,
978,188.6,gf,3.875,mm,OK,--,12:50:57 PM,11/27/2025,
979,185.4,gf,3.870,mm,OK,--,12:50:57 PM,11/27/2025,
980,182.9,gf,3.870,mm,OK,--,12:50:57 PM,11/27/2025,
981,181.3,gf,3.870,mm,OK,--,12:50:57 PM,11/27/2025,
982,179.3,gf,3.865,mm,OK,--,12:50:57 PM,11/27/2025,
983,177.4,gf,3.865,mm,OK,--,12:50:57 PM,11/27/2025,
984,176.4,gf,3.865,mm,OK,--,12:50:57 PM,11/27/2025,
985,176.2,gf,3.865,mm,OK,--,12:50:57 PM,11/27/2025,
986,175.9,gf,3.865,mm,OK,--,12:50:58 PM,11/27/2025,
987,175.4,gf,3.860,mm,OK,--,12:50:58 PM,11/27/2025,
988,174.7,gf,3.860,mm,OK,--,12:50:58 PM,11/27/2025,
989,174.4,gf,3.860,mm,OK,--,12:50:58 PM,11/27/2025,
990,174.0,gf,3.860,mm,OK,--,12:50:58 PM,11/27/2025,
991,173.6,gf,3.860,mm,OK,--,12:50:58 PM,11/27/2025,
992,173.2,gf,3.860,mm,OK,--,12:50:58 PM,11/27/2025,
993,172.4,gf,3.860,mm,OK,--,12:50:58 PM,11/27/2025,
994,171.8,gf,3.860,mm,OK,--,12:50:58 PM,11/27/2025,
995,171.6,gf,3.860,mm,OK,--,12:50:58 PM,11/27/2025,
996,171.2,gf,3.860,mm,OK,--,12:50:59 PM,11/27/2025,
997,170.9,gf,3.860,mm,OK,--,12:50:59 PM,11/27/2025,
998,170.6,gf,3.860,mm,OK,--,12:50:59 PM,11/27/2025,
999,170.4,gf,3.855,mm,OK,--,12:50:59 PM,11/27/2025,
1000,170.2,gf,3.855,mm,OK,--,12:50:59 PM,11/27/2025,
1001,169.7,gf,3.855,mm,OK,--,12:50:59 PM,11/27/2025,
1002,169.5,gf,3.855,mm,OK,--,12:50:59 PM,11/27/2025,
1003,169.4,gf,3.855,mm,OK,--,12:50:59 PM,11/27/2025,
1004,169.1,gf,3.855,mm,OK,--,12:50:59 PM,11/27/2025,
1005,169.0,gf,3.855,mm,OK,--,12:50:59 PM,11/27/2025,
1006,168.9,gf,3.855,mm,OK,--,12:51:00 PM,11/27/2025,
1007,168.7,gf,3.855,mm,OK,--,12:51:00 PM,11/27/2025,
1008,168.5,gf,3.855,mm,OK,--,12:51:00 PM,11/27/2025,
1009,168.2,gf,3.855,mm,OK,--,12:51:00 PM,11/27/2025,
1010,168.0,gf,3.855,mm,OK,--,12:51:00 PM,11/27/2025,
1011,167.7,gf,3.855,mm,OK,--,12:51:00 PM,11/27/2025,
1012,167.2,gf,3.855,mm,OK,--,12:51:00 PM,11/27/2025,
1013,166.7,gf,3.855,mm,OK,--,12:51:00 PM,11/27/2025,
1014,166.4,gf,3.855,mm,OK,--,12:51:00 PM,11/27/2025,
1015,166.0,gf,3.855,mm,OK,--,12:51:00 PM,11/27/2025,
1016,165.5,gf,3.855,mm,OK,--,12:51:01 PM,11/27/2025,
1017,165.0,gf,3.850,mm,OK,--,12:51:01 PM,11/27/2025,
1018,164.4,gf,3.850,mm,OK,--,12:51:01 PM,11/27/2025,
1019,163.8,gf,3.850,mm,OK,--,12:51:01 PM,11/27/2025,
1020,163.2,gf,3.850,mm,OK,--,12:51:01 PM,11/27/2025,
1021,162.6,gf,3.850,mm,OK,--,12:51:01 PM,11/27/2025,
1022,161.3,gf,3.850,mm,OK,--,12:51:01 PM,11/27/2025,
1023,159.7,gf,3.845,mm,OK,--,12:51:01 PM,11/27/2025,
1024,158.4,gf,3.845,mm,OK,--,12:51:01 PM,11/27/2025,
1025,157.6,gf,3.845,mm,OK,--,12:51:01 PM,11/27/2025,
1026,157.1,gf,3.845,mm,OK,--,12:51:02 PM,11/27/2025,
1027,156.7,gf,3.845,mm,OK,--,12:51:02 PM,11/27/2025,
1028,156.4,gf,3.845,mm,OK,--,12:51:02 PM,11/27/2025,
1029,155.9,gf,3.845,mm,OK,--,12:51:02 PM,11/27/2025,
1030,155.2,gf,3.845,mm,OK,--,12:51:02 PM,11/27/2025,
1031,154.4,gf,3.840,mm,OK,--,12:51:02 PM,11/27/2025,
1032,153.4,gf,3.840,mm,OK,--,12:51:02 PM,11/27/2025,
1033,152.2,gf,3.840,mm,OK,--,12:51:02 PM,11/27/2025,
1034,150.8,gf,3.840,mm,OK,--,12:51:02 PM,11/27/2025,
1035,149.4,gf,3.840,mm,OK,--,12:51:02 PM,11/27/2025,
1036,148.4,gf,3.835,mm,OK,--,12:51:03 PM,11/27/2025,
1037,147.3,gf,3.835,mm,OK,--,12:51:03 PM,11/27/2025,
1038,146.5,gf,3.835,mm,OK,--,12:51:03 PM,11/27/2025,
1039,145.6,gf,3.835,mm,OK,--,12:51:03 PM,11/27/2025,
1040,144.6,gf,3.835,mm,OK,--,12:51:03 PM,11/27/2025,
1041,143.9,gf,3.835,mm,OK,--,12:51:03 PM,11/27/2025,
1042,143.3,gf,3.830,mm,OK,--,12:51:03 PM,11/27/2025,
1043,142.7,gf,3.830,mm,OK,--,12:51:03 PM,11/27/2025,
1044,142.1,gf,3.830,mm,OK,--,12:51:03 PM,11/27/2025,
1045,141.5,gf,3.830,mm,OK,--,12:51:03 PM,11/27/2025,
1046,140.8,gf,3.830,mm,OK,--,12:51:04 PM,11/27/2025,
1047,139.9,gf,3.830,mm,OK,--,12:51:04 PM,11/27/2025,
1048,139.2,gf,3.830,mm,OK,--,12:51:04 PM,11/27/2025,
1049,138.7,gf,3.830,mm,OK,--,12:51:04 PM,11/27/2025,
1050,138.4,gf,3.825,mm,OK,--,12:51:04 PM,11/27/2025,
1051,138.2,gf,3.825,mm,OK,--,12:51:04 PM,11/27/2025,
1052,137.8,gf,3.825,mm,OK,--,12:51:04 PM,11/27/2025,
1053,137.6,gf,3.825,mm,OK,--,12:51:04 PM,11/27/2025,
1054,137.2,gf,3.825,mm,OK,--,12:51:04 PM,11/27/2025,
1055,136.9,gf,3.825,mm,OK,--,12:51:04 PM,11/27/2025,
1056,136.5,gf,3.825,mm,OK,--,12:51:05 PM,11/27/2025,
1057,136.1,gf,3.825,mm,OK,--,12:51:05 PM,11/27/2025,
1058,135.9,gf,3.825,mm,OK,--,12:51:05 PM,11/27/2025,
1059,135.7,gf,3.825,mm,OK,--,12:51:05 PM,11/27/2025,
1060,135.0,gf,3.825,mm,OK,--,12:51:05 PM,11/27/2025,
1061,134.4,gf,3.825,mm,OK,--,12:51:05 PM,11/27/2025,
1062,133.7,gf,3.825,mm,OK,--,12:51:05 PM,11/27/2025,
1063,133.0,gf,3.820,mm,OK,--,12:51:05 PM,11/27/2025,
1064,132.4,gf,3.820,mm,OK,--,12:51:05 PM,11/27/2025,
1065,131.7,gf,3.820,mm,OK,--,12:51:05 PM,11/27/2025,
1066,131.1,gf,3.820,mm,OK,--,12:51:06 PM,11/27/2025,
1067,130.4,gf,3.820,mm,OK,--,12:51:06 PM,11/27/2025,
1068,129.6,gf,3.820,mm,OK,--,12:51:06 PM,11/27/2025,
1069,128.8,gf,3.820,mm,OK,--,12:51:06 PM,11/27/2025,
1070,128.2,gf,3.820,mm,OK,--,12:51:06 PM,11/27/2025,
1071,127.6,gf,3.815,mm,OK,--,12:51:06 PM,11/27/2025,
1072,127.1,gf,3.815,mm,OK,--,12:51:06 PM,11/27/2025,
1073,126.7,gf,3.815,mm,OK,--,12:51:06 PM,11/27/2025,
1074,126.3,gf,3.815,mm,OK,--,12:51:06 PM,11/27/2025,
1075,125.9,gf,3.815,mm,OK,--,12:51:06 PM,11/27/2025,
1076,125.5,gf,3.815,mm,OK,--,12:51:07 PM,11/27/2025,
1077,125.2,gf,3.815,mm,OK,--,12:51:07 PM,11/27/2025,
1078,124.8,gf,3.815,mm,OK,--,12:51:07 PM,11/27/2025,
1079,124.2,gf,3.815,mm,OK,--,12:51:07 PM,11/27/2025,
1080,123.6,gf,3.815,mm,OK,--,12:51:07 PM,11/27/2025,
1081,123.2,gf,3.815,mm,OK,--,12:51:07 PM,11/27/2025,
1082,122.7,gf,3.810,mm,OK,--,12:51:07 PM,11/27/2025,
1083,122.1,gf,3.810,mm,OK,--,12:51:07 PM,11/27/2025,
1084,121.4,gf,3.810,mm,OK,--,12:51:07 PM,11/27/2025,
1085,120.9,gf,3.810,mm,OK,--,12:51:07 PM,11/27/2025,
1086,120.4,gf,3.810,mm,OK,--,12:51:08 PM,11/27/2025,
1087,120.0,gf,3.810,mm,OK,--,12:51:08 PM,11/27/2025,
1088,119.6,gf,3.810,mm,OK,--,12:51:08 PM,11/27/2025,
1089,119.4,gf,3.810,mm,OK,--,12:51:08 PM,11/27/2025,
1090,119.1,gf,3.810,mm,OK,--,12:51:08 PM,11/27/2025,
1091,118.7,gf,3.810,mm,OK,--,12:51:08 PM,11/27/2025,
1092,118.1,gf,3.810,mm,OK,--,12:51:08 PM,11/27/2025,
1093,117.4,gf,3.805,mm,OK,--,12:51:08 PM,11/27/2025,
1094,116.8,gf,3.805,mm,OK,--,12:51:08 PM,11/27/2025,
1095,116.3,gf,3.805,mm,OK,--,12:51:08 PM,11/27/2025,
1096,115.6,gf,3.805,mm,OK,--,12:51:09 PM,11/27/2025,
1097,114.7,gf,3.805,mm,OK,--,12:51:09 PM,11/27/2025,
1098,113.4,gf,3.805,mm,OK,--,12:51:09 PM,11/27/2025,
1099,112.1,gf,3.800,mm,OK,--,12:51:09 PM,11/27/2025,
1100,110.8,gf,3.800,mm,OK,--,12:51:09 PM,11/27/2025,
1101,109.4,gf,3.800,mm,OK,--,12:51:09 PM,11/27/2025,
1102,107.6,gf,3.795,mm,OK,--,12:51:09 PM,11/27/2025,
1103,106.0,gf,3.795,mm,OK,--,12:51:09 PM,11/27/2025,
1104,104.6,gf,3.795,mm,OK,--,12:51:09 PM,11/27/2025,
1105,103.4,gf,3.795,mm,OK,--,12:51:09 PM,11/27/2025,
1106,101.8,gf,3.790,mm,OK,--,12:51:10 PM,11/27/2025,
1107,100.5,gf,3.790,mm,OK,--,12:51:10 PM,11/27/2025,
1108,99.3,gf,3.790,mm,OK,--,12:51:10 PM,11/27/2025,
1109,97.9,gf,3.790,mm,OK,--,12:51:10 PM,11/27/2025,
1110,96.4,gf,3.785,mm,OK,--,12:51:10 PM,11/27/2025,
1111,95.0,gf,3.785,mm,OK,--,12:51:10 PM,11/27/2025,
1112,93.7,gf,3.785,mm,OK,--,12:51:10 PM,11/27/2025,
1113,92.5,gf,3.780,mm,OK,--,12:51:10 PM,11/27/2025,
1114,91.2,gf,3.780,mm,OK,--,12:51:10 PM,11/27/2025,
1115,89.6,gf,3.780,mm,OK,--,12:51:10 PM,11/27/2025,
1116,87.8,gf,3.780,mm,OK,--,12:51:11 PM,11/27/2025,
1117,86.1,gf,3.775,mm,OK,--,12:51:11 PM,11/27/2025,
1118,84.3,gf,3.775,mm,OK,--,12:51:11 PM,11/27/2025,
1119,82.6,gf,3.775,mm,OK,--,12:51:11 PM,11/27/2025,
1120,80.1,gf,3.770,mm,OK,--,12:51:11 PM,11/27/2025,
1121,73.3,gf,3.765,mm,OK,--,12:51:11 PM,11/27/2025,
1122,66.1,gf,3.755,mm,OK,--,12:51:11 PM,11/27/2025,
1123,60.5,gf,3.750,mm,OK,--,12:51:11 PM,11/27/2025,
1124,56.5,gf,3.750,mm,OK,--,12:51:11 PM,11/27/2025,
1125,52.3,gf,3.745,mm,OK,--,12:51:11 PM,11/27/2025,
1126,48.8,gf,3.740,mm,OK,--,12:51:12 PM,11/27/2025,
1127,45.6,gf,3.735,mm,OK,--,12:51:12 PM,11/27/2025,
1128,43.4,gf,3.735,mm,OK,--,12:51:12 PM,11/27/2025,
1129,43.4,gf,3.730,mm,OK,--,12:51:12 PM,11/27/2025,
1130,43.4,gf,3.730,mm,OK,--,12:51:12 PM,11/27/2025,
1131,43.4,gf,3.725,mm,OK,--,12:51:12 PM,11/27/2025,
1132,43.4,gf,3.725,mm,OK,--,12:51:12 PM,11/27/2025,
1133,43.4,gf,3.725,mm,OK,--,12:51:12 PM,11/27/2025,
1134,43.4,gf,3.720,mm,OK,--,12:51:12 PM,11/27/2025,
1135,43.4,gf,3.720,mm,OK,--,12:51:12 PM,11/27/2025,
1136,43.3,gf,3.720,mm,OK,--,12:51:13 PM,11/27/2025,
1137,43.3,gf,3.715,mm,OK,--,12:51:13 PM,11/27/2025,
1138,43.3,gf,3.715,mm,OK,--,12:51:13 PM,11/27/2025,
1139,43.3,gf,3.715,mm,OK,--,12:51:13 PM,11/27/2025,
1140,43.2,gf,3.710,mm,OK,--,12:51:13 PM,11/27/2025,
1141,43.2,gf,3.710,mm,OK,--,12:51:13 PM,11/27/2025,
1142,43.2,gf,3.705,mm,OK,--,12:51:13 PM,11/27/2025,
1143,43.2,gf,3.705,mm,OK,--,12:51:13 PM,11/27/2025,
1144,43.2,gf,3.700,mm,OK,--,12:51:13 PM,11/27/2025,
1145,43.1,gf,3.700,mm,OK,--,12:51:13 PM,11/27/2025,
1146,43.1,gf,3.695,mm,OK,--,12:51:14 PM,11/27/2025,
1147,43.1,gf,3.695,mm,OK,--,12:51:14 PM,11/27/2025,
1148,43.1,gf,3.690,mm,OK,--,12:51:14 PM,11/27/2025,
1149,43.0,gf,3.690,mm,OK,--,12:51:14 PM,11/27/2025,
1150,43.0,gf,3.685,mm,OK,--,12:51:14 PM,11/27/2025,
1151,43.0,gf,3.685,mm,OK,--,12:51:14 PM,11/27/2025,
1152,43.0,gf,3.680,mm,OK,--,12:51:14 PM,11/27/2025,
1153,43.0,gf,3.680,mm,OK,--,12:51:14 PM,11/27/2025,
1154,42.9,gf,3.675,mm,OK,--,12:51:14 PM,11/27/2025,
1155,42.9,gf,3.675,mm,OK,--,12:51:14 PM,11/27/2025,
1156,42.9,gf,3.670,mm,OK,--,12:51:15 PM,11/27/2025,
1157,42.9,gf,3.670,mm,OK,--,12:51:15 PM,11/27/2025,
1158,42.8,gf,3.665,mm,OK,--,12:51:15 PM,11/27/2025,
1159,42.8,gf,3.660,mm,OK,--,12:51:15 PM,11/27/2025,
1160,42.8,gf,3.660,mm,OK,--,12:51:15 PM,11/27/2025,
1161,42.8,gf,3.655,mm,OK,--,12:51:15 PM,11/27/2025,
1162,42.7,gf,3.650,mm,OK,--,12:51:15 PM,11/27/2025,
1163,42.7,gf,3.650,mm,OK,--,12:51:15 PM,11/27/2025,
1164,42.6,gf,3.645,mm,OK,--,12:51:15 PM,11/27/2025,
1165,42.6,gf,3.640,mm,OK,--,12:51:15 PM,11/27/2025,
1166,42.6,gf,3.635,mm,OK,--,12:51:16 PM,11/27/2025,
1167,42.5,gf,3.635,mm,OK,--,12:51:16 PM,11/27/2025,
1168,42.5,gf,3.630,mm,OK,--,12:51:16 PM,11/27/2025,
1169,42.4,gf,3.625,mm,OK,--,12:51:16 PM,11/27/2025,
1170,42.5,gf,3.620,mm,OK,--,12:51:16 PM,11/27/2025,
1171,42.4,gf,3.620,mm,OK,--,12:51:16 PM,11/27/2025,
1172,42.4,gf,3.615,mm,OK,--,12:51:16 PM,11/27/2025,
1173,42.4,gf,3.615,mm,OK,--,12:51:16 PM,11/27/2025,
1174,42.3,gf,3.610,mm,OK,--,12:51:16 PM,11/27/2025,
1175,42.3,gf,3.605,mm,OK,--,12:51:16 PM,11/27/2025,
1176,42.3,gf,3.605,mm,OK,--,12:51:17 PM,11/27/2025,
1177,42.3,gf,3.600,mm,OK,--,12:51:17 PM,11/27/2025,
1178,42.2,gf,3.590,mm,OK,--,12:51:17 PM,11/27/2025,
1179,42.1,gf,3.585,mm,OK,--,12:51:17 PM,11/27/2025,
1180,42.6,gf,3.580,mm,OK,--,12:51:17 PM,11/27/2025,
1181,42.6,gf,3.575,mm,OK,--,12:51:17 PM,11/27/2025,
1182,42.6,gf,3.570,mm,OK,--,12:51:17 PM,11/27/2025,
1183,42.5,gf,3.565,mm,OK,--,12:51:17 PM,11/27/2025,
1184,42.5,gf,3.560,mm,OK,--,12:51:17 PM,11/27/2025,
1185,42.4,gf,3.555,mm,OK,--,12:51:17 PM,11/27/2025,
1186,42.4,gf,3.550,mm,OK,--,12:51:18 PM,11/27/2025,
1187,42.4,gf,3.545,mm,OK,--,12:51:18 PM,11/27/2025,
1188,42.5,gf,3.540,mm,OK,--,12:51:18 PM,11/27/2025,
1189,42.3,gf,3.535,mm,OK,--,12:51:18 PM,11/27/2025,
1190,42.2,gf,3.525,mm,OK,--,12:51:18 PM,11/27/2025,
1191,42.2,gf,3.515,mm,OK,--,12:51:18 PM,11/27/2025,
1192,42.2,gf,3.510,mm,OK,--,12:51:18 PM,11/27/2025,
1193,42.0,gf,3.500,mm,OK,--,12:51:18 PM,11/27/2025,
1194,42.0,gf,3.490,mm,OK,--,12:51:18 PM,11/27/2025,
1195,42.0,gf,3.480,mm,OK,--,12:51:18 PM,11/27/2025,
1196,42.1,gf,3.470,mm,OK,--,12:51:19 PM,11/27/2025,
1197,42.0,gf,3.460,mm,OK,--,12:51:19 PM,11/27/2025,
1198,42.0,gf,3.455,mm,OK,--,12:51:19 PM,11/27/2025,
1199,42.0,gf,3.450,mm,OK,--,12:51:19 PM,11/27/2025,
1200,42.0,gf,3.440,mm,OK,--,12:51:19 PM,11/27/2025,
1201,41.9,gf,3.435,mm,OK,--,12:51:19 PM,11/27/2025,
1202,41.9,gf,3.425,mm,OK,--,12:51:19 PM,11/27/2025,
1203,41.8,gf,3.415,mm,OK,--,12:51:19 PM,11/27/2025,
1204,41.8,gf,3.410,mm,OK,--,12:51:19 PM,11/27/2025,
1205,41.7,gf,3.400,mm,OK,--,12:51:19 PM,11/27/2025,
1206,41.6,gf,3.395,mm,OK,--,12:51:20 PM,11/27/2025,
1207,41.7,gf,3.385,mm,OK,--,12:51:20 PM,11/27/2025,
1208,41.6,gf,3.375,mm,OK,--,12:51:20 PM,11/27/2025,
1209,41.6,gf,3.370,mm,OK,--,12:51:20 PM,11/27/2025,
1210,41.6,gf,3.360,mm,OK,--,12:51:20 PM,11/27/2025,
1211,41.6,gf,3.355,mm,OK,--,12:51:20 PM,11/27/2025,
1212,41.6,gf,3.350,mm,OK,--,12:51:20 PM,11/27/2025,
1213,41.6,gf,3.350,mm,OK,--,12:51:20 PM,11/27/2025,
1214,41.6,gf,3.345,mm,OK,--,12:51:20 PM,11/27/2025,
1215,41.5,gf,3.340,mm,OK,--,12:51:20 PM,11/27/2025,
1216,41.5,gf,3.340,mm,OK,--,12:51:21 PM,11/27/2025,
1217,41.5,gf,3.335,mm,OK,--,12:51:21 PM,11/27/2025,
1218,41.4,gf,3.330,mm,OK,--,12:51:21 PM,11/27/2025,
1219,41.3,gf,3.325,mm,OK,--,12:51:21 PM,11/27/2025,
1220,41.3,gf,3.320,mm,OK,--,12:51:21 PM,11/27/2025,
1221,41.5,gf,3.315,mm,OK,--,12:51:21 PM,11/27/2025,
1222,41.4,gf,3.305,mm,OK,--,12:51:21 PM,11/27/2025,
1223,41.3,gf,3.300,mm,OK,--,12:51:21 PM,11/27/2025,
1224,41.3,gf,3.295,mm,OK,--,12:51:21 PM,11/27/2025,
1225,41.3,gf,3.285,mm,OK,--,12:51:21 PM,11/27/2025,
1226,41.2,gf,3.280,mm,OK,--,12:51:22 PM,11/27/2025,
1227,41.3,gf,3.270,mm,OK,--,12:51:22 PM,11/27/2025,
1228,41.3,gf,3.265,mm,OK,--,12:51:22 PM,11/27/2025,
1229,41.2,gf,3.260,mm,OK,--,12:51:22 PM,11/27/2025,
1230,41.2,gf,3.255,mm,OK,--,12:51:22 PM,11/27/2025,
1231,41.2,gf,3.245,mm,OK,--,12:51:22 PM,11/27/2025,
1232,41.2,gf,3.240,mm,OK,--,12:51:22 PM,11/27/2025,
1233,41.1,gf,3.235,mm,OK,--,12:51:22 PM,11/27/2025,
1234,41.1,gf,3.225,mm,OK,--,12:51:22 PM,11/27/2025,
1235,41.1,gf,3.220,mm,OK,--,12:51:22 PM,11/27/2025,
1236,41.1,gf,3.210,mm,OK,--,12:51:23 PM,11/27/2025,
1237,41.1,gf,3.205,mm,OK,--,12:51:23 PM,11/27/2025,
1238,41.1,gf,3.200,mm,OK,--,12:51:23 PM,11/27/2025,
1239,41.1,gf,3.195,mm,OK,--,12:51:23 PM,11/27/2025,
1240,41.1,gf,3.190,mm,OK,--,12:51:23 PM,11/27/2025,
1241,41.1,gf,3.185,mm,OK,--,12:51:23 PM,11/27/2025,
1242,41.1,gf,3.180,mm,OK,--,12:51:23 PM,11/27/2025,
1243,41.0,gf,3.175,mm,OK,--,12:51:23 PM,11/27/2025,
1244,41.0,gf,3.170,mm,OK,--,12:51:23 PM,11/27/2025,
1245,41.0,gf,3.170,mm,OK,--,12:51:23 PM,11/27/2025,
1246,41.1,gf,3.160,mm,OK,--,12:51:24 PM,11/27/2025,
1247,40.9,gf,3.155,mm,OK,--,12:51:24 PM,11/27/2025,
1248,40.9,gf,3.145,mm,OK,--,12:51:24 PM,11/27/2025,
1249,40.9,gf,3.140,mm,OK,--,12:51:24 PM,11/27/2025,
1250,40.8,gf,3.130,mm,OK,--,12:51:24 PM,11/27/2025,
1251,40.9,gf,3.120,mm,OK,--,12:51:24 PM,11/27/2025,
1252,40.8,gf,3.115,mm,OK,--,12:51:24 PM,11/27/2025,
1253,40.8,gf,3.105,mm,OK,--,12:51:24 PM,11/27/2025,
1254,40.7,gf,3.095,mm,OK,--,12:51:24 PM,11/27/2025,
1255,40.7,gf,3.090,mm,OK,--,12:51:24 PM,11/27/2025,
1256,40.8,gf,3.080,mm,OK,--,12:51:25 PM,11/27/2025,
1257,40.7,gf,3.075,mm,OK,--,12:51:25 PM,11/27/2025,
1258,40.6,gf,3.065,mm,OK,--,12:51:25 PM,11/27/2025,
1259,40.6,gf,3.055,mm,OK,--,12:51:25 PM,11/27/2025,
1260,40.6,gf,3.045,mm,OK,--,12:51:25 PM,11/27/2025,
1261,40.6,gf,3.040,mm,OK,--,12:51:25 PM,11/27/2025,
1262,40.5,gf,3.030,mm,OK,--,12:51:25 PM,11/27/2025,
1263,40.5,gf,3.025,mm,OK,--,12:51:25 PM,11/27/2025,
1264,40.5,gf,3.015,mm,OK,--,12:51:25 PM,11/27/2025,
1265,40.5,gf,3.010,mm,OK,--,12:51:25 PM,11/27/2025,
1266,40.4,gf,3.005,mm,OK,--,12:51:26 PM,11/27/2025,
1267,40.4,gf,3.000,mm,OK,--,12:51:26 PM,11/27/2025,
1268,40.4,gf,2.995,mm,OK,--,12:51:26 PM,11/27/2025,
1269,40.4,gf,2.985,mm,OK,--,12:51:26 PM,11/27/2025,
1270,40.4,gf,2.985,mm,OK,--,12:51:26 PM,11/27/2025,
1271,40.4,gf,2.980,mm,OK,--,12:51:26 PM,11/27/2025,
1272,40.4,gf,2.980,mm,OK,--,12:51:26 PM,11/27/2025,
1273,40.4,gf,2.975,mm,OK,--,12:51:26 PM,11/27/2025,
1274,40.4,gf,2.975,mm,OK,--,12:51:26 PM,11/27/2025,
1275,40.4,gf,2.970,mm,OK,--,12:51:26 PM,11/27/2025,
1276,40.3,gf,2.970,mm,OK,--,12:51:27 PM,11/27/2025,
1277,40.3,gf,2.965,mm,OK,--,12:51:27 PM,11/27/2025,
1278,40.2,gf,2.960,mm,OK,--,12:51:27 PM,11/27/2025,
1279,40.3,gf,2.955,mm,OK,--,12:51:27 PM,11/27/2025,
1280,40.3,gf,2.950,mm,OK,--,12:51:27 PM,11/27/2025,
1281,40.2,gf,2.945,mm,OK,--,12:51:27 PM,11/27/2025,
1282,40.3,gf,2.940,mm,OK,--,12:51:27 PM,11/27/2025,
1283,40.3,gf,2.935,mm,OK,--,12:51:27 PM,11/27/2025,
1284,40.2,gf,2.935,mm,OK,--,12:51:27 PM,11/27/2025,
1285,40.2,gf,2.930,mm,OK,--,12:51:27 PM,11/27/2025,
1286,40.2,gf,2.925,mm,OK,--,12:51:28 PM,11/27/2025,
1287,40.2,gf,2.915,mm,OK,--,12:51:28 PM,11/27/2025,
1288,40.1,gf,2.910,mm,OK,--,12:51:28 PM,11/27/2025,
1289,40.1,gf,2.905,mm,OK,--,12:51:28 PM,11/27/2025,
1290,40.1,gf,2.895,mm,OK,--,12:51:28 PM,11/27/2025,
1291,40.1,gf,2.890,mm,OK,--,12:51:28 PM,11/27/2025,
1292,40.1,gf,2.885,mm,OK,--,12:51:28 PM,11/27/2025,
1293,40.1,gf,2.885,mm,OK,--,12:51:28 PM,11/27/2025,
1294,40.1,gf,2.880,mm,OK,--,12:51:28 PM,11/27/2025,
1295,40.1,gf,2.870,mm,OK,--,12:51:28 PM,11/27/2025,
1296,40.1,gf,2.860,mm,OK,--,12:51:29 PM,11/27/2025,
1297,40.0,gf,2.855,mm,OK,--,12:51:29 PM,11/27/2025,
1298,40.0,gf,2.845,mm,OK,--,12:51:29 PM,11/27/2025,
1299,40.0,gf,2.840,mm,OK,--,12:51:29 PM,11/27/2025,
1300,39.9,gf,2.835,mm,OK,--,12:51:29 PM,11/27/2025,
1301,39.9,gf,2.835,mm,OK,--,12:51:29 PM,11/27/2025,
1302,39.9,gf,2.830,mm,OK,--,12:51:29 PM,11/27/2025,
1303,39.9,gf,2.825,mm,OK,--,12:51:29 PM,11/27/2025,
1304,39.9,gf,2.815,mm,OK,--,12:51:29 PM,11/27/2025,
1305,39.9,gf,2.810,mm,OK,--,12:51:29 PM,11/27/2025,
1306,39.9,gf,2.805,mm,OK,--,12:51:30 PM,11/27/2025,
1307,39.8,gf,2.800,mm,OK,--,12:51:30 PM,11/27/2025,
1308,39.8,gf,2.790,mm,OK,--,12:51:30 PM,11/27/2025,
1309,39.8,gf,2.785,mm,OK,--,12:51:30 PM,11/27/2025,
1310,39.7,gf,2.775,mm,OK,--,12:51:30 PM,11/27/2025,
1311,39.7,gf,2.760,mm,OK,--,12:51:30 PM,11/27/2025,
1312,39.6,gf,2.740,mm,OK,--,12:51:30 PM,11/27/2025,
1313,39.6,gf,2.730,mm,OK,--,12:51:30 PM,11/27/2025,
1314,39.6,gf,2.725,mm,OK,--,12:51:30 PM,11/27/2025,
1315,39.6,gf,2.720,mm,OK,--,12:51:30 PM,11/27/2025,
1316,39.6,gf,2.715,mm,OK,--,12:51:31 PM,11/27/2025,
1317,39.5,gf,2.710,mm,OK,--,12:51:31 PM,11/27/2025,
1318,39.5,gf,2.705,mm,OK,--,12:51:31 PM,11/27/2025,
1319,39.5,gf,2.705,mm,OK,--,12:51:31 PM,11/27/2025,
1320,39.5,gf,2.700,mm,OK,--,12:51:31 PM,11/27/2025,
1321,39.4,gf,2.695,mm,OK,--,12:51:31 PM,11/27/2025,
1322,39.4,gf,2.690,mm,OK,--,12:51:31 PM,11/27/2025,
1323,39.4,gf,2.685,mm,OK,--,12:51:31 PM,11/27/2025,
1324,39.4,gf,2.680,mm,OK,--,12:51:31 PM,11/27/2025,
1325,39.4,gf,2.675,mm,OK,--,12:51:31 PM,11/27/2025,
1326,39.4,gf,2.675,mm,OK,--,12:51:32 PM,11/27/2025,
1327,39.4,gf,2.670,mm,OK,--,12:51:32 PM,11/27/2025,
1328,39.4,gf,2.670,mm,OK,--,12:51:32 PM,11/27/2025,
1329,39.4,gf,2.665,mm,OK,--,12:51:32 PM,11/27/2025,
1330,39.4,gf,2.660,mm,OK,--,12:51:32 PM,11/27/2025,
1331,39.4,gf,2.655,mm,OK,--,12:51:32 PM,11/27/2025,
1332,39.4,gf,2.650,mm,OK,--,12:51:32 PM,11/27/2025,
1333,39.3,gf,2.645,mm,OK,--,12:51:32 PM,11/27/2025,
1334,39.3,gf,2.640,mm,OK,--,12:51:32 PM,11/27/2025,
1335,39.3,gf,2.630,mm,OK,--,12:51:32 PM,11/27/2025,
1336,39.3,gf,2.625,mm,OK,--,12:51:33 PM,11/27/2025,
1337,39.3,gf,2.620,mm,OK,--,12:51:33 PM,11/27/2025,
1338,39.2,gf,2.610,mm,OK,--,12:51:33 PM,11/27/2025,
1339,39.2,gf,2.605,mm,OK,--,12:51:33 PM,11/27/2025,
1340,39.3,gf,2.600,mm,OK,--,12:51:33 PM,11/27/2025,
1341,39.2,gf,2.595,mm,OK,--,12:51:33 PM,11/27/2025,
1342,39.2,gf,2.590,mm,OK,--,12:51:33 PM,11/27/2025,
1343,39.2,gf,2.585,mm,OK,--,12:51:33 PM,11/27/2025,
1344,39.2,gf,2.580,mm,OK,--,12:51:33 PM,11/27/2025,
1345,39.2,gf,2.580,mm,OK,--,12:51:33 PM,11/27/2025,
1346,39.1,gf,2.575,mm,OK,--,12:51:34 PM,11/27/2025,
1347,39.1,gf,2.570,mm,OK,--,12:51:34 PM,11/27/2025,
1348,39.1,gf,2.570,mm,OK,--,12:51:34 PM,11/27/2025,
1349,39.1,gf,2.565,mm,OK,--,12:51:34 PM,11/27/2025,
1350,39.0,gf,2.550,mm,OK,--,12:51:34 PM,11/27/2025,
1351,39.0,gf,2.545,mm,OK,--,12:51:34 PM,11/27/2025,
1352,39.0,gf,2.540,mm,OK,--,12:51:34 PM,11/27/2025,
1353,38.9,gf,2.535,mm,OK,--,12:51:34 PM,11/27/2025,
1354,38.9,gf,2.525,mm,OK,--,12:51:34 PM,11/27/2025,
1355,38.9,gf,2.515,mm,OK,--,12:51:34 PM,11/27/2025,
1356,38.9,gf,2.510,mm,OK,--,12:51:35 PM,11/27/2025,
1357,38.8,gf,2.505,mm,OK,--,12:51:35 PM,11/27/2025,
1358,38.8,gf,2.495,mm,OK,--,12:51:35 PM,11/27/2025,
1359,38.8,gf,2.490,mm,OK,--,12:51:35 PM,11/27/2025,
1360,38.8,gf,2.485,mm,OK,--,12:51:35 PM,11/27/2025,
1361,38.7,gf,2.475,mm,OK,--,12:51:35 PM,11/27/2025,
1362,38.7,gf,2.465,mm,OK,--,12:51:35 PM,11/27/2025,
1363,38.7,gf,2.455,mm,OK,--,12:51:35 PM,11/27/2025,
1364,38.7,gf,2.445,mm,OK,--,12:51:35 PM,11/27/2025,
1365,38.6,gf,2.435,mm,OK,--,12:51:35 PM,11/27/2025,
1366,38.6,gf,2.425,mm,OK,--,12:51:36 PM,11/27/2025,
1367,38.6,gf,2.415,mm,OK,--,12:51:36 PM,11/27/2025,
1368,38.6,gf,2.405,mm,OK,--,12:51:36 PM,11/27/2025,
1369,38.5,gf,2.395,mm,OK,--,12:51:36 PM,11/27/2025,
1370,38.5,gf,2.385,mm,OK,--,12:51:36 PM,11/27/2025,
1371,38.5,gf,2.370,mm,OK,--,12:51:36 PM,11/27/2025,
1372,38.5,gf,2.360,mm,OK,--,12:51:36 PM,11/27/2025,
1373,38.4,gf,2.345,mm,OK,--,12:51:36 PM,11/27/2025,
1374,38.4,gf,2.335,mm,OK,--,12:51:36 PM,11/27/2025,
1375,38.3,gf,2.325,mm,OK,--,12:51:36 PM,11/27/2025,
1376,38.3,gf,2.315,mm,OK,--,12:51:37 PM,11/27/2025,
1377,38.3,gf,2.305,mm,OK,--,12:51:37 PM,11/27/2025,
1378,38.3,gf,2.295,mm,OK,--,12:51:37 PM,11/27/2025,
1379,38.2,gf,2.285,mm,OK,--,12:51:37 PM,11/27/2025,
1380,38.2,gf,2.275,mm,OK,--,12:51:37 PM,11/27/2025,
1381,38.2,gf,2.260,mm,OK,--,12:51:37 PM,11/27/2025,
1382,38.1,gf,2.250,mm,OK,--,12:51:37 PM,11/27/2025,
1383,38.1,gf,2.240,mm,OK,--,12:51:37 PM,11/27/2025,
1384,38.0,gf,2.230,mm,OK,--,12:51:37 PM,11/27/2025,
1385,38.0,gf,2.225,mm,OK,--,12:51:37 PM,11/27/2025,
1386,38.0,gf,2.215,mm,OK,--,12:51:38 PM,11/27/2025,
1387,37.9,gf,2.210,mm,OK,--,12:51:38 PM,11/27/2025,
1388,38.0,gf,2.200,mm,OK,--,12:51:38 PM,11/27/2025,
1389,37.9,gf,2.195,mm,OK,--,12:51:38 PM,11/27/2025,
1390,37.9,gf,2.190,mm,OK,--,12:51:38 PM,11/27/2025,
1391,37.9,gf,2.180,mm,OK,--,12:51:38 PM,11/27/2025,
1392,37.9,gf,2.180,mm,OK,--,12:51:38 PM,11/27/2025,
1393,37.9,gf,2.175,mm,OK,--,12:51:38 PM,11/27/2025,
1394,37.9,gf,2.170,mm,OK,--,12:51:38 PM,11/27/2025,
1395,37.9,gf,2.170,mm,OK,--,12:51:38 PM,11/27/2025,
1396,37.9,gf,2.165,mm,OK,--,12:51:39 PM,11/27/2025,
1397,37.8,gf,2.155,mm,OK,--,12:51:39 PM,11/27/2025,
1398,37.8,gf,2.150,mm,OK,--,12:51:39 PM,11/27/2025,
1399,37.8,gf,2.145,mm,OK,--,12:51:39 PM,11/27/2025,
1400,37.8,gf,2.135,mm,OK,--,12:51:39 PM,11/27/2025,
1401,37.8,gf,2.135,mm,OK,--,12:51:39 PM,11/27/2025,
1402,37.7,gf,2.130,mm,OK,--,12:51:39 PM,11/27/2025,
1403,37.7,gf,2.125,mm,OK,--,12:51:39 PM,11/27/2025,
1404,37.7,gf,2.120,mm,OK,--,12:51:39 PM,11/27/2025,
1405,37.7,gf,2.120,mm,OK,--,12:51:39 PM,11/27/2025,
1406,37.7,gf,2.115,mm,OK,--,12:51:40 PM,11/27/2025,
1407,37.7,gf,2.110,mm,OK,--,12:51:40 PM,11/27/2025,
1408,37.7,gf,2.105,mm,OK,--,12:51:40 PM,11/27/2025,
1409,37.7,gf,2.095,mm,OK,--,12:51:40 PM,11/27/2025,
1410,37.6,gf,2.090,mm,OK,--,12:51:40 PM,11/27/2025,
1411,37.7,gf,2.085,mm,OK,--,12:51:40 PM,11/27/2025,
1412,37.6,gf,2.080,mm,OK,--,12:51:40 PM,11/27/2025,
1413,37.5,gf,2.070,mm,OK,--,12:51:40 PM,11/27/2025,
1414,37.5,gf,2.060,mm,OK,--,12:51:40 PM,11/27/2025,
1415,37.4,gf,2.055,mm,OK,--,12:51:40 PM,11/27/2025,
1416,37.5,gf,2.050,mm,OK,--,12:51:41 PM,11/27/2025,
1417,37.5,gf,2.045,mm,OK,--,12:51:41 PM,11/27/2025,
1418,37.5,gf,2.035,mm,OK,--,12:51:41 PM,11/27/2025,
1419,37.4,gf,2.030,mm,OK,--,12:51:41 PM,11/27/2025,
1420,37.4,gf,2.025,mm,OK,--,12:51:41 PM,11/27/2025,
1421,37.4,gf,2.015,mm,OK,--,12:51:41 PM,11/27/2025,
1422,37.4,gf,2.010,mm,OK,--,12:51:41 PM,11/27/2025,
1423,37.4,gf,2.005,mm,OK,--,12:51:41 PM,11/27/2025,
1424,37.3,gf,2.005,mm,OK,--,12:51:41 PM,11/27/2025,
1425,37.3,gf,2.000,mm,OK,--,12:51:41 PM,11/27/2025,
1426,37.3,gf,1.995,mm,OK,--,12:51:42 PM,11/27/2025,
1427,37.3,gf,1.990,mm,OK,--,12:51:42 PM,11/27/2025,
1428,37.3,gf,1.985,mm,OK,--,12:51:42 PM,11/27/2025,
1429,37.3,gf,1.985,mm,OK,--,12:51:42 PM,11/27/2025,
1430,37.3,gf,1.980,mm,OK,--,12:51:42 PM,11/27/2025,
1431,37.3,gf,1.970,mm,OK,--,12:51:42 PM,11/27/2025,
1432,37.2,gf,1.965,mm,OK,--,12:51:42 PM,11/27/2025,
1433,37.2,gf,1.955,mm,OK,--,12:51:42 PM,11/27/2025,
1434,37.2,gf,1.950,mm,OK,--,12:51:42 PM,11/27/2025,
1435,37.2,gf,1.945,mm,OK,--,12:51:42 PM,11/27/2025,
1436,37.2,gf,1.940,mm,OK,--,12:51:43 PM,11/27/2025,
1437,37.2,gf,1.935,mm,OK,--,12:51:43 PM,11/27/2025,
1438,37.2,gf,1.930,mm,OK,--,12:51:43 PM,11/27/2025,
1439,37.1,gf,1.925,mm,OK,--,12:51:43 PM,11/27/2025,
1440,37.0,gf,1.915,mm,OK,--,12:51:43 PM,11/27/2025,
1441,37.0,gf,1.905,mm,OK,--,12:51:43 PM,11/27/2025,
1442,37.0,gf,1.895,mm,OK,--,12:51:43 PM,11/27/2025,
1443,37.0,gf,1.885,mm,OK,--,12:51:43 PM,11/27/2025,
1444,36.9,gf,1.875,mm,OK,--,12:51:43 PM,11/27/2025,
1445,36.9,gf,1.865,mm,OK,--,12:51:43 PM,11/27/2025,
1446,37.0,gf,1.860,mm,OK,--,12:51:44 PM,11/27/2025,
1447,37.0,gf,1.855,mm,OK,--,12:51:44 PM,11/27/2025,
1448,37.0,gf,1.850,mm,OK,--,12:51:44 PM,11/27/2025,
1449,36.9,gf,1.850,mm,OK,--,12:51:44 PM,11/27/2025,
1450,36.9,gf,1.845,mm,OK,--,12:51:44 PM,11/27/2025,
1451,36.8,gf,1.845,mm,OK,--,12:51:44 PM,11/27/2025,
1452,36.8,gf,1.840,mm,OK,--,12:51:44 PM,11/27/2025,
1453,36.8,gf,1.835,mm,OK,--,12:51:44 PM,11/27/2025,
1454,36.8,gf,1.830,mm,OK,--,12:51:44 PM,11/27/2025,
1455,36.8,gf,1.825,mm,OK,--,12:51:44 PM,11/27/2025,
1456,36.7,gf,1.820,mm,OK,--,12:51:45 PM,11/27/2025,
1457,36.8,gf,1.815,mm,OK,--,12:51:45 PM,11/27/2025,
1458,36.7,gf,1.805,mm,OK,--,12:51:45 PM,11/27/2025,
1459,36.7,gf,1.800,mm,OK,--,12:51:45 PM,11/27/2025,
1460,36.7,gf,1.795,mm,OK,--,12:51:45 PM,11/27/2025,
1461,36.6,gf,1.790,mm,OK,--,12:51:45 PM,11/27/2025,
1462,36.6,gf,1.785,mm,OK,--,12:51:45 PM,11/27/2025,
1463,36.6,gf,1.775,mm,OK,--,12:51:45 PM,11/27/2025,
1464,36.6,gf,1.765,mm,OK,--,12:51:45 PM,11/27/2025,
1465,36.6,gf,1.760,mm,OK,--,12:51:45 PM,11/27/2025,
1466,36.6,gf,1.755,mm,OK,--,12:51:46 PM,11/27/2025,
1467,36.5,gf,1.755,mm,OK,--,12:51:46 PM,11/27/2025,
1468,36.5,gf,1.750,mm,OK,--,12:51:46 PM,11/27/2025,
1469,36.5,gf,1.745,mm,OK,--,12:51:46 PM,11/27/2025,
1470,36.6,gf,1.740,mm,OK,--,12:51:46 PM,11/27/2025,
1471,36.5,gf,1.735,mm,OK,--,12:51:46 PM,11/27/2025,
1472,36.5,gf,1.730,mm,OK,--,12:51:46 PM,11/27/2025,
1473,36.4,gf,1.720,mm,OK,--,12:51:46 PM,11/27/2025,
1474,36.4,gf,1.715,mm,OK,--,12:51:46 PM,11/27/2025,
1475,36.4,gf,1.710,mm,OK,--,12:51:46 PM,11/27/2025,
1476,36.4,gf,1.705,mm,OK,--,12:51:47 PM,11/27/2025,
1477,36.4,gf,1.700,mm,OK,--,12:51:47 PM,11/27/2025,
1478,36.4,gf,1.695,mm,OK,--,12:51:47 PM,11/27/2025,
1479,36.4,gf,1.690,mm,OK,--,12:51:47 PM,11/27/2025,
1480,36.3,gf,1.680,mm,OK,--,12:51:47 PM,11/27/2025,
1481,36.3,gf,1.675,mm,OK,--,12:51:47 PM,11/27/2025,
1482,36.3,gf,1.675,mm,OK,--,12:51:47 PM,11/27/2025,
1483,36.3,gf,1.670,mm,OK,--,12:51:47 PM,11/27/2025,
1484,36.3,gf,1.670,mm,OK,--,12:51:47 PM,11/27/2025,
1485,36.2,gf,1.665,mm,OK,--,12:51:47 PM,11/27/2025,
1486,36.2,gf,1.660,mm,OK,--,12:51:48 PM,11/27/2025,
1487,36.2,gf,1.650,mm,OK,--,12:51:48 PM,11/27/2025,
1488,36.2,gf,1.640,mm,OK,--,12:51:48 PM,11/27/2025,
1489,36.2,gf,1.635,mm,OK,--,12:51:48 PM,11/27/2025,
1490,36.2,gf,1.625,mm,OK,--,12:51:48 PM,11/27/2025,
1491,36.2,gf,1.620,mm,OK,--,12:51:48 PM,11/27/2025,
1492,36.2,gf,1.615,mm,OK,--,12:51:48 PM,11/27/2025,
1493,36.1,gf,1.605,mm,OK,--,12:51:48 PM,11/27/2025,
1494,36.1,gf,1.600,mm,OK,--,12:51:48 PM,11/27/2025,
1495,36.1,gf,1.590,mm,OK,--,12:51:48 PM,11/27/2025,
1496,36.1,gf,1.585,mm,OK,--,12:51:49 PM,11/27/2025,
1497,36.0,gf,1.575,mm,OK,--,12:51:49 PM,11/27/2025,
1498,36.0,gf,1.570,mm,OK,--,12:51:49 PM,11/27/2025,
1499,36.0,gf,1.565,mm,OK,--,12:51:49 PM,11/27/2025,
1500,36.0,gf,1.560,mm,OK,--,12:51:49 PM,11/27/2025,
1501,36.0,gf,1.555,mm,OK,--,12:51:49 PM,11/27/2025,
1502,36.0,gf,1.555,mm,OK,--,12:51:49 PM,11/27/2025,
1503,35.9,gf,1.550,mm,OK,--,12:51:49 PM,11/27/2025,
1504,35.9,gf,1.550,mm,OK,--,12:51:49 PM,11/27/2025,
1505,35.9,gf,1.545,mm,OK,--,12:51:49 PM,11/27/2025,
1506,35.9,gf,1.545,mm,OK,--,12:51:50 PM,11/27/2025,
1507,35.9,gf,1.540,mm,OK,--,12:51:50 PM,11/27/2025,
1508,35.9,gf,1.540,mm,OK,--,12:51:50 PM,11/27/2025,
1509,35.9,gf,1.535,mm,OK,--,12:51:50 PM,11/27/2025,
1510,35.9,gf,1.530,mm,OK,--,12:51:50 PM,11/27/2025,
1511,35.9,gf,1.525,mm,OK,--,12:51:50 PM,11/27/2025,
1512,35.8,gf,1.515,mm,OK,--,12:51:50 PM,11/27/2025,
1513,35.8,gf,1.500,mm,OK,--,12:51:50 PM,11/27/2025,
1514,35.7,gf,1.490,mm,OK,--,12:51:50 PM,11/27/2025,
1515,35.7,gf,1.480,mm,OK,--,12:51:50 PM,11/27/2025,
1516,35.7,gf,1.475,mm,OK,--,12:51:51 PM,11/27/2025,
1517,35.7,gf,1.470,mm,OK,--,12:51:51 PM,11/27/2025,
1518,35.7,gf,1.465,mm,OK,--,12:51:51 PM,11/27/2025,
1519,35.6,gf,1.460,mm,OK,--,12:51:51 PM,11/27/2025,
1520,35.6,gf,1.455,mm,OK,--,12:51:51 PM,11/27/2025,
1521,35.6,gf,1.445,mm,OK,--,12:51:51 PM,11/27/2025,
1522,35.6,gf,1.440,mm,OK,--,12:51:51 PM,11/27/2025,
1523,35.6,gf,1.435,mm,OK,--,12:51:51 PM,11/27/2025,
1524,35.6,gf,1.425,mm,OK,--,12:51:51 PM,11/27/2025,
1525,35.5,gf,1.420,mm,OK,--,12:51:51 PM,11/27/2025,
1526,35.4,gf,1.415,mm,OK,--,12:51:52 PM,11/27/2025,
1527,35.4,gf,1.405,mm,OK,--,12:51:52 PM,11/27/2025,
1528,35.5,gf,1.395,mm,OK,--,12:51:52 PM,11/27/2025,
1529,35.4,gf,1.390,mm,OK,--,12:51:52 PM,11/27/2025,
1530,35.4,gf,1.385,mm,OK,--,12:51:52 PM,11/27/2025,
1531,35.3,gf,1.380,mm,OK,--,12:51:52 PM,11/27/2025,
1532,35.4,gf,1.375,mm,OK,--,12:51:52 PM,11/27/2025,
1533,35.4,gf,1.370,mm,OK,--,12:51:52 PM,11/27/2025,
1534,35.3,gf,1.370,mm,OK,--,12:51:52 PM,11/27/2025,
1535,35.3,gf,1.365,mm,OK,--,12:51:52 PM,11/27/2025,
1536,35.3,gf,1.360,mm,OK,--,12:51:53 PM,11/27/2025,
1537,35.3,gf,1.355,mm,OK,--,12:51:53 PM,11/27/2025,
1538,35.3,gf,1.350,mm,OK,--,12:51:53 PM,11/27/2025,
1539,35.3,gf,1.350,mm,OK,--,12:51:53 PM,11/27/2025,
1540,35.3,gf,1.345,mm,OK,--,12:51:53 PM,11/27/2025,
1541,35.3,gf,1.340,mm,OK,--,12:51:53 PM,11/27/2025,
1542,35.2,gf,1.335,mm,OK,--,12:51:53 PM,11/27/2025,
1543,35.2,gf,1.330,mm,OK,--,12:51:53 PM,11/27/2025,
1544,35.2,gf,1.325,mm,OK,--,12:51:53 PM,11/27/2025,
1545,35.2,gf,1.320,mm,OK,--,12:51:53 PM,11/27/2025,
1546,35.1,gf,1.310,mm,OK,--,12:51:54 PM,11/27/2025,
1547,35.1,gf,1.300,mm,OK,--,12:51:54 PM,11/27/2025,
1548,35.0,gf,1.290,mm,OK,--,12:51:54 PM,11/27/2025,
1549,35.0,gf,1.280,mm,OK,--,12:51:54 PM,11/27/2025,
1550,35.0,gf,1.275,mm,OK,--,12:51:54 PM,11/27/2025,
1551,35.0,gf,1.265,mm,OK,--,12:51:54 PM,11/27/2025,
1552,35.0,gf,1.260,mm,OK,--,12:51:54 PM,11/27/2025,
1553,34.9,gf,1.255,mm,OK,--,12:51:54 PM,11/27/2025,
1554,34.9,gf,1.250,mm,OK,--,12:51:54 PM,11/27/2025,
1555,34.9,gf,1.245,mm,OK,--,12:51:54 PM,11/27/2025,
1556,34.9,gf,1.240,mm,OK,--,12:51:55 PM,11/27/2025,
1557,34.9,gf,1.235,mm,OK,--,12:51:55 PM,11/27/2025,
1558,34.9,gf,1.230,mm,OK,--,12:51:55 PM,11/27/2025,
1559,34.8,gf,1.225,mm,OK,--,12:51:55 PM,11/27/2025,
1560,34.8,gf,1.215,mm,OK,--,12:51:55 PM,11/27/2025,
1561,34.9,gf,1.215,mm,OK,--,12:51:55 PM,11/27/2025,
1562,34.8,gf,1.210,mm,OK,--,12:51:55 PM,11/27/2025,
1563,34.8,gf,1.205,mm,OK,--,12:51:55 PM,11/27/2025,
1564,34.8,gf,1.205,mm,OK,--,12:51:55 PM,11/27/2025,
1565,34.8,gf,1.200,mm,OK,--,12:51:55 PM,11/27/2025,
1566,34.7,gf,1.195,mm,OK,--,12:51:56 PM,11/27/2025,
1567,34.7,gf,1.190,mm,OK,--,12:51:56 PM,11/27/2025,
1568,34.7,gf,1.185,mm,OK,--,12:51:56 PM,11/27/2025,
1569,34.7,gf,1.185,mm,OK,--,12:51:56 PM,11/27/2025,
1570,34.7,gf,1.180,mm,OK,--,12:51:56 PM,11/27/2025,
1571,34.7,gf,1.175,mm,OK,--,12:51:56 PM,11/27/2025,
1572,34.7,gf,1.170,mm,OK,--,12:51:56 PM,11/27/2025,
1573,34.7,gf,1.165,mm,OK,--,12:51:56 PM,11/27/2025,
1574,34.7,gf,1.155,mm,OK,--,12:51:56 PM,11/27/2025,
1575,34.6,gf,1.145,mm,OK,--,12:51:56 PM,11/27/2025,
1576,34.6,gf,1.135,mm,OK,--,12:51:57 PM,11/27/2025,
1577,34.6,gf,1.125,mm,OK,--,12:51:57 PM,11/27/2025,
1578,34.6,gf,1.120,mm,OK,--,12:51:57 PM,11/27/2025,
1579,34.5,gf,1.110,mm,OK,--,12:51:57 PM,11/27/2025,
1580,34.5,gf,1.105,mm,OK,--,12:51:57 PM,11/27/2025,
1581,34.5,gf,1.105,mm,OK,--,12:51:57 PM,11/27/2025,
1582,34.5,gf,1.100,mm,OK,--,12:51:57 PM,11/27/2025,
1583,34.5,gf,1.095,mm,OK,--,12:51:57 PM,11/27/2025,
1584,34.5,gf,1.085,mm,OK,--,12:51:57 PM,11/27/2025,
1585,34.4,gf,1.075,mm,OK,--,12:51:57 PM,11/27/2025,
1586,34.4,gf,1.070,mm,OK,--,12:51:58 PM,11/27/2025,
1587,34.4,gf,1.060,mm,OK,--,12:51:58 PM,11/27/2025,
1588,34.4,gf,1.050,mm,OK,--,12:51:58 PM,11/27/2025,
1589,34.3,gf,1.040,mm,OK,--,12:51:58 PM,11/27/2025,
1590,34.3,gf,1.035,mm,OK,--,12:51:58 PM,11/27/2025,
1591,34.2,gf,1.025,mm,OK,--,12:51:58 PM,11/27/2025,
1592,34.2,gf,1.020,mm,OK,--,12:51:58 PM,11/27/2025,
1593,34.2,gf,1.010,mm,OK,--,12:51:58 PM,11/27/2025,
1594,34.2,gf,1.005,mm,OK,--,12:51:58 PM,11/27/2025,
1595,34.2,gf,1.005,mm,OK,--,12:51:58 PM,11/27/2025,
1596,34.2,gf,1.000,mm,OK,--,12:51:59 PM,11/27/2025,
1597,34.2,gf,0.995,mm,OK,--,12:51:59 PM,11/27/2025,
1598,34.2,gf,0.995,mm,OK,--,12:51:59 PM,11/27/2025,
1599,34.2,gf,0.990,mm,OK,--,12:51:59 PM,11/27/2025,
1600,34.2,gf,0.990,mm,OK,--,12:51:59 PM,11/27/2025,
1601,34.2,gf,0.985,mm,OK,--,12:51:59 PM,11/27/2025,
1602,34.2,gf,0.985,mm,OK,--,12:51:59 PM,11/27/2025,
1603,34.2,gf,0.980,mm,OK,--,12:51:59 PM,11/27/2025,
1604,34.1,gf,0.980,mm,OK,--,12:51:59 PM,11/27/2025,
1605,34.1,gf,0.975,mm,OK,--,12:51:59 PM,11/27/2025,
1606,34.1,gf,0.975,mm,OK,--,12:52:00 PM,11/27/2025,
1607,34.1,gf,0.970,mm,OK,--,12:52:00 PM,11/27/2025,
1608,34.1,gf,0.970,mm,OK,--,12:52:00 PM,11/27/2025,
1609,34.1,gf,0.965,mm,OK,--,12:52:00 PM,11/27/2025,
1610,34.1,gf,0.960,mm,OK,--,12:52:00 PM,11/27/2025,
1611,34.0,gf,0.955,mm,OK,--,12:52:00 PM,11/27/2025,
1612,34.0,gf,0.955,mm,OK,--,12:52:00 PM,11/27/2025,
1613,34.0,gf,0.950,mm,OK,--,12:52:00 PM,11/27/2025,
1614,34.0,gf,0.945,mm,OK,--,12:52:00 PM,11/27/2025,
1615,34.0,gf,0.940,mm,OK,--,12:52:00 PM,11/27/2025,
1616,34.0,gf,0.935,mm,OK,--,12:52:01 PM,11/27/2025,
1617,34.0,gf,0.935,mm,OK,--,12:52:01 PM,11/27/2025,
1618,34.0,gf,0.930,mm,OK,--,12:52:01 PM,11/27/2025,
1619,34.0,gf,0.925,mm,OK,--,12:52:01 PM,11/27/2025,
1620,34.0,gf,0.925,mm,OK,--,12:52:01 PM,11/27/2025,
1621,33.9,gf,0.920,mm,OK,--,12:52:01 PM,11/27/2025,
1622,33.9,gf,0.920,mm,OK,--,12:52:01 PM,11/27/2025,
1623,33.9,gf,0.920,mm,OK,--,12:52:01 PM,11/27/2025,
1624,33.9,gf,0.915,mm,OK,--,12:52:01 PM,11/27/2025,
1625,33.9,gf,0.915,mm,OK,--,12:52:01 PM,11/27/2025,
1626,33.9,gf,0.910,mm,OK,--,12:52:02 PM,11/27/2025,
1627,33.9,gf,0.905,mm,OK,--,12:52:02 PM,11/27/2025,
1628,33.9,gf,0.905,mm,OK,--,12:52:02 PM,11/27/2025,
1629,33.9,gf,0.900,mm,OK,--,12:52:02 PM,11/27/2025,
1630,33.9,gf,0.895,mm,OK,--,12:52:02 PM,11/27/2025,
1631,33.9,gf,0.890,mm,OK,--,12:52:02 PM,11/27/2025,
1632,33.8,gf,0.885,mm,OK,--,12:52:02 PM,11/27/2025,
1633,33.8,gf,0.880,mm,OK,--,12:52:02 PM,11/27/2025,
1634,33.8,gf,0.875,mm,OK,--,12:52:02 PM,11/27/2025,
1635,33.8,gf,0.865,mm,OK,--,12:52:02 PM,11/27/2025,
1636,33.8,gf,0.860,mm,OK,--,12:52:03 PM,11/27/2025,
1637,33.8,gf,0.855,mm,OK,--,12:52:03 PM,11/27/2025,
1638,33.8,gf,0.850,mm,OK,--,12:52:03 PM,11/27/2025,
1639,33.7,gf,0.850,mm,OK,--,12:52:03 PM,11/27/2025,
1640,33.7,gf,0.845,mm,OK,--,12:52:03 PM,11/27/2025,
1641,33.7,gf,0.845,mm,OK,--,12:52:03 PM,11/27/2025,
1642,33.7,gf,0.840,mm,OK,--,12:52:03 PM,11/27/2025,
1643,33.7,gf,0.840,mm,OK,--,12:52:03 PM,11/27/2025,
1644,33.7,gf,0.840,mm,OK,--,12:52:03 PM,11/27/2025,
1645,33.7,gf,0.835,mm,OK,--,12:52:03 PM,11/27/2025,
1646,33.7,gf,0.835,mm,OK,--,12:52:04 PM,11/27/2025,
1647,33.7,gf,0.830,mm,OK,--,12:52:04 PM,11/27/2025,
1648,33.7,gf,0.830,mm,OK,--,12:52:04 PM,11/27/2025,
1649,33.7,gf,0.825,mm,OK,--,12:52:04 PM,11/27/2025,
1650,33.7,gf,0.825,mm,OK,--,12:52:04 PM,11/27/2025,
1651,33.7,gf,0.820,mm,OK,--,12:52:04 PM,11/27/2025,
1652,33.6,gf,0.820,mm,OK,--,12:52:04 PM,11/27/2025,
1653,33.6,gf,0.815,mm,OK,--,12:52:04 PM,11/27/2025,
1654,33.6,gf,0.810,mm,OK,--,12:52:04 PM,11/27/2025,
1655,33.6,gf,0.810,mm,OK,--,12:52:04 PM,11/27/2025,
1656,33.6,gf,0.805,mm,OK,--,12:52:05 PM,11/27/2025,
1657,33.6,gf,0.800,mm,OK,--,12:52:05 PM,11/27/2025,
1658,33.5,gf,0.795,mm,OK,--,12:52:05 PM,11/27/2025,
1659,33.5,gf,0.795,mm,OK,--,12:52:05 PM,11/27/2025,
1660,33.5,gf,0.790,mm,OK,--,12:52:05 PM,11/27/2025,
1661,33.5,gf,0.785,mm,OK,--,12:52:05 PM,11/27/2025,
1662,33.5,gf,0.785,mm,OK,--,12:52:05 PM,11/27/2025,
1663,33.5,gf,0.780,mm,OK,--,12:52:05 PM,11/27/2025,
1664,33.5,gf,0.775,mm,OK,--,12:52:05 PM,11/27/2025,
1665,33.5,gf,0.770,mm,OK,--,12:52:05 PM,11/27/2025,
1666,33.5,gf,0.765,mm,OK,--,12:52:06 PM,11/27/2025,
1667,33.5,gf,0.760,mm,OK,--,12:52:06 PM,11/27/2025,
1668,33.4,gf,0.760,mm,OK,--,12:52:06 PM,11/27/2025,
1669,33.4,gf,0.755,mm,OK,--,12:52:06 PM,11/27/2025,
1670,33.4,gf,0.750,mm,OK,--,12:52:06 PM,11/27/2025,
1671,33.4,gf,0.750,mm,OK,--,12:52:06 PM,11/27/2025,
1672,33.4,gf,0.745,mm,OK,--,12:52:06 PM,11/27/2025,
1673,33.4,gf,0.740,mm,OK,--,12:52:06 PM,11/27/2025,
1674,33.4,gf,0.735,mm,OK,--,12:52:06 PM,11/27/2025,
1675,33.3,gf,0.730,mm,OK,--,12:52:06 PM,11/27/2025,
1676,33.3,gf,0.725,mm,OK,--,12:52:07 PM,11/27/2025,
1677,33.3,gf,0.720,mm,OK,--,12:52:07 PM,11/27/2025,
1678,33.3,gf,0.715,mm,OK,--,12:52:07 PM,11/27/2025,
1679,33.3,gf,0.710,mm,OK,--,12:52:07 PM,11/27/2025,
1680,33.3,gf,0.710,mm,OK,--,12:52:07 PM,11/27/2025,
1681,33.3,gf,0.705,mm,OK,--,12:52:07 PM,11/27/2025,
1682,33.3,gf,0.700,mm,OK,--,12:52:07 PM,11/27/2025,
1683,33.2,gf,0.695,mm,OK,--,12:52:07 PM,11/27/2025,
1684,33.2,gf,0.690,mm,OK,--,12:52:07 PM,11/27/2025,
1685,33.2,gf,0.690,mm,OK,--,12:52:07 PM,11/27/2025,
1686,33.2,gf,0.685,mm,OK,--,12:52:08 PM,11/27/2025,
1687,33.2,gf,0.680,mm,OK,--,12:52:08 PM,11/27/2025,
1688,33.2,gf,0.675,mm,OK,--,12:52:08 PM,11/27/2025,
1689,33.2,gf,0.665,mm,OK,--,12:52:08 PM,11/27/2025,
1690,33.2,gf,0.660,mm,OK,--,12:52:08 PM,11/27/2025,
1691,33.1,gf,0.650,mm,OK,--,12:52:08 PM,11/27/2025,
1692,33.1,gf,0.645,mm,OK,--,12:52:08 PM,11/27/2025,
1693,33.0,gf,0.635,mm,OK,--,12:52:08 PM,11/27/2025,
1694,33.0,gf,0.630,mm,OK,--,12:52:08 PM,11/27/2025,
1695,33.0,gf,0.625,mm,OK,--,12:52:08 PM,11/27/2025,
1696,33.0,gf,0.625,mm,OK,--,12:52:09 PM,11/27/2025,
1697,33.0,gf,0.620,mm,OK,--,12:52:09 PM,11/27/2025,
1698,33.0,gf,0.615,mm,OK,--,12:52:09 PM,11/27/2025,
1699,33.0,gf,0.610,mm,OK,--,12:52:09 PM,11/27/2025,
1700,32.9,gf,0.600,mm,OK,--,12:52:09 PM,11/27/2025,
1701,32.9,gf,0.595,mm,OK,--,12:52:09 PM,11/27/2025,
1702,32.9,gf,0.590,mm,OK,--,12:52:09 PM,11/27/2025,
1703,32.9,gf,0.590,mm,OK,--,12:52:09 PM,11/27/2025,
1704,32.9,gf,0.590,mm,OK,--,12:52:09 PM,11/27/2025,
1705,32.9,gf,0.585,mm,OK,--,12:52:09 PM,11/27/2025,
1706,32.9,gf,0.580,mm,OK,--,12:52:10 PM,11/27/2025,
1707,32.9,gf,0.575,mm,OK,--,12:52:10 PM,11/27/2025,
1708,32.9,gf,0.575,mm,OK,--,12:52:10 PM,11/27/2025,
1709,32.8,gf,0.570,mm,OK,--,12:52:10 PM,11/27/2025,
1710,32.8,gf,0.565,mm,OK,--,12:52:10 PM,11/27/2025,
1711,32.8,gf,0.560,mm,OK,--,12:52:10 PM,11/27/2025,
1712,32.8,gf,0.560,mm,OK,--,12:52:10 PM,11/27/2025,
1713,32.8,gf,0.555,mm,OK,--,12:52:10 PM,11/27/2025,
1714,32.7,gf,0.540,mm,OK,--,12:52:10 PM,11/27/2025,
1715,32.7,gf,0.530,mm,OK,--,12:52:10 PM,11/27/2025,
1716,32.6,gf,0.520,mm,OK,--,12:52:11 PM,11/27/2025,
1717,32.6,gf,0.515,mm,OK,--,12:52:11 PM,11/27/2025,
1718,32.6,gf,0.510,mm,OK,--,12:52:11 PM,11/27/2025,
1719,32.6,gf,0.500,mm,OK,--,12:52:11 PM,11/27/2025,
1720,32.6,gf,0.495,mm,OK,--,12:52:11 PM,11/27/2025,
1721,32.6,gf,0.495,mm,OK,--,12:52:11 PM,11/27/2025,
1722,32.6,gf,0.490,mm,OK,--,12:52:11 PM,11/27/2025,
1723,32.6,gf,0.485,mm,OK,--,12:52:11 PM,11/27/2025,
1724,32.5,gf,0.480,mm,OK,--,12:52:11 PM,11/27/2025,
1725,32.5,gf,0.475,mm,OK,--,12:52:11 PM,11/27/2025,
1726,32.5,gf,0.475,mm,OK,--,12:52:12 PM,11/27/2025,
1727,32.5,gf,0.470,mm,OK,--,12:52:12 PM,11/27/2025,
1728,32.5,gf,0.465,mm,OK,--,12:52:12 PM,11/27/2025,
1729,32.5,gf,0.460,mm,OK,--,12:52:12 PM,11/27/2025,
1730,32.5,gf,0.455,mm,OK,--,12:52:12 PM,11/27/2025,
1731,32.5,gf,0.455,mm,OK,--,12:52:12 PM,11/27/2025,
1732,32.4,gf,0.450,mm,OK,--,12:52:12 PM,11/27/2025,
1733,32.4,gf,0.450,mm,OK,--,12:52:12 PM,11/27/2025,
1734,32.4,gf,0.445,mm,OK,--,12:52:12 PM,11/27/2025,
1735,32.4,gf,0.445,mm,OK,--,12:52:12 PM,11/27/2025,
1736,32.4,gf,0.435,mm,OK,--,12:52:13 PM,11/27/2025,
1737,32.4,gf,0.435,mm,OK,--,12:52:13 PM,11/27/2025,
1738,32.4,gf,0.430,mm,OK,--,12:52:13 PM,11/27/2025,
1739,32.4,gf,0.430,mm,OK,--,12:52:13 PM,11/27/2025,
1740,32.3,gf,0.425,mm,OK,--,12:52:13 PM,11/27/2025,
1741,32.3,gf,0.425,mm,OK,--,12:52:13 PM,11/27/2025,
1742,32.3,gf,0.420,mm,OK,--,12:52:13 PM,11/27/2025,
1743,32.3,gf,0.420,mm,OK,--,12:52:13 PM,11/27/2025,
1744,32.3,gf,0.415,mm,OK,--,12:52:13 PM,11/27/2025,
1745,32.3,gf,0.415,mm,OK,--,12:52:13 PM,11/27/2025,
1746,32.3,gf,0.415,mm,OK,--,12:52:14 PM,11/27/2025,
1747,32.3,gf,0.410,mm,OK,--,12:52:14 PM,11/27/2025,
1748,32.3,gf,0.410,mm,OK,--,12:52:14 PM,11/27/2025,
1749,32.2,gf,0.405,mm,OK,--,12:52:14 PM,11/27/2025,
1750,32.2,gf,0.395,mm,OK,--,12:52:14 PM,11/27/2025,
1751,32.2,gf,0.385,mm,OK,--,12:52:14 PM,11/27/2025,
1752,32.2,gf,0.380,mm,OK,--,12:52:14 PM,11/27/2025,
1753,32.2,gf,0.380,mm,OK,--,12:52:14 PM,11/27/2025,
1754,32.2,gf,0.375,mm,OK,--,12:52:14 PM,11/27/2025,
1755,32.2,gf,0.375,mm,OK,--,12:52:14 PM,11/27/2025,
1756,32.2,gf,0.375,mm,OK,--,12:52:15 PM,11/27/2025,
1757,32.2,gf,0.370,mm,OK,--,12:52:15 PM,11/27/2025,
1758,32.2,gf,0.370,mm,OK,--,12:52:15 PM,11/27/2025,
1759,32.2,gf,0.365,mm,OK,--,12:52:15 PM,11/27/2025,
1760,32.1,gf,0.365,mm,OK,--,12:52:15 PM,11/27/2025,
1761,32.1,gf,0.360,mm,OK,--,12:52:15 PM,11/27/2025,
1762,32.1,gf,0.355,mm,OK,--,12:52:15 PM,11/27/2025,
1763,32.1,gf,0.355,mm,OK,--,12:52:15 PM,11/27/2025,
1764,32.1,gf,0.355,mm,OK,--,12:52:15 PM,11/27/2025,
1765,32.1,gf,0.350,mm,OK,--,12:52:15 PM,11/27/2025,
1766,32.1,gf,0.350,mm,OK,--,12:52:16 PM,11/27/2025,
1767,32.1,gf,0.345,mm,OK,--,12:52:16 PM,11/27/2025,
1768,32.0,gf,0.335,mm,OK,--,12:52:16 PM,11/27/2025,
1769,32.0,gf,0.330,mm,OK,--,12:52:16 PM,11/27/2025,
1770,32.0,gf,0.320,mm,OK,--,12:52:16 PM,11/27/2025,
1771,32.0,gf,0.315,mm,OK,--,12:52:16 PM,11/27/2025,
1772,32.0,gf,0.315,mm,OK,--,12:52:16 PM,11/27/2025,
1773,32.0,gf,0.315,mm,OK,--,12:52:16 PM,11/27/2025,
1774,32.0,gf,0.310,mm,OK,--,12:52:16 PM,11/27/2025,
1775,32.0,gf,0.310,mm,OK,--,12:52:16 PM,11/27/2025,
1776,32.0,gf,0.310,mm,OK,--,12:52:17 PM,11/27/2025,
1777,32.0,gf,0.310,mm,OK,--,12:52:17 PM,11/27/2025,
1778,31.9,gf,0.305,mm,OK,--,12:52:17 PM,11/27/2025,
1779,31.9,gf,0.305,mm,OK,--,12:52:17 PM,11/27/2025,
1780,31.9,gf,0.305,mm,OK,--,12:52:17 PM,11/27/2025,
1781,31.9,gf,0.305,mm,OK,--,12:52:17 PM,11/27/2025,
1782,31.9,gf,0.305,mm,OK,--,12:52:17 PM,11/27/2025,
1783,31.9,gf,0.300,mm,OK,--,12:52:17 PM,11/27/2025,
1784,31.9,gf,0.300,mm,OK,--,12:52:17 PM,11/27/2025,
1785,31.9,gf,0.300,mm,OK,--,12:52:17 PM,11/27/2025,
1786,31.9,gf,0.295,mm,OK,--,12:52:18 PM,11/27/2025,
1787,31.9,gf,0.295,mm,OK,--,12:52:18 PM,11/27/2025,
1788,31.9,gf,0.290,mm,OK,--,12:52:18 PM,11/27/2025,
1789,31.9,gf,0.290,mm,OK,--,12:52:18 PM,11/27/2025,
1790,31.9,gf,0.285,mm,OK,--,12:52:18 PM,11/27/2025,
1791,31.9,gf,0.285,mm,OK,--,12:52:18 PM,11/27/2025,
1792,31.9,gf,0.280,mm,OK,--,12:52:18 PM,11/27/2025,
1793,31.8,gf,0.275,mm,OK,--,12:52:18 PM,11/27/2025,
1794,31.8,gf,0.275,mm,OK,--,12:52:18 PM,11/27/2025,
1795,31.8,gf,0.270,mm,OK,--,12:52:18 PM,11/27/2025,
1796,31.8,gf,0.270,mm,OK,--,12:52:19 PM,11/27/2025,
1797,31.8,gf,0.270,mm,OK,--,12:52:19 PM,11/27/2025,
1798,31.6,gf,0.265,mm,OK,--,12:52:19 PM,11/27/2025,
1799,30.7,gf,0.265,mm,OK,--,12:52:19 PM,11/27/2025,
1800,29.4,gf,0.265,mm,OK,--,12:52:19 PM,11/27/2025,
1801,27.8,gf,0.260,mm,OK,--,12:52:19 PM,11/27/2025,
1802,26.3,gf,0.260,mm,OK,--,12:52:19 PM,11/27/2025,
1803,25.2,gf,0.260,mm,OK,--,12:52:19 PM,11/27/2025,
1804,24.1,gf,0.255,mm,OK,--,12:52:19 PM,11/27/2025,
1805,23.5,gf,0.255,mm,OK,--,12:52:19 PM,11/27/2025,
1806,22.6,gf,0.255,mm,OK,--,12:52:20 PM,11/27/2025,
1807,21.9,gf,0.255,mm,OK,--,12:52:20 PM,11/27/2025,
1808,21.1,gf,0.255,mm,OK,--,12:52:20 PM,11/27/2025,
1809,20.1,gf,0.250,mm,OK,--,12:52:20 PM,11/27/2025,
1810,18.9,gf,0.250,mm,OK,--,12:52:20 PM,11/27/2025,
1811,17.9,gf,0.250,mm,OK,--,12:52:20 PM,11/27/2025,
1812,17.2,gf,0.250,mm,OK,--,12:52:20 PM,11/27/2025,
1813,16.6,gf,0.250,mm,OK,--,12:52:20 PM,11/27/2025,
1814,16.1,gf,0.245,mm,OK,--,12:52:20 PM,11/27/2025,
1815,15.7,gf,0.245,mm,OK,--,12:52:20 PM,11/27/2025,
1816,15.3,gf,0.245,mm,OK,--,12:52:21 PM,11/27/2025,
1817,15.0,gf,0.245,mm,OK,--,12:52:21 PM,11/27/2025,
1818,14.6,gf,0.245,mm,OK,--,12:52:21 PM,11/27/2025,
1819,14.0,gf,0.245,mm,OK,--,12:52:21 PM,11/27/2025,
1820,13.6,gf,0.245,mm,OK,--,12:52:21 PM,11/27/2025,
1821,13.3,gf,0.245,mm,OK,--,12:52:21 PM,11/27/2025,
1822,12.9,gf,0.245,mm,OK,--,12:52:21 PM,11/27/2025,
1823,12.5,gf,0.245,mm,OK,--,12:52:21 PM,11/27/2025,
1824,12.1,gf,0.240,mm,OK,--,12:52:21 PM,11/27/2025,
1825,11.8,gf,0.240,mm,OK,--,12:52:21 PM,11/27/2025,
1826,11.3,gf,0.240,mm,OK,--,12:52:22 PM,11/27/2025,
1827,10.5,gf,0.240,mm,OK,--,12:52:22 PM,11/27/2025,
1828,9.3,gf,0.240,mm,OK,--,12:52:22 PM,11/27/2025,
1829,8.1,gf,0.240,mm,OK,--,12:52:22 PM,11/27/2025,
1830,6.2,gf,0.235,mm,OK,--,12:52:22 PM,11/27/2025,
1831,3.2,gf,0.235,mm,OK,--,12:52:22 PM,11/27/2025,
1832,0.0,gf,0.230,mm,OK,--,12:52:22 PM,11/27/2025,
1833,0.0,gf,0.225,mm,OK,--,12:52:22 PM,11/27/2025,
1834,0.0,gf,0.215,mm,OK,--,12:52:22 PM,11/27/2025,
1835,0.1,gf,0.205,mm,OK,--,12:52:22 PM,11/27/2025,
1836,0.1,gf,0.180,mm,OK,--,12:52:23 PM,11/27/2025,
1837,0.0,gf,0.160,mm,OK,--,12:52:23 PM,11/27/2025,
1838,0.0,gf,0.140,mm,OK,--,12:52:23 PM,11/27/2025,
1839,0.0,gf,0.115,mm,OK,--,12:52:23 PM,11/27/2025,
1840,0.2,gf,0.085,mm,OK,--,12:52:23 PM,11/27/2025,
1841,0.1,gf,0.060,mm,OK,--,12:52:23 PM,11/27/2025,
1842,0.0,gf,0.045,mm,OK,--,12:52:23 PM,11/27/2025,
1843,0.0,gf,0.030,mm,OK,--,12:52:23 PM,11/27/2025,
1844,0.0,gf,0.020,mm,OK,--,12:52:23 PM,11/27/2025,
1845,0.0,gf,0.015,mm,OK,--,12:52:23 PM,11/27/2025,
1846,0.0,gf,0.005,mm,OK,--,12:52:24 PM,11/27/2025,
1847,0.0,gf,-0.005,mm,OK,--,12:52:24 PM,11/27/2025,
1848,0.0,gf,-0.005,mm,OK,--,12:52:24 PM,11/27/2025,
1849,0.0,gf,-0.005,mm,OK,--,12:52:24 PM,11/27/2025,
1850,0.0,gf,-0.005,mm,OK,--,12:52:24 PM,11/27/2025,
1851,0.0,gf,-0.005,mm,OK,--,12:52:24 PM,11/27/2025,
1852,0.1,gf,-0.005,mm,OK,--,12:52:24 PM,11/27/2025,
1853,0.0,gf,-0.005,mm,OK,--,12:52:24 PM,11/27/2025,
1854,0.0,gf,-0.005,mm,OK,--,12:52:24 PM,11/27/2025,
1855,0.1,gf,0.000,mm,OK,--,12:52:24 PM,11/27/2025,
1856,0.0,gf,0.000,mm,OK,--,12:52:25 PM,11/27/2025,
1857,0.0,gf,0.005,mm,OK,--,12:52:25 PM,11/27/2025,
1858,0.3,gf,0.010,mm,OK,--,12:52:25 PM,11/27/2025,
1859,0.2,gf,0.010,mm,OK,--,12:52:25 PM,11/27/2025,
1860,0.0,gf,0.015,mm,OK,--,12:52:25 PM,11/27/2025,
1861,0.0,gf,0.020,mm,OK,--,12:52:25 PM,11/27/2025,
1862,0.1,gf,0.020,mm,OK,--,12:52:25 PM,11/27/2025,
1863,-0.1,gf,0.025,mm,OK,--,12:52:25 PM,11/27/2025,
1864,0.1,gf,0.030,mm,OK,--,12:52:25 PM,11/27/2025,
1865,0.0,gf,0.030,mm,OK,--,12:52:25 PM,11/27/2025,
1866,-0.2,gf,0.035,mm,OK,--,12:52:26 PM,11/27/2025,
1867,0.1,gf,0.040,mm,OK,--,12:52:26 PM,11/27/2025,
1868,0.0,gf,0.040,mm,OK,--,12:52:26 PM,11/27/2025,
1869,0.0,gf,0.045,mm,OK,--,12:52:26 PM,11/27/2025,
1870,0.0,gf,0.050,mm,OK,--,12:52:26 PM,11/27/2025,
