Maximum,193.3,@,No.997,,,,,,
Minimum,-0.1,@,No.10,,,,,,
Average,46.47,,,,,,,,
Data Quantity,1877,,,,,,,,
Number of NG,0,,,,,,,,
No.,Force,Unit,Displacement,Unit,Judge,Position,Time,Date,
1,0.0,gf,0.000,mm,OK,--,10:21:20 PM,11/26/2025,
2,0.0,gf,0.000,mm,OK,--,10:21:21 PM,11/26/2025,
3,0.0,gf,0.000,mm,OK,--,10:21:21 PM,11/26/2025,
4,0.1,gf,0.000,mm,OK,--,10:21:21 PM,11/26/2025,
5,0.0,gf,0.000,mm,OK,--,10:21:21 PM,11/26/2025,
6,0.0,gf,0.000,mm,OK,--,10:21:21 PM,11/26/2025,
7,0.0,gf,0.000,mm,OK,--,10:21:21 PM,11/26/2025,
8,0.0,gf,0.000,mm,OK,--,10:21:21 PM,11/26/2025,
9,0.0,gf,0.000,mm,OK,--,10:21:21 PM,11/26/2025,
10,-0.1,gf,0.000,mm,OK,--,10:21:21 PM,11/26/2025,
11,0.0,gf,0.000,mm,OK,--,10:21:21 PM,11/26/2025,
12,0.0,gf,0.000,mm,OK,--,10:21:22 PM,11/26/2025,
13,0.0,gf,0.000,mm,OK,--,10:21:22 PM,11/26/2025,
14,0.1,gf,0.000,mm,OK,--,10:21:22 PM,11/26/2025,
15,0.0,gf,0.000,mm,OK,--,10:21:22 PM,11/26/2025,
16,0.0,gf,0.000,mm,OK,--,10:21:22 PM,11/26/2025,
17,0.0,gf,0.000,mm,OK,--,10:21:22 PM,11/26/2025,
18,0.0,gf,0.000,mm,OK,--,10:21:22 PM,11/26/2025,
19,0.0,gf,0.000,mm,OK,--,10:21:22 PM,11/26/2025,
20,0.0,gf,0.000,mm,OK,--,10:21:22 PM,11/26/2025,
21,0.0,gf,0.000,mm,OK,--,10:21:22 PM,11/26/2025,
22,0.1,gf,0.000,mm,OK,--,10:21:23 PM,11/26/2025,
23,0.0,gf,0.000,mm,OK,--,10:21:23 PM,11/26/2025,
24,0.0,gf,0.000,mm,OK,--,10:21:23 PM,11/26/2025,
25,0.0,gf,0.000,mm,OK,--,10:21:23 PM,11/26/2025,
26,0.0,gf,0.000,mm,OK,--,10:21:23 PM,11/26/2025,
27,0.0,gf,0.000,mm,OK,--,10:21:23 PM,11/26/2025,
28,0.0,gf,0.005,mm,OK,--,10:21:23 PM,11/26/2025,
29,0.0,gf,0.005,mm,OK,--,10:21:23 PM,11/26/2025,
30,0.0,gf,0.005,mm,OK,--,10:21:23 PM,11/26/2025,
31,0.0,gf,0.005,mm,OK,--,10:21:23 PM,11/26/2025,
32,0.0,gf,0.005,mm,OK,--,10:21:24 PM,11/26/2025,
33,0.0,gf,0.005,mm,OK,--,10:21:24 PM,11/26/2025,
34,0.0,gf,0.005,mm,OK,--,10:21:24 PM,11/26/2025,
35,0.0,gf,0.005,mm,OK,--,10:21:24 PM,11/26/2025,
36,0.0,gf,0.010,mm,OK,--,10:21:24 PM,11/26/2025,
37,0.0,gf,0.010,mm,OK,--,10:21:24 PM,11/26/2025,
38,0.0,gf,0.015,mm,OK,--,10:21:24 PM,11/26/2025,
39,0.0,gf,0.015,mm,OK,--,10:21:24 PM,11/26/2025,
40,0.0,gf,0.020,mm,OK,--,10:21:24 PM,11/26/2025,
41,0.0,gf,0.025,mm,OK,--,10:21:24 PM,11/26/2025,
42,0.0,gf,0.030,mm,OK,--,10:21:25 PM,11/26/2025,
43,0.0,gf,0.035,mm,OK,--,10:21:25 PM,11/26/2025,
44,0.0,gf,0.045,mm,OK,--,10:21:25 PM,11/26/2025,
45,-0.1,gf,0.050,mm,OK,--,10:21:25 PM,11/26/2025,
46,0.0,gf,0.060,mm,OK,--,10:21:25 PM,11/26/2025,
47,0.0,gf,0.065,mm,OK,--,10:21:25 PM,11/26/2025,
48,0.0,gf,0.070,mm,OK,--,10:21:25 PM,11/26/2025,
49,0.0,gf,0.075,mm,OK,--,10:21:25 PM,11/26/2025,
50,0.0,gf,0.075,mm,OK,--,10:21:25 PM,11/26/2025,
51,0.0,gf,0.080,mm,OK,--,10:21:25 PM,11/26/2025,
52,0.0,gf,0.085,mm,OK,--,10:21:26 PM,11/26/2025,
53,0.0,gf,0.090,mm,OK,--,10:21:26 PM,11/26/2025,
54,-0.1,gf,0.095,mm,OK,--,10:21:26 PM,11/26/2025,
55,0.0,gf,0.100,mm,OK,--,10:21:26 PM,11/26/2025,
56,0.0,gf,0.105,mm,OK,--,10:21:26 PM,11/26/2025,
57,0.0,gf,0.110,mm,OK,--,10:21:26 PM,11/26/2025,
58,0.0,gf,0.120,mm,OK,--,10:21:26 PM,11/26/2025,
59,0.0,gf,0.125,mm,OK,--,10:21:26 PM,11/26/2025,
60,0.0,gf,0.135,mm,OK,--,10:21:26 PM,11/26/2025,
61,0.0,gf,0.145,mm,OK,--,10:21:26 PM,11/26/2025,
62,0.0,gf,0.150,mm,OK,--,10:21:27 PM,11/26/2025,
63,0.0,gf,0.155,mm,OK,--,10:21:27 PM,11/26/2025,
64,0.0,gf,0.160,mm,OK,--,10:21:27 PM,11/26/2025,
65,0.0,gf,0.165,mm,OK,--,10:21:27 PM,11/26/2025,
66,0.0,gf,0.170,mm,OK,--,10:21:27 PM,11/26/2025,
67,0.0,gf,0.175,mm,OK,--,10:21:27 PM,11/26/2025,
68,0.0,gf,0.180,mm,OK,--,10:21:27 PM,11/26/2025,
69,-0.1,gf,0.190,mm,OK,--,10:21:27 PM,11/26/2025,
70,0.0,gf,0.195,mm,OK,--,10:21:27 PM,11/26/2025,
71,0.0,gf,0.200,mm,OK,--,10:21:27 PM,11/26/2025,
72,0.0,gf,0.210,mm,OK,--,10:21:28 PM,11/26/2025,
73,0.0,gf,0.215,mm,OK,--,10:21:28 PM,11/26/2025,
74,0.0,gf,0.220,mm,OK,--,10:21:28 PM,11/26/2025,
75,0.0,gf,0.225,mm,OK,--,10:21:28 PM,11/26/2025,
76,0.0,gf,0.235,mm,OK,--,10:21:28 PM,11/26/2025,
77,0.0,gf,0.240,mm,OK,--,10:21:28 PM,11/26/2025,
78,0.0,gf,0.245,mm,OK,--,10:21:28 PM,11/26/2025,
79,0.0,gf,0.250,mm,OK,--,10:21:28 PM,11/26/2025,
80,-0.1,gf,0.255,mm,OK,--,10:21:28 PM,11/26/2025,
81,0.0,gf,0.260,mm,OK,--,10:21:28 PM,11/26/2025,
82,0.0,gf,0.270,mm,OK,--,10:21:29 PM,11/26/2025,
83,-0.1,gf,0.275,mm,OK,--,10:21:29 PM,11/26/2025,
84,0.0,gf,0.280,mm,OK,--,10:21:29 PM,11/26/2025,
85,0.0,gf,0.290,mm,OK,--,10:21:29 PM,11/26/2025,
86,0.0,gf,0.295,mm,OK,--,10:21:29 PM,11/26/2025,
87,0.0,gf,0.305,mm,OK,--,10:21:29 PM,11/26/2025,
88,0.0,gf,0.310,mm,OK,--,10:21:29 PM,11/26/2025,
89,0.1,gf,0.320,mm,OK,--,10:21:29 PM,11/26/2025,
90,4.3,gf,0.325,mm,OK,--,10:21:29 PM,11/26/2025,
91,10.6,gf,0.330,mm,OK,--,10:21:29 PM,11/26/2025,
92,15.8,gf,0.335,mm,OK,--,10:21:30 PM,11/26/2025,
93,19.7,gf,0.340,mm,OK,--,10:21:30 PM,11/26/2025,
94,22.9,gf,0.345,mm,OK,--,10:21:30 PM,11/26/2025,
95,25.5,gf,0.345,mm,OK,--,10:21:30 PM,11/26/2025,
96,27.9,gf,0.350,mm,OK,--,10:21:30 PM,11/26/2025,
97,29.9,gf,0.355,mm,OK,--,10:21:30 PM,11/26/2025,
98,31.4,gf,0.355,mm,OK,--,10:21:30 PM,11/26/2025,
99,31.9,gf,0.360,mm,OK,--,10:21:30 PM,11/26/2025,
100,31.8,gf,0.360,mm,OK,--,10:21:30 PM,11/26/2025,
101,31.8,gf,0.365,mm,OK,--,10:21:30 PM,11/26/2025,
102,31.8,gf,0.365,mm,OK,--,10:21:31 PM,11/26/2025,
103,31.8,gf,0.370,mm,OK,--,10:21:31 PM,11/26/2025,
104,31.8,gf,0.375,mm,OK,--,10:21:31 PM,11/26/2025,
105,31.8,gf,0.380,mm,OK,--,10:21:31 PM,11/26/2025,
106,31.8,gf,0.385,mm,OK,--,10:21:31 PM,11/26/2025,
107,31.8,gf,0.390,mm,OK,--,10:21:31 PM,11/26/2025,
108,31.9,gf,0.395,mm,OK,--,10:21:31 PM,11/26/2025,
109,31.9,gf,0.400,mm,OK,--,10:21:31 PM,11/26/2025,
110,31.9,gf,0.405,mm,OK,--,10:21:31 PM,11/26/2025,
111,31.9,gf,0.410,mm,OK,--,10:21:31 PM,11/26/2025,
112,31.9,gf,0.415,mm,OK,--,10:21:32 PM,11/26/2025,
113,31.9,gf,0.425,mm,OK,--,10:21:32 PM,11/26/2025,
114,31.9,gf,0.435,mm,OK,--,10:21:32 PM,11/26/2025,
115,31.9,gf,0.445,mm,OK,--,10:21:32 PM,11/26/2025,
116,31.9,gf,0.450,mm,OK,--,10:21:32 PM,11/26/2025,
117,32.0,gf,0.460,mm,OK,--,10:21:32 PM,11/26/2025,
118,32.0,gf,0.465,mm,OK,--,10:21:32 PM,11/26/2025,
119,32.0,gf,0.470,mm,OK,--,10:21:32 PM,11/26/2025,
120,32.0,gf,0.475,mm,OK,--,10:21:32 PM,11/26/2025,
121,32.0,gf,0.485,mm,OK,--,10:21:32 PM,11/26/2025,
122,32.0,gf,0.490,mm,OK,--,10:21:33 PM,11/26/2025,
123,32.0,gf,0.500,mm,OK,--,10:21:33 PM,11/26/2025,
124,32.1,gf,0.505,mm,OK,--,10:21:33 PM,11/26/2025,
125,32.0,gf,0.515,mm,OK,--,10:21:33 PM,11/26/2025,
126,32.1,gf,0.525,mm,OK,--,10:21:33 PM,11/26/2025,
127,32.1,gf,0.535,mm,OK,--,10:21:33 PM,11/26/2025,
128,32.2,gf,0.540,mm,OK,--,10:21:33 PM,11/26/2025,
129,32.1,gf,0.550,mm,OK,--,10:21:33 PM,11/26/2025,
130,32.2,gf,0.560,mm,OK,--,10:21:33 PM,11/26/2025,
131,32.2,gf,0.565,mm,OK,--,10:21:33 PM,11/26/2025,
132,32.2,gf,0.570,mm,OK,--,10:21:34 PM,11/26/2025,
133,32.2,gf,0.575,mm,OK,--,10:21:34 PM,11/26/2025,
134,32.3,gf,0.580,mm,OK,--,10:21:34 PM,11/26/2025,
135,32.3,gf,0.585,mm,OK,--,10:21:34 PM,11/26/2025,
136,32.3,gf,0.590,mm,OK,--,10:21:34 PM,11/26/2025,
137,32.2,gf,0.595,mm,OK,--,10:21:34 PM,11/26/2025,
138,32.4,gf,0.600,mm,OK,--,10:21:34 PM,11/26/2025,
139,32.4,gf,0.610,mm,OK,--,10:21:34 PM,11/26/2025,
140,32.3,gf,0.615,mm,OK,--,10:21:34 PM,11/26/2025,
141,32.4,gf,0.620,mm,OK,--,10:21:34 PM,11/26/2025,
142,32.4,gf,0.625,mm,OK,--,10:21:35 PM,11/26/2025,
143,32.4,gf,0.635,mm,OK,--,10:21:35 PM,11/26/2025,
144,32.5,gf,0.640,mm,OK,--,10:21:35 PM,11/26/2025,
145,32.5,gf,0.645,mm,OK,--,10:21:35 PM,11/26/2025,
146,32.5,gf,0.650,mm,OK,--,10:21:35 PM,11/26/2025,
147,32.5,gf,0.660,mm,OK,--,10:21:35 PM,11/26/2025,
148,32.6,gf,0.665,mm,OK,--,10:21:35 PM,11/26/2025,
149,32.6,gf,0.675,mm,OK,--,10:21:35 PM,11/26/2025,
150,32.6,gf,0.680,mm,OK,--,10:21:35 PM,11/26/2025,
151,32.7,gf,0.685,mm,OK,--,10:21:35 PM,11/26/2025,
152,32.6,gf,0.690,mm,OK,--,10:21:36 PM,11/26/2025,
153,32.7,gf,0.695,mm,OK,--,10:21:36 PM,11/26/2025,
154,32.6,gf,0.700,mm,OK,--,10:21:36 PM,11/26/2025,
155,32.7,gf,0.710,mm,OK,--,10:21:36 PM,11/26/2025,
156,32.8,gf,0.720,mm,OK,--,10:21:36 PM,11/26/2025,
157,32.8,gf,0.730,mm,OK,--,10:21:36 PM,11/26/2025,
158,32.8,gf,0.735,mm,OK,--,10:21:36 PM,11/26/2025,
159,32.8,gf,0.745,mm,OK,--,10:21:36 PM,11/26/2025,
160,32.9,gf,0.750,mm,OK,--,10:21:36 PM,11/26/2025,
161,32.9,gf,0.755,mm,OK,--,10:21:36 PM,11/26/2025,
162,33.0,gf,0.760,mm,OK,--,10:21:37 PM,11/26/2025,
163,33.0,gf,0.765,mm,OK,--,10:21:37 PM,11/26/2025,
164,33.0,gf,0.775,mm,OK,--,10:21:37 PM,11/26/2025,
165,33.0,gf,0.780,mm,OK,--,10:21:37 PM,11/26/2025,
166,33.1,gf,0.785,mm,OK,--,10:21:37 PM,11/26/2025,
167,33.1,gf,0.790,mm,OK,--,10:21:37 PM,11/26/2025,
168,33.1,gf,0.800,mm,OK,--,10:21:37 PM,11/26/2025,
169,33.0,gf,0.805,mm,OK,--,10:21:37 PM,11/26/2025,
170,33.1,gf,0.815,mm,OK,--,10:21:37 PM,11/26/2025,
171,33.1,gf,0.825,mm,OK,--,10:21:37 PM,11/26/2025,
172,33.2,gf,0.830,mm,OK,--,10:21:38 PM,11/26/2025,
173,33.2,gf,0.840,mm,OK,--,10:21:38 PM,11/26/2025,
174,33.3,gf,0.850,mm,OK,--,10:21:38 PM,11/26/2025,
175,33.3,gf,0.860,mm,OK,--,10:21:38 PM,11/26/2025,
176,33.3,gf,0.870,mm,OK,--,10:21:38 PM,11/26/2025,
177,33.3,gf,0.880,mm,OK,--,10:21:38 PM,11/26/2025,
178,33.4,gf,0.885,mm,OK,--,10:21:38 PM,11/26/2025,
179,33.4,gf,0.895,mm,OK,--,10:21:38 PM,11/26/2025,
180,33.4,gf,0.905,mm,OK,--,10:21:38 PM,11/26/2025,
181,33.4,gf,0.910,mm,OK,--,10:21:38 PM,11/26/2025,
182,33.4,gf,0.920,mm,OK,--,10:21:39 PM,11/26/2025,
183,33.4,gf,0.925,mm,OK,--,10:21:39 PM,11/26/2025,
184,33.5,gf,0.935,mm,OK,--,10:21:39 PM,11/26/2025,
185,33.5,gf,0.940,mm,OK,--,10:21:39 PM,11/26/2025,
186,33.5,gf,0.945,mm,OK,--,10:21:39 PM,11/26/2025,
187,33.5,gf,0.950,mm,OK,--,10:21:39 PM,11/26/2025,
188,33.5,gf,0.960,mm,OK,--,10:21:39 PM,11/26/2025,
189,33.5,gf,0.965,mm,OK,--,10:21:39 PM,11/26/2025,
190,33.6,gf,0.975,mm,OK,--,10:21:39 PM,11/26/2025,
191,33.6,gf,0.985,mm,OK,--,10:21:39 PM,11/26/2025,
192,33.6,gf,0.990,mm,OK,--,10:21:40 PM,11/26/2025,
193,33.7,gf,1.000,mm,OK,--,10:21:40 PM,11/26/2025,
194,33.7,gf,1.005,mm,OK,--,10:21:40 PM,11/26/2025,
195,33.8,gf,1.010,mm,OK,--,10:21:40 PM,11/26/2025,
196,33.8,gf,1.020,mm,OK,--,10:21:40 PM,11/26/2025,
197,33.8,gf,1.030,mm,OK,--,10:21:40 PM,11/26/2025,
198,33.8,gf,1.035,mm,OK,--,10:21:40 PM,11/26/2025,
199,33.8,gf,1.045,mm,OK,--,10:21:40 PM,11/26/2025,
200,33.9,gf,1.050,mm,OK,--,10:21:40 PM,11/26/2025,
201,33.8,gf,1.055,mm,OK,--,10:21:40 PM,11/26/2025,
202,33.9,gf,1.065,mm,OK,--,10:21:41 PM,11/26/2025,
203,33.9,gf,1.070,mm,OK,--,10:21:41 PM,11/26/2025,
204,33.9,gf,1.075,mm,OK,--,10:21:41 PM,11/26/2025,
205,33.9,gf,1.075,mm,OK,--,10:21:41 PM,11/26/2025,
206,33.9,gf,1.080,mm,OK,--,10:21:41 PM,11/26/2025,
207,33.9,gf,1.085,mm,OK,--,10:21:41 PM,11/26/2025,
208,33.9,gf,1.090,mm,OK,--,10:21:41 PM,11/26/2025,
209,33.9,gf,1.090,mm,OK,--,10:21:41 PM,11/26/2025,
210,33.9,gf,1.095,mm,OK,--,10:21:41 PM,11/26/2025,
211,34.0,gf,1.100,mm,OK,--,10:21:41 PM,11/26/2025,
212,34.0,gf,1.105,mm,OK,--,10:21:42 PM,11/26/2025,
213,34.0,gf,1.110,mm,OK,--,10:21:42 PM,11/26/2025,
214,34.0,gf,1.120,mm,OK,--,10:21:42 PM,11/26/2025,
215,34.0,gf,1.125,mm,OK,--,10:21:42 PM,11/26/2025,
216,34.1,gf,1.130,mm,OK,--,10:21:42 PM,11/26/2025,
217,34.1,gf,1.135,mm,OK,--,10:21:42 PM,11/26/2025,
218,34.1,gf,1.140,mm,OK,--,10:21:42 PM,11/26/2025,
219,34.1,gf,1.140,mm,OK,--,10:21:42 PM,11/26/2025,
220,34.1,gf,1.145,mm,OK,--,10:21:42 PM,11/26/2025,
221,34.1,gf,1.145,mm,OK,--,10:21:42 PM,11/26/2025,
222,34.1,gf,1.150,mm,OK,--,10:21:42 PM,11/26/2025,
223,34.1,gf,1.155,mm,OK,--,10:21:43 PM,11/26/2025,
224,34.1,gf,1.155,mm,OK,--,10:21:43 PM,11/26/2025,
225,34.1,gf,1.160,mm,OK,--,10:21:43 PM,11/26/2025,
226,34.1,gf,1.160,mm,OK,--,10:21:43 PM,11/26/2025,
227,34.1,gf,1.160,mm,OK,--,10:21:43 PM,11/26/2025,
228,34.1,gf,1.165,mm,OK,--,10:21:43 PM,11/26/2025,
229,34.1,gf,1.170,mm,OK,--,10:21:43 PM,11/26/2025,
230,34.2,gf,1.175,mm,OK,--,10:21:43 PM,11/26/2025,
231,34.2,gf,1.175,mm,OK,--,10:21:43 PM,11/26/2025,
232,34.2,gf,1.180,mm,OK,--,10:21:44 PM,11/26/2025,
233,34.2,gf,1.180,mm,OK,--,10:21:44 PM,11/26/2025,
234,34.2,gf,1.185,mm,OK,--,10:21:44 PM,11/26/2025,
235,34.2,gf,1.190,mm,OK,--,10:21:44 PM,11/26/2025,
236,34.2,gf,1.195,mm,OK,--,10:21:44 PM,11/26/2025,
237,34.3,gf,1.200,mm,OK,--,10:21:44 PM,11/26/2025,
238,34.3,gf,1.205,mm,OK,--,10:21:44 PM,11/26/2025,
239,34.4,gf,1.210,mm,OK,--,10:21:44 PM,11/26/2025,
240,34.3,gf,1.215,mm,OK,--,10:21:44 PM,11/26/2025,
241,34.3,gf,1.215,mm,OK,--,10:21:44 PM,11/26/2025,
242,34.3,gf,1.220,mm,OK,--,10:21:44 PM,11/26/2025,
243,34.3,gf,1.225,mm,OK,--,10:21:45 PM,11/26/2025,
244,34.3,gf,1.230,mm,OK,--,10:21:45 PM,11/26/2025,
245,34.3,gf,1.230,mm,OK,--,10:21:45 PM,11/26/2025,
246,34.3,gf,1.235,mm,OK,--,10:21:45 PM,11/26/2025,
247,34.3,gf,1.240,mm,OK,--,10:21:45 PM,11/26/2025,
248,34.4,gf,1.250,mm,OK,--,10:21:45 PM,11/26/2025,
249,34.4,gf,1.255,mm,OK,--,10:21:45 PM,11/26/2025,
250,34.4,gf,1.265,mm,OK,--,10:21:45 PM,11/26/2025,
251,34.4,gf,1.270,mm,OK,--,10:21:45 PM,11/26/2025,
252,34.5,gf,1.275,mm,OK,--,10:21:45 PM,11/26/2025,
253,34.5,gf,1.280,mm,OK,--,10:21:46 PM,11/26/2025,
254,34.5,gf,1.285,mm,OK,--,10:21:46 PM,11/26/2025,
255,34.5,gf,1.295,mm,OK,--,10:21:46 PM,11/26/2025,
256,34.6,gf,1.300,mm,OK,--,10:21:46 PM,11/26/2025,
257,34.6,gf,1.310,mm,OK,--,10:21:46 PM,11/26/2025,
258,34.6,gf,1.315,mm,OK,--,10:21:46 PM,11/26/2025,
259,34.7,gf,1.330,mm,OK,--,10:21:46 PM,11/26/2025,
260,34.7,gf,1.340,mm,OK,--,10:21:46 PM,11/26/2025,
261,34.7,gf,1.350,mm,OK,--,10:21:46 PM,11/26/2025,
262,34.8,gf,1.360,mm,OK,--,10:21:47 PM,11/26/2025,
263,34.8,gf,1.370,mm,OK,--,10:21:47 PM,11/26/2025,
264,34.8,gf,1.380,mm,OK,--,10:21:47 PM,11/26/2025,
265,34.8,gf,1.385,mm,OK,--,10:21:47 PM,11/26/2025,
266,34.9,gf,1.395,mm,OK,--,10:21:47 PM,11/26/2025,
267,34.9,gf,1.400,mm,OK,--,10:21:47 PM,11/26/2025,
268,34.9,gf,1.405,mm,OK,--,10:21:47 PM,11/26/2025,
269,35.0,gf,1.410,mm,OK,--,10:21:47 PM,11/26/2025,
270,35.0,gf,1.420,mm,OK,--,10:21:47 PM,11/26/2025,
271,35.0,gf,1.425,mm,OK,--,10:21:47 PM,11/26/2025,
272,35.0,gf,1.430,mm,OK,--,10:21:48 PM,11/26/2025,
273,35.0,gf,1.435,mm,OK,--,10:21:48 PM,11/26/2025,
274,35.0,gf,1.440,mm,OK,--,10:21:48 PM,11/26/2025,
275,35.0,gf,1.445,mm,OK,--,10:21:48 PM,11/26/2025,
276,35.0,gf,1.445,mm,OK,--,10:21:48 PM,11/26/2025,
277,35.1,gf,1.450,mm,OK,--,10:21:48 PM,11/26/2025,
278,35.1,gf,1.455,mm,OK,--,10:21:48 PM,11/26/2025,
279,35.1,gf,1.460,mm,OK,--,10:21:48 PM,11/26/2025,
280,35.1,gf,1.465,mm,OK,--,10:21:48 PM,11/26/2025,
281,35.1,gf,1.470,mm,OK,--,10:21:48 PM,11/26/2025,
282,35.1,gf,1.475,mm,OK,--,10:21:48 PM,11/26/2025,
283,35.1,gf,1.480,mm,OK,--,10:21:49 PM,11/26/2025,
284,35.1,gf,1.485,mm,OK,--,10:21:49 PM,11/26/2025,
285,35.2,gf,1.490,mm,OK,--,10:21:49 PM,11/26/2025,
286,35.2,gf,1.495,mm,OK,--,10:21:49 PM,11/26/2025,
287,35.2,gf,1.500,mm,OK,--,10:21:49 PM,11/26/2025,
288,35.2,gf,1.510,mm,OK,--,10:21:49 PM,11/26/2025,
289,35.3,gf,1.515,mm,OK,--,10:21:49 PM,11/26/2025,
290,35.2,gf,1.520,mm,OK,--,10:21:49 PM,11/26/2025,
291,35.3,gf,1.525,mm,OK,--,10:21:49 PM,11/26/2025,
292,35.3,gf,1.535,mm,OK,--,10:21:49 PM,11/26/2025,
293,35.3,gf,1.540,mm,OK,--,10:21:50 PM,11/26/2025,
294,35.3,gf,1.540,mm,OK,--,10:21:50 PM,11/26/2025,
295,35.3,gf,1.545,mm,OK,--,10:21:50 PM,11/26/2025,
296,35.4,gf,1.550,mm,OK,--,10:21:50 PM,11/26/2025,
297,35.4,gf,1.555,mm,OK,--,10:21:50 PM,11/26/2025,
298,35.4,gf,1.555,mm,OK,--,10:21:50 PM,11/26/2025,
299,35.4,gf,1.560,mm,OK,--,10:21:50 PM,11/26/2025,
300,35.4,gf,1.565,mm,OK,--,10:21:50 PM,11/26/2025,
301,35.4,gf,1.565,mm,OK,--,10:21:50 PM,11/26/2025,
302,35.4,gf,1.570,mm,OK,--,10:21:50 PM,11/26/2025,
303,35.5,gf,1.575,mm,OK,--,10:21:51 PM,11/26/2025,
304,35.4,gf,1.575,mm,OK,--,10:21:51 PM,11/26/2025,
305,35.4,gf,1.580,mm,OK,--,10:21:51 PM,11/26/2025,
306,35.4,gf,1.585,mm,OK,--,10:21:51 PM,11/26/2025,
307,35.4,gf,1.585,mm,OK,--,10:21:51 PM,11/26/2025,
308,35.4,gf,1.590,mm,OK,--,10:21:51 PM,11/26/2025,
309,35.4,gf,1.590,mm,OK,--,10:21:51 PM,11/26/2025,
310,35.4,gf,1.595,mm,OK,--,10:21:51 PM,11/26/2025,
311,35.5,gf,1.595,mm,OK,--,10:21:51 PM,11/26/2025,
312,35.5,gf,1.600,mm,OK,--,10:21:51 PM,11/26/2025,
313,35.5,gf,1.600,mm,OK,--,10:21:52 PM,11/26/2025,
314,35.5,gf,1.605,mm,OK,--,10:21:52 PM,11/26/2025,
315,35.5,gf,1.605,mm,OK,--,10:21:52 PM,11/26/2025,
316,35.5,gf,1.610,mm,OK,--,10:21:52 PM,11/26/2025,
317,35.5,gf,1.610,mm,OK,--,10:21:52 PM,11/26/2025,
318,35.5,gf,1.615,mm,OK,--,10:21:52 PM,11/26/2025,
319,35.5,gf,1.620,mm,OK,--,10:21:52 PM,11/26/2025,
320,35.5,gf,1.625,mm,OK,--,10:21:52 PM,11/26/2025,
321,35.6,gf,1.625,mm,OK,--,10:21:52 PM,11/26/2025,
322,35.6,gf,1.625,mm,OK,--,10:21:52 PM,11/26/2025,
323,35.6,gf,1.630,mm,OK,--,10:21:53 PM,11/26/2025,
324,35.6,gf,1.630,mm,OK,--,10:21:53 PM,11/26/2025,
325,35.6,gf,1.635,mm,OK,--,10:21:53 PM,11/26/2025,
326,35.6,gf,1.635,mm,OK,--,10:21:53 PM,11/26/2025,
327,35.6,gf,1.635,mm,OK,--,10:21:53 PM,11/26/2025,
328,35.6,gf,1.640,mm,OK,--,10:21:53 PM,11/26/2025,
329,35.6,gf,1.645,mm,OK,--,10:21:53 PM,11/26/2025,
330,35.6,gf,1.645,mm,OK,--,10:21:53 PM,11/26/2025,
331,35.6,gf,1.650,mm,OK,--,10:21:53 PM,11/26/2025,
332,35.6,gf,1.650,mm,OK,--,10:21:54 PM,11/26/2025,
333,35.7,gf,1.655,mm,OK,--,10:21:54 PM,11/26/2025,
334,35.7,gf,1.655,mm,OK,--,10:21:54 PM,11/26/2025,
335,35.7,gf,1.660,mm,OK,--,10:21:54 PM,11/26/2025,
336,35.7,gf,1.665,mm,OK,--,10:21:54 PM,11/26/2025,
337,35.7,gf,1.670,mm,OK,--,10:21:54 PM,11/26/2025,
338,35.7,gf,1.675,mm,OK,--,10:21:54 PM,11/26/2025,
339,35.8,gf,1.680,mm,OK,--,10:21:54 PM,11/26/2025,
340,35.8,gf,1.685,mm,OK,--,10:21:54 PM,11/26/2025,
341,35.8,gf,1.690,mm,OK,--,10:21:54 PM,11/26/2025,
342,35.8,gf,1.695,mm,OK,--,10:21:54 PM,11/26/2025,
343,35.8,gf,1.700,mm,OK,--,10:21:55 PM,11/26/2025,
344,35.8,gf,1.705,mm,OK,--,10:21:55 PM,11/26/2025,
345,35.8,gf,1.710,mm,OK,--,10:21:55 PM,11/26/2025,
346,35.8,gf,1.720,mm,OK,--,10:21:55 PM,11/26/2025,
347,35.9,gf,1.725,mm,OK,--,10:21:55 PM,11/26/2025,
348,35.9,gf,1.730,mm,OK,--,10:21:55 PM,11/26/2025,
349,35.9,gf,1.735,mm,OK,--,10:21:55 PM,11/26/2025,
350,35.9,gf,1.745,mm,OK,--,10:21:55 PM,11/26/2025,
351,35.9,gf,1.750,mm,OK,--,10:21:55 PM,11/26/2025,
352,35.9,gf,1.755,mm,OK,--,10:21:55 PM,11/26/2025,
353,36.0,gf,1.765,mm,OK,--,10:21:56 PM,11/26/2025,
354,36.0,gf,1.770,mm,OK,--,10:21:56 PM,11/26/2025,
355,36.1,gf,1.775,mm,OK,--,10:21:56 PM,11/26/2025,
356,36.1,gf,1.780,mm,OK,--,10:21:56 PM,11/26/2025,
357,36.1,gf,1.785,mm,OK,--,10:21:56 PM,11/26/2025,
358,36.1,gf,1.790,mm,OK,--,10:21:56 PM,11/26/2025,
359,36.1,gf,1.795,mm,OK,--,10:21:56 PM,11/26/2025,
360,36.1,gf,1.800,mm,OK,--,10:21:56 PM,11/26/2025,
361,36.1,gf,1.805,mm,OK,--,10:21:56 PM,11/26/2025,
362,36.1,gf,1.810,mm,OK,--,10:21:56 PM,11/26/2025,
363,36.1,gf,1.810,mm,OK,--,10:21:57 PM,11/26/2025,
364,36.1,gf,1.815,mm,OK,--,10:21:57 PM,11/26/2025,
365,36.1,gf,1.820,mm,OK,--,10:21:57 PM,11/26/2025,
366,36.1,gf,1.825,mm,OK,--,10:21:57 PM,11/26/2025,
367,36.1,gf,1.835,mm,OK,--,10:21:57 PM,11/26/2025,
368,36.1,gf,1.840,mm,OK,--,10:21:57 PM,11/26/2025,
369,36.1,gf,1.845,mm,OK,--,10:21:57 PM,11/26/2025,
370,36.2,gf,1.850,mm,OK,--,10:21:57 PM,11/26/2025,
371,36.2,gf,1.850,mm,OK,--,10:21:57 PM,11/26/2025,
372,36.2,gf,1.855,mm,OK,--,10:21:57 PM,11/26/2025,
373,36.2,gf,1.860,mm,OK,--,10:21:58 PM,11/26/2025,
374,36.2,gf,1.860,mm,OK,--,10:21:58 PM,11/26/2025,
375,36.2,gf,1.865,mm,OK,--,10:21:58 PM,11/26/2025,
376,36.3,gf,1.870,mm,OK,--,10:21:58 PM,11/26/2025,
377,36.3,gf,1.875,mm,OK,--,10:21:58 PM,11/26/2025,
378,36.3,gf,1.875,mm,OK,--,10:21:58 PM,11/26/2025,
379,36.3,gf,1.880,mm,OK,--,10:21:58 PM,11/26/2025,
380,36.3,gf,1.885,mm,OK,--,10:21:58 PM,11/26/2025,
381,36.3,gf,1.885,mm,OK,--,10:21:58 PM,11/26/2025,
382,36.3,gf,1.890,mm,OK,--,10:21:58 PM,11/26/2025,
383,36.4,gf,1.890,mm,OK,--,10:21:59 PM,11/26/2025,
384,36.4,gf,1.895,mm,OK,--,10:21:59 PM,11/26/2025,
385,36.3,gf,1.900,mm,OK,--,10:21:59 PM,11/26/2025,
386,36.4,gf,1.900,mm,OK,--,10:21:59 PM,11/26/2025,
387,36.4,gf,1.905,mm,OK,--,10:21:59 PM,11/26/2025,
388,36.4,gf,1.910,mm,OK,--,10:21:59 PM,11/26/2025,
389,36.4,gf,1.915,mm,OK,--,10:21:59 PM,11/26/2025,
390,36.4,gf,1.920,mm,OK,--,10:21:59 PM,11/26/2025,
391,36.4,gf,1.925,mm,OK,--,10:21:59 PM,11/26/2025,
392,36.5,gf,1.925,mm,OK,--,10:21:59 PM,11/26/2025,
393,36.5,gf,1.925,mm,OK,--,10:22:00 PM,11/26/2025,
394,36.6,gf,1.930,mm,OK,--,10:22:00 PM,11/26/2025,
395,36.5,gf,1.930,mm,OK,--,10:22:00 PM,11/26/2025,
396,36.5,gf,1.930,mm,OK,--,10:22:00 PM,11/26/2025,
397,36.5,gf,1.935,mm,OK,--,10:22:00 PM,11/26/2025,
398,36.5,gf,1.935,mm,OK,--,10:22:00 PM,11/26/2025,
399,36.5,gf,1.940,mm,OK,--,10:22:00 PM,11/26/2025,
400,36.5,gf,1.945,mm,OK,--,10:22:00 PM,11/26/2025,
401,36.5,gf,1.945,mm,OK,--,10:22:00 PM,11/26/2025,
402,36.6,gf,1.950,mm,OK,--,10:22:00 PM,11/26/2025,
403,36.6,gf,1.955,mm,OK,--,10:22:01 PM,11/26/2025,
404,36.6,gf,1.960,mm,OK,--,10:22:01 PM,11/26/2025,
405,36.5,gf,1.965,mm,OK,--,10:22:01 PM,11/26/2025,
406,36.6,gf,1.970,mm,OK,--,10:22:01 PM,11/26/2025,
407,36.6,gf,1.980,mm,OK,--,10:22:01 PM,11/26/2025,
408,36.6,gf,1.980,mm,OK,--,10:22:01 PM,11/26/2025,
409,36.6,gf,1.985,mm,OK,--,10:22:01 PM,11/26/2025,
410,36.6,gf,1.985,mm,OK,--,10:22:01 PM,11/26/2025,
411,36.6,gf,1.990,mm,OK,--,10:22:01 PM,11/26/2025,
412,36.6,gf,1.990,mm,OK,--,10:22:01 PM,11/26/2025,
413,36.6,gf,1.990,mm,OK,--,10:22:02 PM,11/26/2025,
414,36.7,gf,1.995,mm,OK,--,10:22:02 PM,11/26/2025,
415,36.7,gf,2.000,mm,OK,--,10:22:02 PM,11/26/2025,
416,36.7,gf,2.005,mm,OK,--,10:22:02 PM,11/26/2025,
417,36.7,gf,2.010,mm,OK,--,10:22:02 PM,11/26/2025,
418,36.7,gf,2.015,mm,OK,--,10:22:02 PM,11/26/2025,
419,36.7,gf,2.015,mm,OK,--,10:22:02 PM,11/26/2025,
420,36.7,gf,2.020,mm,OK,--,10:22:02 PM,11/26/2025,
421,36.7,gf,2.020,mm,OK,--,10:22:02 PM,11/26/2025,
422,36.7,gf,2.025,mm,OK,--,10:22:02 PM,11/26/2025,
423,36.7,gf,2.030,mm,OK,--,10:22:03 PM,11/26/2025,
424,36.7,gf,2.030,mm,OK,--,10:22:03 PM,11/26/2025,
425,36.8,gf,2.035,mm,OK,--,10:22:03 PM,11/26/2025,
426,36.8,gf,2.035,mm,OK,--,10:22:03 PM,11/26/2025,
427,36.8,gf,2.040,mm,OK,--,10:22:03 PM,11/26/2025,
428,36.7,gf,2.045,mm,OK,--,10:22:03 PM,11/26/2025,
429,36.8,gf,2.050,mm,OK,--,10:22:03 PM,11/26/2025,
430,36.7,gf,2.060,mm,OK,--,10:22:03 PM,11/26/2025,
431,36.7,gf,2.065,mm,OK,--,10:22:03 PM,11/26/2025,
432,36.8,gf,2.070,mm,OK,--,10:22:03 PM,11/26/2025,
433,36.9,gf,2.080,mm,OK,--,10:22:04 PM,11/26/2025,
434,36.9,gf,2.085,mm,OK,--,10:22:04 PM,11/26/2025,
435,36.9,gf,2.095,mm,OK,--,10:22:04 PM,11/26/2025,
436,36.9,gf,2.100,mm,OK,--,10:22:04 PM,11/26/2025,
437,36.9,gf,2.105,mm,OK,--,10:22:04 PM,11/26/2025,
438,36.9,gf,2.115,mm,OK,--,10:22:04 PM,11/26/2025,
439,37.0,gf,2.125,mm,OK,--,10:22:04 PM,11/26/2025,
440,37.1,gf,2.135,mm,OK,--,10:22:04 PM,11/26/2025,
441,37.1,gf,2.140,mm,OK,--,10:22:04 PM,11/26/2025,
442,37.1,gf,2.150,mm,OK,--,10:22:04 PM,11/26/2025,
443,37.2,gf,2.155,mm,OK,--,10:22:05 PM,11/26/2025,
444,37.2,gf,2.160,mm,OK,--,10:22:05 PM,11/26/2025,
445,37.3,gf,2.165,mm,OK,--,10:22:05 PM,11/26/2025,
446,37.3,gf,2.170,mm,OK,--,10:22:05 PM,11/26/2025,
447,37.3,gf,2.175,mm,OK,--,10:22:05 PM,11/26/2025,
448,37.2,gf,2.175,mm,OK,--,10:22:05 PM,11/26/2025,
449,37.2,gf,2.180,mm,OK,--,10:22:05 PM,11/26/2025,
450,37.2,gf,2.185,mm,OK,--,10:22:05 PM,11/26/2025,
451,37.2,gf,2.195,mm,OK,--,10:22:05 PM,11/26/2025,
452,37.3,gf,2.205,mm,OK,--,10:22:05 PM,11/26/2025,
453,37.3,gf,2.210,mm,OK,--,10:22:06 PM,11/26/2025,
454,37.3,gf,2.220,mm,OK,--,10:22:06 PM,11/26/2025,
455,37.4,gf,2.225,mm,OK,--,10:22:06 PM,11/26/2025,
456,37.4,gf,2.235,mm,OK,--,10:22:06 PM,11/26/2025,
457,37.4,gf,2.240,mm,OK,--,10:22:06 PM,11/26/2025,
458,37.5,gf,2.250,mm,OK,--,10:22:06 PM,11/26/2025,
459,37.5,gf,2.255,mm,OK,--,10:22:06 PM,11/26/2025,
460,37.5,gf,2.260,mm,OK,--,10:22:06 PM,11/26/2025,
461,37.5,gf,2.265,mm,OK,--,10:22:06 PM,11/26/2025,
462,37.5,gf,2.270,mm,OK,--,10:22:06 PM,11/26/2025,
463,37.6,gf,2.275,mm,OK,--,10:22:07 PM,11/26/2025,
464,37.6,gf,2.280,mm,OK,--,10:22:07 PM,11/26/2025,
465,37.7,gf,2.285,mm,OK,--,10:22:07 PM,11/26/2025,
466,37.6,gf,2.290,mm,OK,--,10:22:07 PM,11/26/2025,
467,37.7,gf,2.295,mm,OK,--,10:22:07 PM,11/26/2025,
468,37.6,gf,2.295,mm,OK,--,10:22:07 PM,11/26/2025,
469,37.6,gf,2.300,mm,OK,--,10:22:07 PM,11/26/2025,
470,37.6,gf,2.305,mm,OK,--,10:22:07 PM,11/26/2025,
471,37.7,gf,2.305,mm,OK,--,10:22:07 PM,11/26/2025,
472,37.7,gf,2.310,mm,OK,--,10:22:07 PM,11/26/2025,
473,37.7,gf,2.315,mm,OK,--,10:22:08 PM,11/26/2025,
474,37.6,gf,2.315,mm,OK,--,10:22:08 PM,11/26/2025,
475,37.7,gf,2.320,mm,OK,--,10:22:08 PM,11/26/2025,
476,37.7,gf,2.325,mm,OK,--,10:22:08 PM,11/26/2025,
477,37.7,gf,2.325,mm,OK,--,10:22:08 PM,11/26/2025,
478,37.6,gf,2.330,mm,OK,--,10:22:08 PM,11/26/2025,
479,37.6,gf,2.335,mm,OK,--,10:22:08 PM,11/26/2025,
480,37.6,gf,2.340,mm,OK,--,10:22:08 PM,11/26/2025,
481,37.7,gf,2.345,mm,OK,--,10:22:08 PM,11/26/2025,
482,37.8,gf,2.350,mm,OK,--,10:22:08 PM,11/26/2025,
483,37.9,gf,2.355,mm,OK,--,10:22:09 PM,11/26/2025,
484,37.8,gf,2.360,mm,OK,--,10:22:09 PM,11/26/2025,
485,37.9,gf,2.365,mm,OK,--,10:22:09 PM,11/26/2025,
486,37.9,gf,2.370,mm,OK,--,10:22:09 PM,11/26/2025,
487,37.9,gf,2.375,mm,OK,--,10:22:09 PM,11/26/2025,
488,37.9,gf,2.380,mm,OK,--,10:22:09 PM,11/26/2025,
489,37.9,gf,2.390,mm,OK,--,10:22:09 PM,11/26/2025,
490,37.9,gf,2.395,mm,OK,--,10:22:09 PM,11/26/2025,
491,37.9,gf,2.400,mm,OK,--,10:22:09 PM,11/26/2025,
492,37.9,gf,2.405,mm,OK,--,10:22:09 PM,11/26/2025,
493,37.9,gf,2.410,mm,OK,--,10:22:10 PM,11/26/2025,
494,37.9,gf,2.410,mm,OK,--,10:22:10 PM,11/26/2025,
495,37.9,gf,2.415,mm,OK,--,10:22:10 PM,11/26/2025,
496,37.9,gf,2.420,mm,OK,--,10:22:10 PM,11/26/2025,
497,37.9,gf,2.420,mm,OK,--,10:22:10 PM,11/26/2025,
498,37.9,gf,2.425,mm,OK,--,10:22:10 PM,11/26/2025,
499,38.0,gf,2.430,mm,OK,--,10:22:10 PM,11/26/2025,
500,38.0,gf,2.435,mm,OK,--,10:22:10 PM,11/26/2025,
501,38.0,gf,2.435,mm,OK,--,10:22:10 PM,11/26/2025,
502,38.0,gf,2.440,mm,OK,--,10:22:10 PM,11/26/2025,
503,38.0,gf,2.440,mm,OK,--,10:22:11 PM,11/26/2025,
504,38.0,gf,2.440,mm,OK,--,10:22:11 PM,11/26/2025,
505,38.0,gf,2.445,mm,OK,--,10:22:11 PM,11/26/2025,
506,38.0,gf,2.445,mm,OK,--,10:22:11 PM,11/26/2025,
507,38.0,gf,2.445,mm,OK,--,10:22:11 PM,11/26/2025,
508,38.0,gf,2.450,mm,OK,--,10:22:11 PM,11/26/2025,
509,38.0,gf,2.450,mm,OK,--,10:22:11 PM,11/26/2025,
510,38.0,gf,2.455,mm,OK,--,10:22:11 PM,11/26/2025,
511,38.0,gf,2.455,mm,OK,--,10:22:11 PM,11/26/2025,
512,38.0,gf,2.460,mm,OK,--,10:22:11 PM,11/26/2025,
513,38.0,gf,2.460,mm,OK,--,10:22:12 PM,11/26/2025,
514,38.0,gf,2.460,mm,OK,--,10:22:12 PM,11/26/2025,
515,38.1,gf,2.460,mm,OK,--,10:22:12 PM,11/26/2025,
516,38.1,gf,2.465,mm,OK,--,10:22:12 PM,11/26/2025,
517,38.1,gf,2.465,mm,OK,--,10:22:12 PM,11/26/2025,
518,38.1,gf,2.465,mm,OK,--,10:22:12 PM,11/26/2025,
519,38.1,gf,2.465,mm,OK,--,10:22:12 PM,11/26/2025,
520,38.1,gf,2.465,mm,OK,--,10:22:12 PM,11/26/2025,
521,38.1,gf,2.465,mm,OK,--,10:22:12 PM,11/26/2025,
522,38.1,gf,2.465,mm,OK,--,10:22:12 PM,11/26/2025,
523,38.1,gf,2.470,mm,OK,--,10:22:13 PM,11/26/2025,
524,38.1,gf,2.470,mm,OK,--,10:22:13 PM,11/26/2025,
525,38.1,gf,2.475,mm,OK,--,10:22:13 PM,11/26/2025,
526,38.1,gf,2.475,mm,OK,--,10:22:13 PM,11/26/2025,
527,38.1,gf,2.480,mm,OK,--,10:22:13 PM,11/26/2025,
528,38.1,gf,2.480,mm,OK,--,10:22:13 PM,11/26/2025,
529,38.1,gf,2.485,mm,OK,--,10:22:13 PM,11/26/2025,
530,38.1,gf,2.485,mm,OK,--,10:22:13 PM,11/26/2025,
531,38.2,gf,2.490,mm,OK,--,10:22:13 PM,11/26/2025,
532,38.2,gf,2.490,mm,OK,--,10:22:13 PM,11/26/2025,
533,38.2,gf,2.495,mm,OK,--,10:22:14 PM,11/26/2025,
534,38.2,gf,2.495,mm,OK,--,10:22:14 PM,11/26/2025,
535,38.2,gf,2.500,mm,OK,--,10:22:14 PM,11/26/2025,
536,38.2,gf,2.500,mm,OK,--,10:22:14 PM,11/26/2025,
537,38.2,gf,2.505,mm,OK,--,10:22:14 PM,11/26/2025,
538,38.2,gf,2.505,mm,OK,--,10:22:14 PM,11/26/2025,
539,38.3,gf,2.510,mm,OK,--,10:22:14 PM,11/26/2025,
540,38.3,gf,2.515,mm,OK,--,10:22:14 PM,11/26/2025,
541,38.3,gf,2.520,mm,OK,--,10:22:14 PM,11/26/2025,
542,38.3,gf,2.525,mm,OK,--,10:22:14 PM,11/26/2025,
543,38.3,gf,2.525,mm,OK,--,10:22:15 PM,11/26/2025,
544,38.3,gf,2.530,mm,OK,--,10:22:15 PM,11/26/2025,
545,38.3,gf,2.530,mm,OK,--,10:22:15 PM,11/26/2025,
546,38.3,gf,2.535,mm,OK,--,10:22:15 PM,11/26/2025,
547,38.3,gf,2.540,mm,OK,--,10:22:15 PM,11/26/2025,
548,38.3,gf,2.540,mm,OK,--,10:22:15 PM,11/26/2025,
549,38.3,gf,2.545,mm,OK,--,10:22:15 PM,11/26/2025,
550,38.3,gf,2.545,mm,OK,--,10:22:15 PM,11/26/2025,
551,38.3,gf,2.550,mm,OK,--,10:22:15 PM,11/26/2025,
552,38.3,gf,2.550,mm,OK,--,10:22:15 PM,11/26/2025,
553,38.3,gf,2.555,mm,OK,--,10:22:16 PM,11/26/2025,
554,38.3,gf,2.560,mm,OK,--,10:22:16 PM,11/26/2025,
555,38.3,gf,2.560,mm,OK,--,10:22:16 PM,11/26/2025,
556,38.4,gf,2.565,mm,OK,--,10:22:16 PM,11/26/2025,
557,38.4,gf,2.570,mm,OK,--,10:22:16 PM,11/26/2025,
558,38.4,gf,2.570,mm,OK,--,10:22:16 PM,11/26/2025,
559,38.4,gf,2.575,mm,OK,--,10:22:16 PM,11/26/2025,
560,38.4,gf,2.580,mm,OK,--,10:22:16 PM,11/26/2025,
561,38.4,gf,2.585,mm,OK,--,10:22:16 PM,11/26/2025,
562,38.4,gf,2.590,mm,OK,--,10:22:16 PM,11/26/2025,
563,38.4,gf,2.590,mm,OK,--,10:22:17 PM,11/26/2025,
564,38.4,gf,2.595,mm,OK,--,10:22:17 PM,11/26/2025,
565,38.4,gf,2.600,mm,OK,--,10:22:17 PM,11/26/2025,
566,38.4,gf,2.600,mm,OK,--,10:22:17 PM,11/26/2025,
567,38.5,gf,2.605,mm,OK,--,10:22:17 PM,11/26/2025,
568,38.5,gf,2.605,mm,OK,--,10:22:17 PM,11/26/2025,
569,38.5,gf,2.610,mm,OK,--,10:22:17 PM,11/26/2025,
570,38.5,gf,2.615,mm,OK,--,10:22:17 PM,11/26/2025,
571,38.5,gf,2.615,mm,OK,--,10:22:17 PM,11/26/2025,
572,38.5,gf,2.620,mm,OK,--,10:22:17 PM,11/26/2025,
573,38.5,gf,2.620,mm,OK,--,10:22:18 PM,11/26/2025,
574,38.5,gf,2.620,mm,OK,--,10:22:18 PM,11/26/2025,
575,38.5,gf,2.625,mm,OK,--,10:22:18 PM,11/26/2025,
576,38.5,gf,2.625,mm,OK,--,10:22:18 PM,11/26/2025,
577,38.5,gf,2.625,mm,OK,--,10:22:18 PM,11/26/2025,
578,38.5,gf,2.625,mm,OK,--,10:22:18 PM,11/26/2025,
579,38.5,gf,2.625,mm,OK,--,10:22:18 PM,11/26/2025,
580,38.5,gf,2.630,mm,OK,--,10:22:18 PM,11/26/2025,
581,38.5,gf,2.630,mm,OK,--,10:22:18 PM,11/26/2025,
582,38.6,gf,2.635,mm,OK,--,10:22:18 PM,11/26/2025,
583,38.6,gf,2.635,mm,OK,--,10:22:19 PM,11/26/2025,
584,38.6,gf,2.640,mm,OK,--,10:22:19 PM,11/26/2025,
585,38.6,gf,2.640,mm,OK,--,10:22:19 PM,11/26/2025,
586,38.6,gf,2.645,mm,OK,--,10:22:19 PM,11/26/2025,
587,38.6,gf,2.645,mm,OK,--,10:22:19 PM,11/26/2025,
588,38.6,gf,2.650,mm,OK,--,10:22:19 PM,11/26/2025,
589,38.6,gf,2.650,mm,OK,--,10:22:19 PM,11/26/2025,
590,38.6,gf,2.655,mm,OK,--,10:22:19 PM,11/26/2025,
591,38.6,gf,2.655,mm,OK,--,10:22:19 PM,11/26/2025,
592,38.6,gf,2.660,mm,OK,--,10:22:19 PM,11/26/2025,
593,38.6,gf,2.660,mm,OK,--,10:22:20 PM,11/26/2025,
594,38.6,gf,2.665,mm,OK,--,10:22:20 PM,11/26/2025,
595,38.7,gf,2.665,mm,OK,--,10:22:20 PM,11/26/2025,
596,38.7,gf,2.670,mm,OK,--,10:22:20 PM,11/26/2025,
597,38.7,gf,2.670,mm,OK,--,10:22:20 PM,11/26/2025,
598,38.6,gf,2.675,mm,OK,--,10:22:20 PM,11/26/2025,
599,38.7,gf,2.680,mm,OK,--,10:22:20 PM,11/26/2025,
600,38.7,gf,2.680,mm,OK,--,10:22:20 PM,11/26/2025,
601,38.7,gf,2.685,mm,OK,--,10:22:20 PM,11/26/2025,
602,38.7,gf,2.690,mm,OK,--,10:22:20 PM,11/26/2025,
603,38.7,gf,2.690,mm,OK,--,10:22:21 PM,11/26/2025,
604,38.7,gf,2.695,mm,OK,--,10:22:21 PM,11/26/2025,
605,38.7,gf,2.695,mm,OK,--,10:22:21 PM,11/26/2025,
606,38.7,gf,2.700,mm,OK,--,10:22:21 PM,11/26/2025,
607,38.7,gf,2.705,mm,OK,--,10:22:21 PM,11/26/2025,
608,38.7,gf,2.705,mm,OK,--,10:22:21 PM,11/26/2025,
609,38.7,gf,2.710,mm,OK,--,10:22:21 PM,11/26/2025,
610,38.8,gf,2.715,mm,OK,--,10:22:21 PM,11/26/2025,
611,38.8,gf,2.720,mm,OK,--,10:22:21 PM,11/26/2025,
612,38.8,gf,2.720,mm,OK,--,10:22:21 PM,11/26/2025,
613,38.8,gf,2.725,mm,OK,--,10:22:22 PM,11/26/2025,
614,38.8,gf,2.730,mm,OK,--,10:22:22 PM,11/26/2025,
615,38.8,gf,2.740,mm,OK,--,10:22:22 PM,11/26/2025,
616,38.9,gf,2.745,mm,OK,--,10:22:22 PM,11/26/2025,
617,38.9,gf,2.750,mm,OK,--,10:22:22 PM,11/26/2025,
618,38.9,gf,2.760,mm,OK,--,10:22:22 PM,11/26/2025,
619,38.9,gf,2.765,mm,OK,--,10:22:22 PM,11/26/2025,
620,38.9,gf,2.770,mm,OK,--,10:22:22 PM,11/26/2025,
621,38.9,gf,2.780,mm,OK,--,10:22:22 PM,11/26/2025,
622,38.9,gf,2.785,mm,OK,--,10:22:22 PM,11/26/2025,
623,39.0,gf,2.790,mm,OK,--,10:22:23 PM,11/26/2025,
624,39.0,gf,2.795,mm,OK,--,10:22:23 PM,11/26/2025,
625,39.0,gf,2.800,mm,OK,--,10:22:23 PM,11/26/2025,
626,39.0,gf,2.805,mm,OK,--,10:22:23 PM,11/26/2025,
627,39.0,gf,2.810,mm,OK,--,10:22:23 PM,11/26/2025,
628,39.0,gf,2.815,mm,OK,--,10:22:23 PM,11/26/2025,
629,39.1,gf,2.820,mm,OK,--,10:22:23 PM,11/26/2025,
630,39.1,gf,2.820,mm,OK,--,10:22:23 PM,11/26/2025,
631,39.1,gf,2.825,mm,OK,--,10:22:23 PM,11/26/2025,
632,39.1,gf,2.830,mm,OK,--,10:22:23 PM,11/26/2025,
633,39.1,gf,2.835,mm,OK,--,10:22:24 PM,11/26/2025,
634,39.1,gf,2.840,mm,OK,--,10:22:24 PM,11/26/2025,
635,39.1,gf,2.840,mm,OK,--,10:22:24 PM,11/26/2025,
636,39.1,gf,2.845,mm,OK,--,10:22:24 PM,11/26/2025,
637,39.1,gf,2.850,mm,OK,--,10:22:24 PM,11/26/2025,
638,39.1,gf,2.855,mm,OK,--,10:22:24 PM,11/26/2025,
639,39.2,gf,2.860,mm,OK,--,10:22:24 PM,11/26/2025,
640,39.2,gf,2.865,mm,OK,--,10:22:24 PM,11/26/2025,
641,39.2,gf,2.865,mm,OK,--,10:22:24 PM,11/26/2025,
642,39.2,gf,2.870,mm,OK,--,10:22:24 PM,11/26/2025,
643,39.2,gf,2.875,mm,OK,--,10:22:25 PM,11/26/2025,
644,39.2,gf,2.880,mm,OK,--,10:22:25 PM,11/26/2025,
645,39.2,gf,2.885,mm,OK,--,10:22:25 PM,11/26/2025,
646,39.2,gf,2.890,mm,OK,--,10:22:25 PM,11/26/2025,
647,39.2,gf,2.895,mm,OK,--,10:22:25 PM,11/26/2025,
648,39.3,gf,2.900,mm,OK,--,10:22:25 PM,11/26/2025,
649,39.3,gf,2.905,mm,OK,--,10:22:25 PM,11/26/2025,
650,39.4,gf,2.905,mm,OK,--,10:22:25 PM,11/26/2025,
651,39.3,gf,2.915,mm,OK,--,10:22:25 PM,11/26/2025,
652,39.4,gf,2.920,mm,OK,--,10:22:25 PM,11/26/2025,
653,39.4,gf,2.925,mm,OK,--,10:22:26 PM,11/26/2025,
654,39.4,gf,2.930,mm,OK,--,10:22:26 PM,11/26/2025,
655,39.4,gf,2.935,mm,OK,--,10:22:26 PM,11/26/2025,
656,39.4,gf,2.940,mm,OK,--,10:22:26 PM,11/26/2025,
657,39.4,gf,2.945,mm,OK,--,10:22:26 PM,11/26/2025,
658,39.4,gf,2.950,mm,OK,--,10:22:26 PM,11/26/2025,
659,39.5,gf,2.955,mm,OK,--,10:22:26 PM,11/26/2025,
660,39.5,gf,2.960,mm,OK,--,10:22:26 PM,11/26/2025,
661,39.5,gf,2.965,mm,OK,--,10:22:26 PM,11/26/2025,
662,39.5,gf,2.970,mm,OK,--,10:22:26 PM,11/26/2025,
663,39.5,gf,2.975,mm,OK,--,10:22:27 PM,11/26/2025,
664,39.6,gf,2.980,mm,OK,--,10:22:27 PM,11/26/2025,
665,39.6,gf,2.985,mm,OK,--,10:22:27 PM,11/26/2025,
666,39.6,gf,2.995,mm,OK,--,10:22:27 PM,11/26/2025,
667,39.6,gf,3.000,mm,OK,--,10:22:27 PM,11/26/2025,
668,39.6,gf,3.000,mm,OK,--,10:22:27 PM,11/26/2025,
669,39.7,gf,3.005,mm,OK,--,10:22:27 PM,11/26/2025,
670,39.7,gf,3.010,mm,OK,--,10:22:27 PM,11/26/2025,
671,39.7,gf,3.010,mm,OK,--,10:22:27 PM,11/26/2025,
672,39.7,gf,3.015,mm,OK,--,10:22:27 PM,11/26/2025,
673,39.7,gf,3.020,mm,OK,--,10:22:28 PM,11/26/2025,
674,39.7,gf,3.020,mm,OK,--,10:22:28 PM,11/26/2025,
675,39.7,gf,3.025,mm,OK,--,10:22:28 PM,11/26/2025,
676,39.7,gf,3.030,mm,OK,--,10:22:28 PM,11/26/2025,
677,39.8,gf,3.030,mm,OK,--,10:22:28 PM,11/26/2025,
678,39.7,gf,3.035,mm,OK,--,10:22:28 PM,11/26/2025,
679,39.7,gf,3.035,mm,OK,--,10:22:28 PM,11/26/2025,
680,39.8,gf,3.040,mm,OK,--,10:22:28 PM,11/26/2025,
681,39.8,gf,3.040,mm,OK,--,10:22:28 PM,11/26/2025,
682,39.8,gf,3.045,mm,OK,--,10:22:28 PM,11/26/2025,
683,39.8,gf,3.045,mm,OK,--,10:22:29 PM,11/26/2025,
684,39.8,gf,3.050,mm,OK,--,10:22:29 PM,11/26/2025,
685,39.8,gf,3.055,mm,OK,--,10:22:29 PM,11/26/2025,
686,39.8,gf,3.055,mm,OK,--,10:22:29 PM,11/26/2025,
687,39.8,gf,3.055,mm,OK,--,10:22:29 PM,11/26/2025,
688,39.8,gf,3.060,mm,OK,--,10:22:29 PM,11/26/2025,
689,39.8,gf,3.060,mm,OK,--,10:22:29 PM,11/26/2025,
690,39.8,gf,3.065,mm,OK,--,10:22:29 PM,11/26/2025,
691,39.8,gf,3.065,mm,OK,--,10:22:29 PM,11/26/2025,
692,39.8,gf,3.065,mm,OK,--,10:22:29 PM,11/26/2025,
693,39.8,gf,3.070,mm,OK,--,10:22:30 PM,11/26/2025,
694,39.8,gf,3.070,mm,OK,--,10:22:30 PM,11/26/2025,
695,39.8,gf,3.070,mm,OK,--,10:22:30 PM,11/26/2025,
696,39.8,gf,3.070,mm,OK,--,10:22:30 PM,11/26/2025,
697,39.9,gf,3.075,mm,OK,--,10:22:30 PM,11/26/2025,
698,39.9,gf,3.075,mm,OK,--,10:22:30 PM,11/26/2025,
699,39.9,gf,3.075,mm,OK,--,10:22:30 PM,11/26/2025,
700,39.9,gf,3.075,mm,OK,--,10:22:30 PM,11/26/2025,
701,39.9,gf,3.080,mm,OK,--,10:22:30 PM,11/26/2025,
702,39.9,gf,3.080,mm,OK,--,10:22:30 PM,11/26/2025,
703,39.9,gf,3.080,mm,OK,--,10:22:31 PM,11/26/2025,
704,39.9,gf,3.080,mm,OK,--,10:22:31 PM,11/26/2025,
705,39.9,gf,3.080,mm,OK,--,10:22:31 PM,11/26/2025,
706,39.9,gf,3.085,mm,OK,--,10:22:31 PM,11/26/2025,
707,39.9,gf,3.085,mm,OK,--,10:22:31 PM,11/26/2025,
708,39.9,gf,3.085,mm,OK,--,10:22:31 PM,11/26/2025,
709,39.9,gf,3.085,mm,OK,--,10:22:31 PM,11/26/2025,
710,39.9,gf,3.085,mm,OK,--,10:22:31 PM,11/26/2025,
711,39.9,gf,3.090,mm,OK,--,10:22:31 PM,11/26/2025,
712,39.9,gf,3.090,mm,OK,--,10:22:31 PM,11/26/2025,
713,39.9,gf,3.090,mm,OK,--,10:22:32 PM,11/26/2025,
714,39.9,gf,3.090,mm,OK,--,10:22:32 PM,11/26/2025,
715,39.9,gf,3.090,mm,OK,--,10:22:32 PM,11/26/2025,
716,39.9,gf,3.090,mm,OK,--,10:22:32 PM,11/26/2025,
717,39.9,gf,3.095,mm,OK,--,10:22:32 PM,11/26/2025,
718,39.9,gf,3.095,mm,OK,--,10:22:32 PM,11/26/2025,
719,39.9,gf,3.095,mm,OK,--,10:22:32 PM,11/26/2025,
720,39.9,gf,3.100,mm,OK,--,10:22:32 PM,11/26/2025,
721,39.9,gf,3.100,mm,OK,--,10:22:32 PM,11/26/2025,
722,39.9,gf,3.100,mm,OK,--,10:22:32 PM,11/26/2025,
723,40.0,gf,3.100,mm,OK,--,10:22:33 PM,11/26/2025,
724,40.0,gf,3.105,mm,OK,--,10:22:33 PM,11/26/2025,
725,40.0,gf,3.105,mm,OK,--,10:22:33 PM,11/26/2025,
726,40.0,gf,3.105,mm,OK,--,10:22:33 PM,11/26/2025,
727,40.0,gf,3.105,mm,OK,--,10:22:33 PM,11/26/2025,
728,40.0,gf,3.110,mm,OK,--,10:22:33 PM,11/26/2025,
729,40.0,gf,3.110,mm,OK,--,10:22:33 PM,11/26/2025,
730,40.0,gf,3.110,mm,OK,--,10:22:33 PM,11/26/2025,
731,40.0,gf,3.110,mm,OK,--,10:22:33 PM,11/26/2025,
732,40.0,gf,3.115,mm,OK,--,10:22:33 PM,11/26/2025,
733,40.0,gf,3.115,mm,OK,--,10:22:34 PM,11/26/2025,
734,40.0,gf,3.115,mm,OK,--,10:22:34 PM,11/26/2025,
735,40.0,gf,3.120,mm,OK,--,10:22:34 PM,11/26/2025,
736,40.0,gf,3.120,mm,OK,--,10:22:34 PM,11/26/2025,
737,40.0,gf,3.120,mm,OK,--,10:22:34 PM,11/26/2025,
738,40.0,gf,3.125,mm,OK,--,10:22:34 PM,11/26/2025,
739,40.0,gf,3.125,mm,OK,--,10:22:34 PM,11/26/2025,
740,40.0,gf,3.125,mm,OK,--,10:22:34 PM,11/26/2025,
741,40.0,gf,3.130,mm,OK,--,10:22:34 PM,11/26/2025,
742,40.0,gf,3.130,mm,OK,--,10:22:34 PM,11/26/2025,
743,40.0,gf,3.135,mm,OK,--,10:22:35 PM,11/26/2025,
744,40.0,gf,3.135,mm,OK,--,10:22:35 PM,11/26/2025,
745,40.0,gf,3.140,mm,OK,--,10:22:35 PM,11/26/2025,
746,40.0,gf,3.140,mm,OK,--,10:22:35 PM,11/26/2025,
747,40.1,gf,3.145,mm,OK,--,10:22:35 PM,11/26/2025,
748,40.1,gf,3.150,mm,OK,--,10:22:35 PM,11/26/2025,
749,40.1,gf,3.150,mm,OK,--,10:22:35 PM,11/26/2025,
750,40.1,gf,3.155,mm,OK,--,10:22:35 PM,11/26/2025,
751,40.1,gf,3.160,mm,OK,--,10:22:35 PM,11/26/2025,
752,40.1,gf,3.165,mm,OK,--,10:22:35 PM,11/26/2025,
753,40.1,gf,3.165,mm,OK,--,10:22:36 PM,11/26/2025,
754,40.1,gf,3.170,mm,OK,--,10:22:36 PM,11/26/2025,
755,40.2,gf,3.175,mm,OK,--,10:22:36 PM,11/26/2025,
756,40.2,gf,3.180,mm,OK,--,10:22:36 PM,11/26/2025,
757,40.2,gf,3.185,mm,OK,--,10:22:36 PM,11/26/2025,
758,40.2,gf,3.185,mm,OK,--,10:22:36 PM,11/26/2025,
759,40.2,gf,3.190,mm,OK,--,10:22:36 PM,11/26/2025,
760,40.2,gf,3.195,mm,OK,--,10:22:36 PM,11/26/2025,
761,40.2,gf,3.195,mm,OK,--,10:22:36 PM,11/26/2025,
762,40.3,gf,3.200,mm,OK,--,10:22:36 PM,11/26/2025,
763,40.3,gf,3.200,mm,OK,--,10:22:37 PM,11/26/2025,
764,40.3,gf,3.205,mm,OK,--,10:22:37 PM,11/26/2025,
765,40.3,gf,3.205,mm,OK,--,10:22:37 PM,11/26/2025,
766,40.3,gf,3.205,mm,OK,--,10:22:37 PM,11/26/2025,
767,40.3,gf,3.205,mm,OK,--,10:22:37 PM,11/26/2025,
768,40.3,gf,3.210,mm,OK,--,10:22:37 PM,11/26/2025,
769,40.3,gf,3.210,mm,OK,--,10:22:37 PM,11/26/2025,
770,40.3,gf,3.210,mm,OK,--,10:22:37 PM,11/26/2025,
771,40.3,gf,3.210,mm,OK,--,10:22:37 PM,11/26/2025,
772,40.3,gf,3.215,mm,OK,--,10:22:37 PM,11/26/2025,
773,40.3,gf,3.215,mm,OK,--,10:22:38 PM,11/26/2025,
774,40.3,gf,3.215,mm,OK,--,10:22:38 PM,11/26/2025,
775,40.3,gf,3.215,mm,OK,--,10:22:38 PM,11/26/2025,
776,40.3,gf,3.220,mm,OK,--,10:22:38 PM,11/26/2025,
777,40.3,gf,3.220,mm,OK,--,10:22:38 PM,11/26/2025,
778,40.3,gf,3.220,mm,OK,--,10:22:38 PM,11/26/2025,
779,40.3,gf,3.225,mm,OK,--,10:22:38 PM,11/26/2025,
780,40.3,gf,3.225,mm,OK,--,10:22:38 PM,11/26/2025,
781,40.3,gf,3.225,mm,OK,--,10:22:38 PM,11/26/2025,
782,40.4,gf,3.230,mm,OK,--,10:22:38 PM,11/26/2025,
783,40.4,gf,3.235,mm,OK,--,10:22:39 PM,11/26/2025,
784,40.4,gf,3.240,mm,OK,--,10:22:39 PM,11/26/2025,
785,40.5,gf,3.245,mm,OK,--,10:22:39 PM,11/26/2025,
786,40.4,gf,3.250,mm,OK,--,10:22:39 PM,11/26/2025,
787,40.4,gf,3.255,mm,OK,--,10:22:39 PM,11/26/2025,
788,40.5,gf,3.260,mm,OK,--,10:22:39 PM,11/26/2025,
789,40.5,gf,3.265,mm,OK,--,10:22:39 PM,11/26/2025,
790,40.5,gf,3.270,mm,OK,--,10:22:39 PM,11/26/2025,
791,40.5,gf,3.275,mm,OK,--,10:22:39 PM,11/26/2025,
792,40.5,gf,3.280,mm,OK,--,10:22:39 PM,11/26/2025,
793,40.5,gf,3.280,mm,OK,--,10:22:40 PM,11/26/2025,
794,40.5,gf,3.285,mm,OK,--,10:22:40 PM,11/26/2025,
795,40.5,gf,3.285,mm,OK,--,10:22:40 PM,11/26/2025,
796,40.5,gf,3.290,mm,OK,--,10:22:40 PM,11/26/2025,
797,40.5,gf,3.295,mm,OK,--,10:22:40 PM,11/26/2025,
798,40.5,gf,3.295,mm,OK,--,10:22:40 PM,11/26/2025,
799,40.6,gf,3.300,mm,OK,--,10:22:40 PM,11/26/2025,
800,40.6,gf,3.310,mm,OK,--,10:22:40 PM,11/26/2025,
801,40.6,gf,3.315,mm,OK,--,10:22:40 PM,11/26/2025,
802,40.6,gf,3.325,mm,OK,--,10:22:40 PM,11/26/2025,
803,40.6,gf,3.335,mm,OK,--,10:22:41 PM,11/26/2025,
804,40.7,gf,3.345,mm,OK,--,10:22:41 PM,11/26/2025,
805,40.8,gf,3.350,mm,OK,--,10:22:41 PM,11/26/2025,
806,40.7,gf,3.355,mm,OK,--,10:22:41 PM,11/26/2025,
807,40.8,gf,3.365,mm,OK,--,10:22:41 PM,11/26/2025,
808,40.8,gf,3.370,mm,OK,--,10:22:41 PM,11/26/2025,
809,40.8,gf,3.375,mm,OK,--,10:22:41 PM,11/26/2025,
810,40.8,gf,3.385,mm,OK,--,10:22:41 PM,11/26/2025,
811,40.8,gf,3.390,mm,OK,--,10:22:41 PM,11/26/2025,
812,40.9,gf,3.395,mm,OK,--,10:22:41 PM,11/26/2025,
813,40.9,gf,3.395,mm,OK,--,10:22:42 PM,11/26/2025,
814,40.9,gf,3.400,mm,OK,--,10:22:42 PM,11/26/2025,
815,40.9,gf,3.405,mm,OK,--,10:22:42 PM,11/26/2025,
816,40.9,gf,3.405,mm,OK,--,10:22:42 PM,11/26/2025,
817,40.9,gf,3.410,mm,OK,--,10:22:42 PM,11/26/2025,
818,40.9,gf,3.415,mm,OK,--,10:22:42 PM,11/26/2025,
819,40.9,gf,3.420,mm,OK,--,10:22:42 PM,11/26/2025,
820,40.9,gf,3.425,mm,OK,--,10:22:42 PM,11/26/2025,
821,41.0,gf,3.430,mm,OK,--,10:22:42 PM,11/26/2025,
822,41.0,gf,3.435,mm,OK,--,10:22:42 PM,11/26/2025,
823,41.0,gf,3.440,mm,OK,--,10:22:43 PM,11/26/2025,
824,41.0,gf,3.445,mm,OK,--,10:22:43 PM,11/26/2025,
825,41.0,gf,3.445,mm,OK,--,10:22:43 PM,11/26/2025,
826,41.0,gf,3.450,mm,OK,--,10:22:43 PM,11/26/2025,
827,41.0,gf,3.455,mm,OK,--,10:22:43 PM,11/26/2025,
828,41.1,gf,3.460,mm,OK,--,10:22:43 PM,11/26/2025,
829,41.1,gf,3.465,mm,OK,--,10:22:43 PM,11/26/2025,
830,41.1,gf,3.470,mm,OK,--,10:22:43 PM,11/26/2025,
831,41.1,gf,3.470,mm,OK,--,10:22:43 PM,11/26/2025,
832,41.1,gf,3.475,mm,OK,--,10:22:43 PM,11/26/2025,
833,41.1,gf,3.480,mm,OK,--,10:22:44 PM,11/26/2025,
834,41.2,gf,3.485,mm,OK,--,10:22:44 PM,11/26/2025,
835,41.2,gf,3.490,mm,OK,--,10:22:44 PM,11/26/2025,
836,41.2,gf,3.495,mm,OK,--,10:22:44 PM,11/26/2025,
837,41.2,gf,3.505,mm,OK,--,10:22:44 PM,11/26/2025,
838,41.2,gf,3.510,mm,OK,--,10:22:44 PM,11/26/2025,
839,41.2,gf,3.515,mm,OK,--,10:22:44 PM,11/26/2025,
840,41.2,gf,3.515,mm,OK,--,10:22:44 PM,11/26/2025,
841,41.3,gf,3.520,mm,OK,--,10:22:44 PM,11/26/2025,
842,41.3,gf,3.525,mm,OK,--,10:22:44 PM,11/26/2025,
843,41.3,gf,3.530,mm,OK,--,10:22:45 PM,11/26/2025,
844,41.3,gf,3.530,mm,OK,--,10:22:45 PM,11/26/2025,
845,41.3,gf,3.535,mm,OK,--,10:22:45 PM,11/26/2025,
846,41.3,gf,3.535,mm,OK,--,10:22:45 PM,11/26/2025,
847,41.3,gf,3.540,mm,OK,--,10:22:45 PM,11/26/2025,
848,41.3,gf,3.540,mm,OK,--,10:22:45 PM,11/26/2025,
849,41.3,gf,3.545,mm,OK,--,10:22:45 PM,11/26/2025,
850,41.3,gf,3.545,mm,OK,--,10:22:45 PM,11/26/2025,
851,41.4,gf,3.550,mm,OK,--,10:22:45 PM,11/26/2025,
852,41.4,gf,3.560,mm,OK,--,10:22:45 PM,11/26/2025,
853,41.4,gf,3.560,mm,OK,--,10:22:46 PM,11/26/2025,
854,41.4,gf,3.565,mm,OK,--,10:22:46 PM,11/26/2025,
855,41.4,gf,3.570,mm,OK,--,10:22:46 PM,11/26/2025,
856,41.5,gf,3.570,mm,OK,--,10:22:46 PM,11/26/2025,
857,41.5,gf,3.575,mm,OK,--,10:22:46 PM,11/26/2025,
858,41.5,gf,3.580,mm,OK,--,10:22:46 PM,11/26/2025,
859,41.5,gf,3.585,mm,OK,--,10:22:46 PM,11/26/2025,
860,41.5,gf,3.585,mm,OK,--,10:22:46 PM,11/26/2025,
861,41.5,gf,3.590,mm,OK,--,10:22:46 PM,11/26/2025,
862,41.6,gf,3.595,mm,OK,--,10:22:46 PM,11/26/2025,
863,41.6,gf,3.600,mm,OK,--,10:22:47 PM,11/26/2025,
864,41.6,gf,3.605,mm,OK,--,10:22:47 PM,11/26/2025,
865,41.6,gf,3.610,mm,OK,--,10:22:47 PM,11/26/2025,
866,41.6,gf,3.615,mm,OK,--,10:22:47 PM,11/26/2025,
867,41.6,gf,3.625,mm,OK,--,10:22:47 PM,11/26/2025,
868,41.6,gf,3.630,mm,OK,--,10:22:47 PM,11/26/2025,
869,41.7,gf,3.635,mm,OK,--,10:22:47 PM,11/26/2025,
870,41.7,gf,3.640,mm,OK,--,10:22:47 PM,11/26/2025,
871,41.7,gf,3.645,mm,OK,--,10:22:47 PM,11/26/2025,
872,41.7,gf,3.650,mm,OK,--,10:22:47 PM,11/26/2025,
873,41.8,gf,3.655,mm,OK,--,10:22:48 PM,11/26/2025,
874,41.8,gf,3.660,mm,OK,--,10:22:48 PM,11/26/2025,
875,41.8,gf,3.665,mm,OK,--,10:22:48 PM,11/26/2025,
876,41.8,gf,3.670,mm,OK,--,10:22:48 PM,11/26/2025,
877,41.8,gf,3.675,mm,OK,--,10:22:48 PM,11/26/2025,
878,41.8,gf,3.680,mm,OK,--,10:22:48 PM,11/26/2025,
879,41.8,gf,3.685,mm,OK,--,10:22:48 PM,11/26/2025,
880,41.9,gf,3.685,mm,OK,--,10:22:48 PM,11/26/2025,
881,41.9,gf,3.690,mm,OK,--,10:22:48 PM,11/26/2025,
882,41.9,gf,3.695,mm,OK,--,10:22:48 PM,11/26/2025,
883,42.0,gf,3.700,mm,OK,--,10:22:49 PM,11/26/2025,
884,41.9,gf,3.705,mm,OK,--,10:22:49 PM,11/26/2025,
885,42.0,gf,3.710,mm,OK,--,10:22:49 PM,11/26/2025,
886,42.0,gf,3.715,mm,OK,--,10:22:49 PM,11/26/2025,
887,42.0,gf,3.720,mm,OK,--,10:22:49 PM,11/26/2025,
888,42.0,gf,3.725,mm,OK,--,10:22:49 PM,11/26/2025,
889,42.0,gf,3.730,mm,OK,--,10:22:49 PM,11/26/2025,
890,42.0,gf,3.740,mm,OK,--,10:22:49 PM,11/26/2025,
891,42.1,gf,3.740,mm,OK,--,10:22:49 PM,11/26/2025,
892,42.1,gf,3.745,mm,OK,--,10:22:49 PM,11/26/2025,
893,42.1,gf,3.750,mm,OK,--,10:22:50 PM,11/26/2025,
894,42.1,gf,3.755,mm,OK,--,10:22:50 PM,11/26/2025,
895,42.1,gf,3.755,mm,OK,--,10:22:50 PM,11/26/2025,
896,42.1,gf,3.760,mm,OK,--,10:22:50 PM,11/26/2025,
897,42.1,gf,3.765,mm,OK,--,10:22:50 PM,11/26/2025,
898,42.1,gf,3.765,mm,OK,--,10:22:50 PM,11/26/2025,
899,42.2,gf,3.770,mm,OK,--,10:22:50 PM,11/26/2025,
900,42.2,gf,3.775,mm,OK,--,10:22:50 PM,11/26/2025,
901,42.2,gf,3.775,mm,OK,--,10:22:50 PM,11/26/2025,
902,42.2,gf,3.780,mm,OK,--,10:22:50 PM,11/26/2025,
903,42.2,gf,3.785,mm,OK,--,10:22:51 PM,11/26/2025,
904,42.2,gf,3.790,mm,OK,--,10:22:51 PM,11/26/2025,
905,42.3,gf,3.790,mm,OK,--,10:22:51 PM,11/26/2025,
906,42.3,gf,3.795,mm,OK,--,10:22:51 PM,11/26/2025,
907,42.3,gf,3.795,mm,OK,--,10:22:51 PM,11/26/2025,
908,42.3,gf,3.800,mm,OK,--,10:22:51 PM,11/26/2025,
909,42.4,gf,3.805,mm,OK,--,10:22:51 PM,11/26/2025,
910,42.4,gf,3.805,mm,OK,--,10:22:51 PM,11/26/2025,
911,42.4,gf,3.810,mm,OK,--,10:22:51 PM,11/26/2025,
912,42.4,gf,3.810,mm,OK,--,10:22:51 PM,11/26/2025,
913,42.4,gf,3.815,mm,OK,--,10:22:52 PM,11/26/2025,
914,42.4,gf,3.815,mm,OK,--,10:22:52 PM,11/26/2025,
915,42.5,gf,3.820,mm,OK,--,10:22:52 PM,11/26/2025,
916,42.5,gf,3.825,mm,OK,--,10:22:52 PM,11/26/2025,
917,42.5,gf,3.825,mm,OK,--,10:22:52 PM,11/26/2025,
918,42.5,gf,3.830,mm,OK,--,10:22:52 PM,11/26/2025,
919,42.5,gf,3.835,mm,OK,--,10:22:52 PM,11/26/2025,
920,42.6,gf,3.840,mm,OK,--,10:22:52 PM,11/26/2025,
921,42.6,gf,3.845,mm,OK,--,10:22:52 PM,11/26/2025,
922,42.6,gf,3.850,mm,OK,--,10:22:52 PM,11/26/2025,
923,42.6,gf,3.855,mm,OK,--,10:22:53 PM,11/26/2025,
924,42.6,gf,3.860,mm,OK,--,10:22:53 PM,11/26/2025,
925,42.6,gf,3.865,mm,OK,--,10:22:53 PM,11/26/2025,
926,42.6,gf,3.875,mm,OK,--,10:22:53 PM,11/26/2025,
927,42.8,gf,3.885,mm,OK,--,10:22:53 PM,11/26/2025,
928,42.8,gf,3.895,mm,OK,--,10:22:53 PM,11/26/2025,
929,42.9,gf,3.905,mm,OK,--,10:22:53 PM,11/26/2025,
930,42.9,gf,3.910,mm,OK,--,10:22:53 PM,11/26/2025,
931,42.9,gf,3.915,mm,OK,--,10:22:53 PM,11/26/2025,
932,42.8,gf,3.915,mm,OK,--,10:22:53 PM,11/26/2025,
933,42.9,gf,3.920,mm,OK,--,10:22:54 PM,11/26/2025,
934,43.0,gf,3.925,mm,OK,--,10:22:54 PM,11/26/2025,
935,43.0,gf,3.925,mm,OK,--,10:22:54 PM,11/26/2025,
936,43.1,gf,3.930,mm,OK,--,10:22:54 PM,11/26/2025,
937,43.1,gf,3.930,mm,OK,--,10:22:54 PM,11/26/2025,
938,43.2,gf,3.935,mm,OK,--,10:22:54 PM,11/26/2025,
939,43.1,gf,3.940,mm,OK,--,10:22:54 PM,11/26/2025,
940,43.3,gf,3.940,mm,OK,--,10:22:54 PM,11/26/2025,
941,43.3,gf,3.945,mm,OK,--,10:22:54 PM,11/26/2025,
942,43.4,gf,3.955,mm,OK,--,10:22:54 PM,11/26/2025,
943,43.5,gf,3.960,mm,OK,--,10:22:55 PM,11/26/2025,
944,43.5,gf,3.965,mm,OK,--,10:22:55 PM,11/26/2025,
945,43.7,gf,3.970,mm,OK,--,10:22:55 PM,11/26/2025,
946,44.4,gf,3.980,mm,OK,--,10:22:55 PM,11/26/2025,
947,53.6,gf,3.990,mm,OK,--,10:22:55 PM,11/26/2025,
948,61.3,gf,3.995,mm,OK,--,10:22:55 PM,11/26/2025,
949,67.3,gf,4.000,mm,OK,--,10:22:55 PM,11/26/2025,
950,72.6,gf,4.005,mm,OK,--,10:22:55 PM,11/26/2025,
951,77.4,gf,4.010,mm,OK,--,10:22:55 PM,11/26/2025,
952,81.6,gf,4.015,mm,OK,--,10:22:55 PM,11/26/2025,
953,85.1,gf,4.020,mm,OK,--,10:22:56 PM,11/26/2025,
954,88.5,gf,4.020,mm,OK,--,10:22:56 PM,11/26/2025,
955,91.5,gf,4.025,mm,OK,--,10:22:56 PM,11/26/2025,
956,94.4,gf,4.030,mm,OK,--,10:22:56 PM,11/26/2025,
957,97.2,gf,4.030,mm,OK,--,10:22:56 PM,11/26/2025,
958,99.7,gf,4.035,mm,OK,--,10:22:56 PM,11/26/2025,
959,102.0,gf,4.035,mm,OK,--,10:22:56 PM,11/26/2025,
960,104.0,gf,4.040,mm,OK,--,10:22:56 PM,11/26/2025,
961,106.0,gf,4.040,mm,OK,--,10:22:56 PM,11/26/2025,
962,108.1,gf,4.040,mm,OK,--,10:22:56 PM,11/26/2025,
963,110.6,gf,4.045,mm,OK,--,10:22:57 PM,11/26/2025,
964,113.3,gf,4.045,mm,OK,--,10:22:57 PM,11/26/2025,
965,115.9,gf,4.050,mm,OK,--,10:22:57 PM,11/26/2025,
966,119.1,gf,4.050,mm,OK,--,10:22:57 PM,11/26/2025,
967,127.1,gf,4.060,mm,OK,--,10:22:57 PM,11/26/2025,
968,133.7,gf,4.065,mm,OK,--,10:22:57 PM,11/26/2025,
969,138.6,gf,4.070,mm,OK,--,10:22:57 PM,11/26/2025,
970,142.6,gf,4.075,mm,OK,--,10:22:57 PM,11/26/2025,
971,146.2,gf,4.080,mm,OK,--,10:22:57 PM,11/26/2025,
972,148.7,gf,4.080,mm,OK,--,10:22:57 PM,11/26/2025,
973,151.0,gf,4.085,mm,OK,--,10:22:58 PM,11/26/2025,
974,153.5,gf,4.085,mm,OK,--,10:22:58 PM,11/26/2025,
975,157.0,gf,4.090,mm,OK,--,10:22:58 PM,11/26/2025,
976,159.7,gf,4.095,mm,OK,--,10:22:58 PM,11/26/2025,
977,162.1,gf,4.095,mm,OK,--,10:22:58 PM,11/26/2025,
978,164.5,gf,4.095,mm,OK,--,10:22:58 PM,11/26/2025,
979,167.1,gf,4.100,mm,OK,--,10:22:58 PM,11/26/2025,
980,169.8,gf,4.100,mm,OK,--,10:22:58 PM,11/26/2025,
981,172.5,gf,4.105,mm,OK,--,10:22:58 PM,11/26/2025,
982,174.9,gf,4.105,mm,OK,--,10:22:58 PM,11/26/2025,
983,177.1,gf,4.110,mm,OK,--,10:22:59 PM,11/26/2025,
984,179.1,gf,4.110,mm,OK,--,10:22:59 PM,11/26/2025,
985,181.3,gf,4.115,mm,OK,--,10:22:59 PM,11/26/2025,
986,183.6,gf,4.115,mm,OK,--,10:22:59 PM,11/26/2025,
987,186.0,gf,4.120,mm,OK,--,10:22:59 PM,11/26/2025,
988,187.3,gf,4.120,mm,OK,--,10:22:59 PM,11/26/2025,
989,188.5,gf,4.120,mm,OK,--,10:22:59 PM,11/26/2025,
990,189.6,gf,4.120,mm,OK,--,10:22:59 PM,11/26/2025,
991,190.5,gf,4.120,mm,OK,--,10:22:59 PM,11/26/2025,
992,191.7,gf,4.125,mm,OK,--,10:22:59 PM,11/26/2025,
993,192.7,gf,4.125,mm,OK,--,10:23:00 PM,11/26/2025,
994,193.1,gf,4.125,mm,OK,--,10:23:00 PM,11/26/2025,
995,193.1,gf,4.125,mm,OK,--,10:23:00 PM,11/26/2025,
996,193.2,gf,4.125,mm,OK,--,10:23:00 PM,11/26/2025,
997,193.3,gf,4.125,mm,OK,--,10:23:00 PM,11/26/2025,
998,193.3,gf,4.125,mm,OK,--,10:23:00 PM,11/26/2025,
999,193.3,gf,4.125,mm,OK,--,10:23:00 PM,11/26/2025,
1000,193.1,gf,4.125,mm,OK,--,10:23:00 PM,11/26/2025,
1001,193.1,gf,4.125,mm,OK,--,10:23:00 PM,11/26/2025,
1002,193.1,gf,4.125,mm,OK,--,10:23:00 PM,11/26/2025,
1003,193.0,gf,4.125,mm,OK,--,10:23:01 PM,11/26/2025,
1004,193.0,gf,4.125,mm,OK,--,10:23:01 PM,11/26/2025,
1005,193.0,gf,4.125,mm,OK,--,10:23:01 PM,11/26/2025,
1006,193.0,gf,4.125,mm,OK,--,10:23:01 PM,11/26/2025,
1007,193.0,gf,4.125,mm,OK,--,10:23:01 PM,11/26/2025,
1008,193.0,gf,4.125,mm,OK,--,10:23:01 PM,11/26/2025,
1009,193.0,gf,4.125,mm,OK,--,10:23:01 PM,11/26/2025,
1010,192.9,gf,4.125,mm,OK,--,10:23:01 PM,11/26/2025,
1011,192.7,gf,4.125,mm,OK,--,10:23:01 PM,11/26/2025,
1012,192.5,gf,4.125,mm,OK,--,10:23:01 PM,11/26/2025,
1013,192.3,gf,4.125,mm,OK,--,10:23:02 PM,11/26/2025,
1014,192.0,gf,4.125,mm,OK,--,10:23:02 PM,11/26/2025,
1015,191.9,gf,4.125,mm,OK,--,10:23:02 PM,11/26/2025,
1016,191.6,gf,4.125,mm,OK,--,10:23:02 PM,11/26/2025,
1017,191.1,gf,4.125,mm,OK,--,10:23:02 PM,11/26/2025,
1018,190.2,gf,4.125,mm,OK,--,10:23:02 PM,11/26/2025,
1019,188.6,gf,4.125,mm,OK,--,10:23:02 PM,11/26/2025,
1020,187.2,gf,4.120,mm,OK,--,10:23:02 PM,11/26/2025,
1021,185.9,gf,4.120,mm,OK,--,10:23:02 PM,11/26/2025,
1022,185.3,gf,4.120,mm,OK,--,10:23:02 PM,11/26/2025,
1023,184.9,gf,4.120,mm,OK,--,10:23:03 PM,11/26/2025,
1024,184.5,gf,4.120,mm,OK,--,10:23:03 PM,11/26/2025,
1025,183.9,gf,4.120,mm,OK,--,10:23:03 PM,11/26/2025,
1026,183.2,gf,4.120,mm,OK,--,10:23:03 PM,11/26/2025,
1027,182.7,gf,4.115,mm,OK,--,10:23:03 PM,11/26/2025,
1028,182.0,gf,4.115,mm,OK,--,10:23:03 PM,11/26/2025,
1029,181.2,gf,4.115,mm,OK,--,10:23:03 PM,11/26/2025,
1030,180.6,gf,4.115,mm,OK,--,10:23:03 PM,11/26/2025,
1031,179.9,gf,4.115,mm,OK,--,10:23:03 PM,11/26/2025,
1032,178.8,gf,4.115,mm,OK,--,10:23:03 PM,11/26/2025,
1033,177.8,gf,4.110,mm,OK,--,10:23:04 PM,11/26/2025,
1034,177.0,gf,4.110,mm,OK,--,10:23:04 PM,11/26/2025,
1035,176.3,gf,4.110,mm,OK,--,10:23:04 PM,11/26/2025,
1036,175.6,gf,4.110,mm,OK,--,10:23:04 PM,11/26/2025,
1037,175.0,gf,4.110,mm,OK,--,10:23:04 PM,11/26/2025,
1038,174.3,gf,4.110,mm,OK,--,10:23:04 PM,11/26/2025,
1039,173.6,gf,4.110,mm,OK,--,10:23:04 PM,11/26/2025,
1040,172.5,gf,4.105,mm,OK,--,10:23:04 PM,11/26/2025,
1041,171.6,gf,4.105,mm,OK,--,10:23:04 PM,11/26/2025,
1042,170.8,gf,4.105,mm,OK,--,10:23:04 PM,11/26/2025,
1043,170.0,gf,4.105,mm,OK,--,10:23:05 PM,11/26/2025,
1044,169.4,gf,4.105,mm,OK,--,10:23:05 PM,11/26/2025,
1045,168.8,gf,4.105,mm,OK,--,10:23:05 PM,11/26/2025,
1046,168.4,gf,4.105,mm,OK,--,10:23:05 PM,11/26/2025,
1047,167.9,gf,4.105,mm,OK,--,10:23:05 PM,11/26/2025,
1048,167.4,gf,4.105,mm,OK,--,10:23:05 PM,11/26/2025,
1049,166.9,gf,4.100,mm,OK,--,10:23:05 PM,11/26/2025,
1050,166.7,gf,4.100,mm,OK,--,10:23:05 PM,11/26/2025,
1051,166.4,gf,4.100,mm,OK,--,10:23:05 PM,11/26/2025,
1052,166.2,gf,4.100,mm,OK,--,10:23:05 PM,11/26/2025,
1053,166.0,gf,4.100,mm,OK,--,10:23:06 PM,11/26/2025,
1054,165.8,gf,4.100,mm,OK,--,10:23:06 PM,11/26/2025,
1055,165.6,gf,4.100,mm,OK,--,10:23:06 PM,11/26/2025,
1056,165.1,gf,4.100,mm,OK,--,10:23:06 PM,11/26/2025,
1057,164.7,gf,4.100,mm,OK,--,10:23:06 PM,11/26/2025,
1058,164.4,gf,4.100,mm,OK,--,10:23:06 PM,11/26/2025,
1059,164.0,gf,4.100,mm,OK,--,10:23:06 PM,11/26/2025,
1060,163.7,gf,4.100,mm,OK,--,10:23:06 PM,11/26/2025,
1061,163.5,gf,4.100,mm,OK,--,10:23:06 PM,11/26/2025,
1062,163.3,gf,4.100,mm,OK,--,10:23:06 PM,11/26/2025,
1063,163.0,gf,4.100,mm,OK,--,10:23:07 PM,11/26/2025,
1064,162.8,gf,4.100,mm,OK,--,10:23:07 PM,11/26/2025,
1065,162.5,gf,4.100,mm,OK,--,10:23:07 PM,11/26/2025,
1066,161.8,gf,4.100,mm,OK,--,10:23:07 PM,11/26/2025,
1067,161.4,gf,4.095,mm,OK,--,10:23:07 PM,11/26/2025,
1068,160.8,gf,4.095,mm,OK,--,10:23:07 PM,11/26/2025,
1069,160.3,gf,4.095,mm,OK,--,10:23:07 PM,11/26/2025,
1070,159.6,gf,4.095,mm,OK,--,10:23:07 PM,11/26/2025,
1071,159.1,gf,4.095,mm,OK,--,10:23:07 PM,11/26/2025,
1072,158.7,gf,4.095,mm,OK,--,10:23:07 PM,11/26/2025,
1073,158.3,gf,4.095,mm,OK,--,10:23:08 PM,11/26/2025,
1074,157.8,gf,4.095,mm,OK,--,10:23:08 PM,11/26/2025,
1075,157.4,gf,4.095,mm,OK,--,10:23:08 PM,11/26/2025,
1076,157.0,gf,4.095,mm,OK,--,10:23:08 PM,11/26/2025,
1077,156.6,gf,4.095,mm,OK,--,10:23:08 PM,11/26/2025,
1078,156.2,gf,4.095,mm,OK,--,10:23:08 PM,11/26/2025,
1079,155.7,gf,4.090,mm,OK,--,10:23:08 PM,11/26/2025,
1080,155.0,gf,4.090,mm,OK,--,10:23:08 PM,11/26/2025,
1081,154.4,gf,4.090,mm,OK,--,10:23:08 PM,11/26/2025,
1082,153.9,gf,4.090,mm,OK,--,10:23:08 PM,11/26/2025,
1083,153.3,gf,4.090,mm,OK,--,10:23:09 PM,11/26/2025,
1084,152.7,gf,4.090,mm,OK,--,10:23:09 PM,11/26/2025,
1085,152.2,gf,4.090,mm,OK,--,10:23:09 PM,11/26/2025,
1086,151.8,gf,4.090,mm,OK,--,10:23:09 PM,11/26/2025,
1087,151.4,gf,4.090,mm,OK,--,10:23:09 PM,11/26/2025,
1088,150.9,gf,4.090,mm,OK,--,10:23:09 PM,11/26/2025,
1089,150.5,gf,4.085,mm,OK,--,10:23:09 PM,11/26/2025,
1090,150.0,gf,4.085,mm,OK,--,10:23:09 PM,11/26/2025,
1091,149.7,gf,4.085,mm,OK,--,10:23:09 PM,11/26/2025,
1092,149.4,gf,4.085,mm,OK,--,10:23:09 PM,11/26/2025,
1093,149.0,gf,4.085,mm,OK,--,10:23:10 PM,11/26/2025,
1094,148.9,gf,4.085,mm,OK,--,10:23:10 PM,11/26/2025,
1095,148.7,gf,4.085,mm,OK,--,10:23:10 PM,11/26/2025,
1096,148.5,gf,4.085,mm,OK,--,10:23:10 PM,11/26/2025,
1097,148.3,gf,4.085,mm,OK,--,10:23:10 PM,11/26/2025,
1098,148.1,gf,4.085,mm,OK,--,10:23:10 PM,11/26/2025,
1099,147.9,gf,4.085,mm,OK,--,10:23:10 PM,11/26/2025,
1100,147.6,gf,4.085,mm,OK,--,10:23:10 PM,11/26/2025,
1101,147.3,gf,4.085,mm,OK,--,10:23:10 PM,11/26/2025,
1102,146.8,gf,4.085,mm,OK,--,10:23:10 PM,11/26/2025,
1103,146.4,gf,4.085,mm,OK,--,10:23:11 PM,11/26/2025,
1104,146.1,gf,4.085,mm,OK,--,10:23:11 PM,11/26/2025,
1105,145.7,gf,4.085,mm,OK,--,10:23:11 PM,11/26/2025,
1106,145.2,gf,4.080,mm,OK,--,10:23:11 PM,11/26/2025,
1107,144.8,gf,4.080,mm,OK,--,10:23:11 PM,11/26/2025,
1108,144.3,gf,4.080,mm,OK,--,10:23:11 PM,11/26/2025,
1109,143.9,gf,4.080,mm,OK,--,10:23:11 PM,11/26/2025,
1110,143.4,gf,4.080,mm,OK,--,10:23:11 PM,11/26/2025,
1111,142.9,gf,4.080,mm,OK,--,10:23:11 PM,11/26/2025,
1112,142.1,gf,4.080,mm,OK,--,10:23:11 PM,11/26/2025,
1113,140.5,gf,4.080,mm,OK,--,10:23:12 PM,11/26/2025,
1114,139.3,gf,4.075,mm,OK,--,10:23:12 PM,11/26/2025,
1115,138.2,gf,4.075,mm,OK,--,10:23:12 PM,11/26/2025,
1116,137.1,gf,4.075,mm,OK,--,10:23:12 PM,11/26/2025,
1117,135.6,gf,4.075,mm,OK,--,10:23:12 PM,11/26/2025,
1118,134.2,gf,4.070,mm,OK,--,10:23:12 PM,11/26/2025,
1119,132.5,gf,4.070,mm,OK,--,10:23:12 PM,11/26/2025,
1120,131.0,gf,4.070,mm,OK,--,10:23:12 PM,11/26/2025,
1121,129.5,gf,4.065,mm,OK,--,10:23:12 PM,11/26/2025,
1122,127.7,gf,4.065,mm,OK,--,10:23:12 PM,11/26/2025,
1123,125.3,gf,4.065,mm,OK,--,10:23:13 PM,11/26/2025,
1124,122.7,gf,4.060,mm,OK,--,10:23:13 PM,11/26/2025,
1125,120.8,gf,4.060,mm,OK,--,10:23:13 PM,11/26/2025,
1126,119.4,gf,4.055,mm,OK,--,10:23:13 PM,11/26/2025,
1127,118.2,gf,4.055,mm,OK,--,10:23:13 PM,11/26/2025,
1128,117.3,gf,4.055,mm,OK,--,10:23:13 PM,11/26/2025,
1129,116.5,gf,4.055,mm,OK,--,10:23:13 PM,11/26/2025,
1130,115.8,gf,4.055,mm,OK,--,10:23:13 PM,11/26/2025,
1131,115.0,gf,4.050,mm,OK,--,10:23:13 PM,11/26/2025,
1132,113.9,gf,4.050,mm,OK,--,10:23:13 PM,11/26/2025,
1133,112.6,gf,4.050,mm,OK,--,10:23:14 PM,11/26/2025,
1134,110.8,gf,4.050,mm,OK,--,10:23:14 PM,11/26/2025,
1135,109.0,gf,4.045,mm,OK,--,10:23:14 PM,11/26/2025,
1136,107.1,gf,4.045,mm,OK,--,10:23:14 PM,11/26/2025,
1137,105.3,gf,4.045,mm,OK,--,10:23:14 PM,11/26/2025,
1138,103.5,gf,4.040,mm,OK,--,10:23:14 PM,11/26/2025,
1139,101.7,gf,4.040,mm,OK,--,10:23:14 PM,11/26/2025,
1140,99.9,gf,4.040,mm,OK,--,10:23:14 PM,11/26/2025,
1141,98.3,gf,4.035,mm,OK,--,10:23:14 PM,11/26/2025,
1142,96.7,gf,4.035,mm,OK,--,10:23:14 PM,11/26/2025,
1143,95.0,gf,4.035,mm,OK,--,10:23:15 PM,11/26/2025,
1144,93.7,gf,4.030,mm,OK,--,10:23:15 PM,11/26/2025,
1145,92.0,gf,4.030,mm,OK,--,10:23:15 PM,11/26/2025,
1146,90.6,gf,4.030,mm,OK,--,10:23:15 PM,11/26/2025,
1147,89.1,gf,4.025,mm,OK,--,10:23:15 PM,11/26/2025,
1148,87.7,gf,4.025,mm,OK,--,10:23:15 PM,11/26/2025,
1149,86.2,gf,4.025,mm,OK,--,10:23:15 PM,11/26/2025,
1150,84.3,gf,4.025,mm,OK,--,10:23:15 PM,11/26/2025,
1151,81.2,gf,4.020,mm,OK,--,10:23:15 PM,11/26/2025,
1152,78.2,gf,4.015,mm,OK,--,10:23:15 PM,11/26/2025,
1153,75.1,gf,4.015,mm,OK,--,10:23:16 PM,11/26/2025,
1154,72.3,gf,4.010,mm,OK,--,10:23:16 PM,11/26/2025,
1155,69.5,gf,4.010,mm,OK,--,10:23:16 PM,11/26/2025,
1156,67.1,gf,4.005,mm,OK,--,10:23:16 PM,11/26/2025,
1157,64.8,gf,4.005,mm,OK,--,10:23:16 PM,11/26/2025,
1158,62.3,gf,4.000,mm,OK,--,10:23:16 PM,11/26/2025,
1159,60.2,gf,4.000,mm,OK,--,10:23:16 PM,11/26/2025,
1160,58.4,gf,4.000,mm,OK,--,10:23:16 PM,11/26/2025,
1161,57.0,gf,3.995,mm,OK,--,10:23:16 PM,11/26/2025,
1162,55.3,gf,3.995,mm,OK,--,10:23:16 PM,11/26/2025,
1163,53.5,gf,3.995,mm,OK,--,10:23:17 PM,11/26/2025,
1164,51.5,gf,3.990,mm,OK,--,10:23:17 PM,11/26/2025,
1165,49.2,gf,3.990,mm,OK,--,10:23:17 PM,11/26/2025,
1166,47.3,gf,3.985,mm,OK,--,10:23:17 PM,11/26/2025,
1167,44.7,gf,3.985,mm,OK,--,10:23:17 PM,11/26/2025,
1168,41.6,gf,3.980,mm,OK,--,10:23:17 PM,11/26/2025,
1169,41.6,gf,3.975,mm,OK,--,10:23:17 PM,11/26/2025,
1170,41.6,gf,3.970,mm,OK,--,10:23:17 PM,11/26/2025,
1171,41.6,gf,3.970,mm,OK,--,10:23:17 PM,11/26/2025,
1172,41.5,gf,3.965,mm,OK,--,10:23:17 PM,11/26/2025,
1173,41.4,gf,3.960,mm,OK,--,10:23:18 PM,11/26/2025,
1174,41.4,gf,3.950,mm,OK,--,10:23:18 PM,11/26/2025,
1175,41.4,gf,3.945,mm,OK,--,10:23:18 PM,11/26/2025,
1176,41.4,gf,3.940,mm,OK,--,10:23:18 PM,11/26/2025,
1177,41.4,gf,3.935,mm,OK,--,10:23:18 PM,11/26/2025,
1178,41.4,gf,3.930,mm,OK,--,10:23:18 PM,11/26/2025,
1179,41.4,gf,3.925,mm,OK,--,10:23:18 PM,11/26/2025,
1180,41.3,gf,3.920,mm,OK,--,10:23:18 PM,11/26/2025,
1181,41.3,gf,3.915,mm,OK,--,10:23:18 PM,11/26/2025,
1182,41.3,gf,3.910,mm,OK,--,10:23:18 PM,11/26/2025,
1183,41.3,gf,3.905,mm,OK,--,10:23:19 PM,11/26/2025,
1184,41.3,gf,3.900,mm,OK,--,10:23:19 PM,11/26/2025,
1185,41.3,gf,3.900,mm,OK,--,10:23:19 PM,11/26/2025,
1186,41.3,gf,3.895,mm,OK,--,10:23:19 PM,11/26/2025,
1187,41.3,gf,3.890,mm,OK,--,10:23:19 PM,11/26/2025,
1188,41.3,gf,3.890,mm,OK,--,10:23:19 PM,11/26/2025,
1189,41.3,gf,3.885,mm,OK,--,10:23:19 PM,11/26/2025,
1190,41.2,gf,3.880,mm,OK,--,10:23:19 PM,11/26/2025,
1191,41.2,gf,3.880,mm,OK,--,10:23:19 PM,11/26/2025,
1192,41.2,gf,3.875,mm,OK,--,10:23:19 PM,11/26/2025,
1193,41.2,gf,3.875,mm,OK,--,10:23:20 PM,11/26/2025,
1194,41.2,gf,3.870,mm,OK,--,10:23:20 PM,11/26/2025,
1195,41.2,gf,3.865,mm,OK,--,10:23:20 PM,11/26/2025,
1196,41.1,gf,3.855,mm,OK,--,10:23:20 PM,11/26/2025,
1197,41.1,gf,3.850,mm,OK,--,10:23:20 PM,11/26/2025,
1198,41.1,gf,3.845,mm,OK,--,10:23:20 PM,11/26/2025,
1199,41.1,gf,3.835,mm,OK,--,10:23:20 PM,11/26/2025,
1200,41.2,gf,3.835,mm,OK,--,10:23:20 PM,11/26/2025,
1201,41.2,gf,3.835,mm,OK,--,10:23:20 PM,11/26/2025,
1202,41.1,gf,3.830,mm,OK,--,10:23:20 PM,11/26/2025,
1203,41.1,gf,3.825,mm,OK,--,10:23:21 PM,11/26/2025,
1204,41.0,gf,3.820,mm,OK,--,10:23:21 PM,11/26/2025,
1205,41.0,gf,3.815,mm,OK,--,10:23:21 PM,11/26/2025,
1206,41.0,gf,3.810,mm,OK,--,10:23:21 PM,11/26/2025,
1207,41.1,gf,3.805,mm,OK,--,10:23:21 PM,11/26/2025,
1208,41.1,gf,3.800,mm,OK,--,10:23:21 PM,11/26/2025,
1209,41.1,gf,3.795,mm,OK,--,10:23:21 PM,11/26/2025,
1210,41.1,gf,3.795,mm,OK,--,10:23:21 PM,11/26/2025,
1211,41.1,gf,3.790,mm,OK,--,10:23:21 PM,11/26/2025,
1212,41.1,gf,3.790,mm,OK,--,10:23:21 PM,11/26/2025,
1213,41.1,gf,3.785,mm,OK,--,10:23:22 PM,11/26/2025,
1214,41.0,gf,3.780,mm,OK,--,10:23:22 PM,11/26/2025,
1215,41.0,gf,3.775,mm,OK,--,10:23:22 PM,11/26/2025,
1216,41.0,gf,3.765,mm,OK,--,10:23:22 PM,11/26/2025,
1217,41.0,gf,3.750,mm,OK,--,10:23:22 PM,11/26/2025,
1218,40.9,gf,3.740,mm,OK,--,10:23:22 PM,11/26/2025,
1219,40.9,gf,3.730,mm,OK,--,10:23:22 PM,11/26/2025,
1220,40.9,gf,3.720,mm,OK,--,10:23:22 PM,11/26/2025,
1221,40.9,gf,3.710,mm,OK,--,10:23:22 PM,11/26/2025,
1222,40.8,gf,3.700,mm,OK,--,10:23:22 PM,11/26/2025,
1223,40.8,gf,3.690,mm,OK,--,10:23:23 PM,11/26/2025,
1224,40.8,gf,3.685,mm,OK,--,10:23:23 PM,11/26/2025,
1225,40.8,gf,3.680,mm,OK,--,10:23:23 PM,11/26/2025,
1226,40.8,gf,3.670,mm,OK,--,10:23:23 PM,11/26/2025,
1227,40.8,gf,3.665,mm,OK,--,10:23:23 PM,11/26/2025,
1228,40.7,gf,3.655,mm,OK,--,10:23:23 PM,11/26/2025,
1229,40.7,gf,3.650,mm,OK,--,10:23:23 PM,11/26/2025,
1230,40.7,gf,3.645,mm,OK,--,10:23:23 PM,11/26/2025,
1231,40.7,gf,3.640,mm,OK,--,10:23:23 PM,11/26/2025,
1232,40.5,gf,3.630,mm,OK,--,10:23:23 PM,11/26/2025,
1233,40.6,gf,3.620,mm,OK,--,10:23:24 PM,11/26/2025,
1234,40.5,gf,3.610,mm,OK,--,10:23:24 PM,11/26/2025,
1235,40.5,gf,3.605,mm,OK,--,10:23:24 PM,11/26/2025,
1236,40.5,gf,3.600,mm,OK,--,10:23:24 PM,11/26/2025,
1237,40.4,gf,3.595,mm,OK,--,10:23:24 PM,11/26/2025,
1238,40.5,gf,3.595,mm,OK,--,10:23:24 PM,11/26/2025,
1239,40.5,gf,3.590,mm,OK,--,10:23:24 PM,11/26/2025,
1240,40.5,gf,3.585,mm,OK,--,10:23:24 PM,11/26/2025,
1241,40.5,gf,3.585,mm,OK,--,10:23:24 PM,11/26/2025,
1242,40.5,gf,3.580,mm,OK,--,10:23:24 PM,11/26/2025,
1243,40.4,gf,3.575,mm,OK,--,10:23:25 PM,11/26/2025,
1244,40.4,gf,3.565,mm,OK,--,10:23:25 PM,11/26/2025,
1245,40.4,gf,3.560,mm,OK,--,10:23:25 PM,11/26/2025,
1246,40.4,gf,3.555,mm,OK,--,10:23:25 PM,11/26/2025,
1247,40.4,gf,3.550,mm,OK,--,10:23:25 PM,11/26/2025,
1248,40.4,gf,3.545,mm,OK,--,10:23:25 PM,11/26/2025,
1249,40.3,gf,3.535,mm,OK,--,10:23:25 PM,11/26/2025,
1250,40.3,gf,3.530,mm,OK,--,10:23:25 PM,11/26/2025,
1251,40.3,gf,3.520,mm,OK,--,10:23:25 PM,11/26/2025,
1252,40.3,gf,3.510,mm,OK,--,10:23:25 PM,11/26/2025,
1253,40.2,gf,3.500,mm,OK,--,10:23:26 PM,11/26/2025,
1254,40.2,gf,3.495,mm,OK,--,10:23:26 PM,11/26/2025,
1255,40.2,gf,3.490,mm,OK,--,10:23:26 PM,11/26/2025,
1256,40.2,gf,3.485,mm,OK,--,10:23:26 PM,11/26/2025,
1257,40.2,gf,3.480,mm,OK,--,10:23:26 PM,11/26/2025,
1258,40.2,gf,3.475,mm,OK,--,10:23:26 PM,11/26/2025,
1259,40.1,gf,3.470,mm,OK,--,10:23:26 PM,11/26/2025,
1260,40.1,gf,3.460,mm,OK,--,10:23:26 PM,11/26/2025,
1261,40.0,gf,3.455,mm,OK,--,10:23:26 PM,11/26/2025,
1262,40.0,gf,3.445,mm,OK,--,10:23:26 PM,11/26/2025,
1263,40.0,gf,3.440,mm,OK,--,10:23:27 PM,11/26/2025,
1264,40.0,gf,3.435,mm,OK,--,10:23:27 PM,11/26/2025,
1265,40.0,gf,3.425,mm,OK,--,10:23:27 PM,11/26/2025,
1266,40.0,gf,3.420,mm,OK,--,10:23:27 PM,11/26/2025,
1267,39.9,gf,3.415,mm,OK,--,10:23:27 PM,11/26/2025,
1268,40.0,gf,3.410,mm,OK,--,10:23:27 PM,11/26/2025,
1269,39.9,gf,3.405,mm,OK,--,10:23:27 PM,11/26/2025,
1270,39.9,gf,3.400,mm,OK,--,10:23:27 PM,11/26/2025,
1271,39.9,gf,3.395,mm,OK,--,10:23:27 PM,11/26/2025,
1272,39.9,gf,3.390,mm,OK,--,10:23:27 PM,11/26/2025,
1273,39.8,gf,3.385,mm,OK,--,10:23:28 PM,11/26/2025,
1274,39.9,gf,3.385,mm,OK,--,10:23:28 PM,11/26/2025,
1275,39.9,gf,3.380,mm,OK,--,10:23:28 PM,11/26/2025,
1276,39.9,gf,3.375,mm,OK,--,10:23:28 PM,11/26/2025,
1277,39.9,gf,3.375,mm,OK,--,10:23:28 PM,11/26/2025,
1278,39.9,gf,3.370,mm,OK,--,10:23:28 PM,11/26/2025,
1279,39.9,gf,3.365,mm,OK,--,10:23:28 PM,11/26/2025,
1280,39.9,gf,3.360,mm,OK,--,10:23:28 PM,11/26/2025,
1281,39.8,gf,3.355,mm,OK,--,10:23:28 PM,11/26/2025,
1282,39.8,gf,3.350,mm,OK,--,10:23:28 PM,11/26/2025,
1283,39.8,gf,3.345,mm,OK,--,10:23:29 PM,11/26/2025,
1284,39.8,gf,3.345,mm,OK,--,10:23:29 PM,11/26/2025,
1285,39.8,gf,3.335,mm,OK,--,10:23:29 PM,11/26/2025,
1286,39.8,gf,3.330,mm,OK,--,10:23:29 PM,11/26/2025,
1287,39.7,gf,3.325,mm,OK,--,10:23:29 PM,11/26/2025,
1288,39.7,gf,3.320,mm,OK,--,10:23:29 PM,11/26/2025,
1289,39.7,gf,3.320,mm,OK,--,10:23:29 PM,11/26/2025,
1290,39.7,gf,3.315,mm,OK,--,10:23:29 PM,11/26/2025,
1291,39.7,gf,3.310,mm,OK,--,10:23:29 PM,11/26/2025,
1292,39.7,gf,3.305,mm,OK,--,10:23:29 PM,11/26/2025,
1293,39.7,gf,3.300,mm,OK,--,10:23:30 PM,11/26/2025,
1294,39.7,gf,3.295,mm,OK,--,10:23:30 PM,11/26/2025,
1295,39.6,gf,3.290,mm,OK,--,10:23:30 PM,11/26/2025,
1296,39.6,gf,3.285,mm,OK,--,10:23:30 PM,11/26/2025,
1297,39.6,gf,3.275,mm,OK,--,10:23:30 PM,11/26/2025,
1298,39.6,gf,3.270,mm,OK,--,10:23:30 PM,11/26/2025,
1299,39.5,gf,3.260,mm,OK,--,10:23:30 PM,11/26/2025,
1300,39.5,gf,3.255,mm,OK,--,10:23:30 PM,11/26/2025,
1301,39.5,gf,3.250,mm,OK,--,10:23:30 PM,11/26/2025,
1302,39.5,gf,3.245,mm,OK,--,10:23:30 PM,11/26/2025,
1303,39.5,gf,3.230,mm,OK,--,10:23:31 PM,11/26/2025,
1304,39.5,gf,3.210,mm,OK,--,10:23:31 PM,11/26/2025,
1305,39.4,gf,3.200,mm,OK,--,10:23:31 PM,11/26/2025,
1306,39.4,gf,3.190,mm,OK,--,10:23:31 PM,11/26/2025,
1307,39.4,gf,3.180,mm,OK,--,10:23:31 PM,11/26/2025,
1308,39.4,gf,3.170,mm,OK,--,10:23:31 PM,11/26/2025,
1309,39.4,gf,3.160,mm,OK,--,10:23:31 PM,11/26/2025,
1310,39.3,gf,3.145,mm,OK,--,10:23:31 PM,11/26/2025,
1311,39.2,gf,3.135,mm,OK,--,10:23:31 PM,11/26/2025,
1312,39.2,gf,3.125,mm,OK,--,10:23:31 PM,11/26/2025,
1313,39.3,gf,3.120,mm,OK,--,10:23:32 PM,11/26/2025,
1314,39.2,gf,3.115,mm,OK,--,10:23:32 PM,11/26/2025,
1315,39.2,gf,3.110,mm,OK,--,10:23:32 PM,11/26/2025,
1316,39.2,gf,3.105,mm,OK,--,10:23:32 PM,11/26/2025,
1317,39.2,gf,3.100,mm,OK,--,10:23:32 PM,11/26/2025,
1318,39.2,gf,3.095,mm,OK,--,10:23:32 PM,11/26/2025,
1319,39.2,gf,3.090,mm,OK,--,10:23:32 PM,11/26/2025,
1320,39.1,gf,3.090,mm,OK,--,10:23:32 PM,11/26/2025,
1321,39.1,gf,3.085,mm,OK,--,10:23:32 PM,11/26/2025,
1322,39.1,gf,3.080,mm,OK,--,10:23:32 PM,11/26/2025,
1323,39.1,gf,3.075,mm,OK,--,10:23:33 PM,11/26/2025,
1324,39.1,gf,3.070,mm,OK,--,10:23:33 PM,11/26/2025,
1325,39.1,gf,3.065,mm,OK,--,10:23:33 PM,11/26/2025,
1326,39.1,gf,3.060,mm,OK,--,10:23:33 PM,11/26/2025,
1327,39.0,gf,3.060,mm,OK,--,10:23:33 PM,11/26/2025,
1328,39.0,gf,3.055,mm,OK,--,10:23:33 PM,11/26/2025,
1329,39.0,gf,3.055,mm,OK,--,10:23:33 PM,11/26/2025,
1330,39.0,gf,3.050,mm,OK,--,10:23:33 PM,11/26/2025,
1331,39.0,gf,3.045,mm,OK,--,10:23:33 PM,11/26/2025,
1332,39.0,gf,3.040,mm,OK,--,10:23:33 PM,11/26/2025,
1333,39.0,gf,3.035,mm,OK,--,10:23:34 PM,11/26/2025,
1334,39.0,gf,3.030,mm,OK,--,10:23:34 PM,11/26/2025,
1335,39.0,gf,3.025,mm,OK,--,10:23:34 PM,11/26/2025,
1336,39.0,gf,3.020,mm,OK,--,10:23:34 PM,11/26/2025,
1337,38.9,gf,3.015,mm,OK,--,10:23:34 PM,11/26/2025,
1338,38.9,gf,3.010,mm,OK,--,10:23:34 PM,11/26/2025,
1339,38.9,gf,3.005,mm,OK,--,10:23:34 PM,11/26/2025,
1340,38.9,gf,3.000,mm,OK,--,10:23:34 PM,11/26/2025,
1341,38.9,gf,2.995,mm,OK,--,10:23:34 PM,11/26/2025,
1342,38.9,gf,2.990,mm,OK,--,10:23:34 PM,11/26/2025,
1343,38.9,gf,2.985,mm,OK,--,10:23:35 PM,11/26/2025,
1344,38.9,gf,2.980,mm,OK,--,10:23:35 PM,11/26/2025,
1345,38.9,gf,2.975,mm,OK,--,10:23:35 PM,11/26/2025,
1346,38.9,gf,2.965,mm,OK,--,10:23:35 PM,11/26/2025,
1347,38.8,gf,2.955,mm,OK,--,10:23:35 PM,11/26/2025,
1348,38.8,gf,2.945,mm,OK,--,10:23:35 PM,11/26/2025,
1349,38.8,gf,2.930,mm,OK,--,10:23:35 PM,11/26/2025,
1350,38.8,gf,2.920,mm,OK,--,10:23:35 PM,11/26/2025,
1351,38.7,gf,2.915,mm,OK,--,10:23:35 PM,11/26/2025,
1352,38.7,gf,2.905,mm,OK,--,10:23:35 PM,11/26/2025,
1353,38.7,gf,2.895,mm,OK,--,10:23:36 PM,11/26/2025,
1354,38.7,gf,2.890,mm,OK,--,10:23:36 PM,11/26/2025,
1355,38.6,gf,2.885,mm,OK,--,10:23:36 PM,11/26/2025,
1356,38.6,gf,2.880,mm,OK,--,10:23:36 PM,11/26/2025,
1357,38.6,gf,2.875,mm,OK,--,10:23:36 PM,11/26/2025,
1358,38.6,gf,2.870,mm,OK,--,10:23:36 PM,11/26/2025,
1359,38.6,gf,2.860,mm,OK,--,10:23:36 PM,11/26/2025,
1360,38.6,gf,2.850,mm,OK,--,10:23:36 PM,11/26/2025,
1361,38.6,gf,2.845,mm,OK,--,10:23:36 PM,11/26/2025,
1362,38.5,gf,2.840,mm,OK,--,10:23:36 PM,11/26/2025,
1363,38.5,gf,2.835,mm,OK,--,10:23:37 PM,11/26/2025,
1364,38.5,gf,2.825,mm,OK,--,10:23:37 PM,11/26/2025,
1365,38.5,gf,2.815,mm,OK,--,10:23:37 PM,11/26/2025,
1366,38.5,gf,2.810,mm,OK,--,10:23:37 PM,11/26/2025,
1367,38.5,gf,2.800,mm,OK,--,10:23:37 PM,11/26/2025,
1368,38.4,gf,2.790,mm,OK,--,10:23:37 PM,11/26/2025,
1369,38.4,gf,2.785,mm,OK,--,10:23:37 PM,11/26/2025,
1370,38.4,gf,2.780,mm,OK,--,10:23:37 PM,11/26/2025,
1371,38.4,gf,2.770,mm,OK,--,10:23:37 PM,11/26/2025,
1372,38.3,gf,2.765,mm,OK,--,10:23:37 PM,11/26/2025,
1373,38.3,gf,2.760,mm,OK,--,10:23:38 PM,11/26/2025,
1374,38.3,gf,2.755,mm,OK,--,10:23:38 PM,11/26/2025,
1375,38.3,gf,2.750,mm,OK,--,10:23:38 PM,11/26/2025,
1376,38.3,gf,2.745,mm,OK,--,10:23:38 PM,11/26/2025,
1377,38.3,gf,2.740,mm,OK,--,10:23:38 PM,11/26/2025,
1378,38.3,gf,2.735,mm,OK,--,10:23:38 PM,11/26/2025,
1379,38.3,gf,2.735,mm,OK,--,10:23:38 PM,11/26/2025,
1380,38.3,gf,2.730,mm,OK,--,10:23:38 PM,11/26/2025,
1381,38.2,gf,2.725,mm,OK,--,10:23:38 PM,11/26/2025,
1382,38.2,gf,2.720,mm,OK,--,10:23:38 PM,11/26/2025,
1383,38.2,gf,2.720,mm,OK,--,10:23:39 PM,11/26/2025,
1384,38.2,gf,2.715,mm,OK,--,10:23:39 PM,11/26/2025,
1385,38.2,gf,2.715,mm,OK,--,10:23:39 PM,11/26/2025,
1386,38.2,gf,2.715,mm,OK,--,10:23:39 PM,11/26/2025,
1387,38.2,gf,2.710,mm,OK,--,10:23:39 PM,11/26/2025,
1388,38.2,gf,2.705,mm,OK,--,10:23:39 PM,11/26/2025,
1389,38.2,gf,2.705,mm,OK,--,10:23:39 PM,11/26/2025,
1390,38.2,gf,2.700,mm,OK,--,10:23:39 PM,11/26/2025,
1391,38.2,gf,2.700,mm,OK,--,10:23:39 PM,11/26/2025,
1392,38.1,gf,2.695,mm,OK,--,10:23:39 PM,11/26/2025,
1393,38.1,gf,2.690,mm,OK,--,10:23:40 PM,11/26/2025,
1394,38.1,gf,2.690,mm,OK,--,10:23:40 PM,11/26/2025,
1395,38.1,gf,2.685,mm,OK,--,10:23:40 PM,11/26/2025,
1396,38.1,gf,2.680,mm,OK,--,10:23:40 PM,11/26/2025,
1397,38.1,gf,2.680,mm,OK,--,10:23:40 PM,11/26/2025,
1398,38.1,gf,2.675,mm,OK,--,10:23:40 PM,11/26/2025,
1399,38.1,gf,2.670,mm,OK,--,10:23:40 PM,11/26/2025,
1400,38.1,gf,2.665,mm,OK,--,10:23:40 PM,11/26/2025,
1401,38.0,gf,2.660,mm,OK,--,10:23:40 PM,11/26/2025,
1402,38.0,gf,2.655,mm,OK,--,10:23:40 PM,11/26/2025,
1403,38.0,gf,2.650,mm,OK,--,10:23:41 PM,11/26/2025,
1404,38.0,gf,2.650,mm,OK,--,10:23:41 PM,11/26/2025,
1405,38.0,gf,2.645,mm,OK,--,10:23:41 PM,11/26/2025,
1406,38.0,gf,2.645,mm,OK,--,10:23:41 PM,11/26/2025,
1407,38.0,gf,2.640,mm,OK,--,10:23:41 PM,11/26/2025,
1408,38.0,gf,2.640,mm,OK,--,10:23:41 PM,11/26/2025,
1409,38.0,gf,2.635,mm,OK,--,10:23:41 PM,11/26/2025,
1410,38.0,gf,2.630,mm,OK,--,10:23:41 PM,11/26/2025,
1411,37.9,gf,2.630,mm,OK,--,10:23:41 PM,11/26/2025,
1412,37.9,gf,2.630,mm,OK,--,10:23:41 PM,11/26/2025,
1413,37.9,gf,2.625,mm,OK,--,10:23:42 PM,11/26/2025,
1414,37.9,gf,2.625,mm,OK,--,10:23:42 PM,11/26/2025,
1415,37.9,gf,2.620,mm,OK,--,10:23:42 PM,11/26/2025,
1416,37.9,gf,2.615,mm,OK,--,10:23:42 PM,11/26/2025,
1417,37.9,gf,2.610,mm,OK,--,10:23:42 PM,11/26/2025,
1418,37.9,gf,2.605,mm,OK,--,10:23:42 PM,11/26/2025,
1419,37.9,gf,2.605,mm,OK,--,10:23:42 PM,11/26/2025,
1420,37.9,gf,2.600,mm,OK,--,10:23:42 PM,11/26/2025,
1421,37.9,gf,2.595,mm,OK,--,10:23:42 PM,11/26/2025,
1422,37.8,gf,2.595,mm,OK,--,10:23:42 PM,11/26/2025,
1423,37.8,gf,2.590,mm,OK,--,10:23:43 PM,11/26/2025,
1424,37.8,gf,2.590,mm,OK,--,10:23:43 PM,11/26/2025,
1425,37.8,gf,2.585,mm,OK,--,10:23:43 PM,11/26/2025,
1426,37.8,gf,2.585,mm,OK,--,10:23:43 PM,11/26/2025,
1427,37.8,gf,2.580,mm,OK,--,10:23:43 PM,11/26/2025,
1428,37.8,gf,2.570,mm,OK,--,10:23:43 PM,11/26/2025,
1429,37.8,gf,2.565,mm,OK,--,10:23:43 PM,11/26/2025,
1430,37.7,gf,2.555,mm,OK,--,10:23:43 PM,11/26/2025,
1431,37.7,gf,2.545,mm,OK,--,10:23:43 PM,11/26/2025,
1432,37.6,gf,2.535,mm,OK,--,10:23:43 PM,11/26/2025,
1433,37.6,gf,2.525,mm,OK,--,10:23:44 PM,11/26/2025,
1434,37.6,gf,2.515,mm,OK,--,10:23:44 PM,11/26/2025,
1435,37.5,gf,2.510,mm,OK,--,10:23:44 PM,11/26/2025,
1436,37.6,gf,2.505,mm,OK,--,10:23:44 PM,11/26/2025,
1437,37.6,gf,2.500,mm,OK,--,10:23:44 PM,11/26/2025,
1438,37.5,gf,2.500,mm,OK,--,10:23:44 PM,11/26/2025,
1439,37.5,gf,2.495,mm,OK,--,10:23:44 PM,11/26/2025,
1440,37.6,gf,2.490,mm,OK,--,10:23:44 PM,11/26/2025,
1441,37.5,gf,2.485,mm,OK,--,10:23:44 PM,11/26/2025,
1442,37.5,gf,2.485,mm,OK,--,10:23:44 PM,11/26/2025,
1443,37.5,gf,2.480,mm,OK,--,10:23:45 PM,11/26/2025,
1444,37.5,gf,2.475,mm,OK,--,10:23:45 PM,11/26/2025,
1445,37.4,gf,2.470,mm,OK,--,10:23:45 PM,11/26/2025,
1446,37.5,gf,2.465,mm,OK,--,10:23:45 PM,11/26/2025,
1447,37.4,gf,2.460,mm,OK,--,10:23:45 PM,11/26/2025,
1448,37.4,gf,2.460,mm,OK,--,10:23:45 PM,11/26/2025,
1449,37.4,gf,2.455,mm,OK,--,10:23:45 PM,11/26/2025,
1450,37.4,gf,2.455,mm,OK,--,10:23:45 PM,11/26/2025,
1451,37.4,gf,2.450,mm,OK,--,10:23:45 PM,11/26/2025,
1452,37.4,gf,2.435,mm,OK,--,10:23:45 PM,11/26/2025,
1453,37.4,gf,2.425,mm,OK,--,10:23:46 PM,11/26/2025,
1454,37.3,gf,2.415,mm,OK,--,10:23:46 PM,11/26/2025,
1455,37.3,gf,2.415,mm,OK,--,10:23:46 PM,11/26/2025,
1456,37.3,gf,2.410,mm,OK,--,10:23:46 PM,11/26/2025,
1457,37.3,gf,2.405,mm,OK,--,10:23:46 PM,11/26/2025,
1458,37.2,gf,2.400,mm,OK,--,10:23:46 PM,11/26/2025,
1459,37.2,gf,2.395,mm,OK,--,10:23:46 PM,11/26/2025,
1460,37.2,gf,2.390,mm,OK,--,10:23:46 PM,11/26/2025,
1461,37.2,gf,2.385,mm,OK,--,10:23:46 PM,11/26/2025,
1462,37.2,gf,2.380,mm,OK,--,10:23:46 PM,11/26/2025,
1463,37.2,gf,2.375,mm,OK,--,10:23:47 PM,11/26/2025,
1464,37.2,gf,2.365,mm,OK,--,10:23:47 PM,11/26/2025,
1465,37.1,gf,2.350,mm,OK,--,10:23:47 PM,11/26/2025,
1466,37.1,gf,2.340,mm,OK,--,10:23:47 PM,11/26/2025,
1467,37.0,gf,2.320,mm,OK,--,10:23:47 PM,11/26/2025,
1468,37.0,gf,2.305,mm,OK,--,10:23:47 PM,11/26/2025,
1469,36.9,gf,2.290,mm,OK,--,10:23:47 PM,11/26/2025,
1470,36.9,gf,2.275,mm,OK,--,10:23:47 PM,11/26/2025,
1471,36.9,gf,2.270,mm,OK,--,10:23:47 PM,11/26/2025,
1472,36.9,gf,2.260,mm,OK,--,10:23:47 PM,11/26/2025,
1473,36.8,gf,2.255,mm,OK,--,10:23:48 PM,11/26/2025,
1474,36.8,gf,2.250,mm,OK,--,10:23:48 PM,11/26/2025,
1475,36.8,gf,2.245,mm,OK,--,10:23:48 PM,11/26/2025,
1476,36.8,gf,2.235,mm,OK,--,10:23:48 PM,11/26/2025,
1477,36.8,gf,2.230,mm,OK,--,10:23:48 PM,11/26/2025,
1478,36.8,gf,2.225,mm,OK,--,10:23:48 PM,11/26/2025,
1479,36.8,gf,2.220,mm,OK,--,10:23:48 PM,11/26/2025,
1480,36.7,gf,2.215,mm,OK,--,10:23:48 PM,11/26/2025,
1481,36.7,gf,2.210,mm,OK,--,10:23:48 PM,11/26/2025,
1482,36.7,gf,2.205,mm,OK,--,10:23:48 PM,11/26/2025,
1483,36.7,gf,2.200,mm,OK,--,10:23:49 PM,11/26/2025,
1484,36.7,gf,2.190,mm,OK,--,10:23:49 PM,11/26/2025,
1485,36.6,gf,2.180,mm,OK,--,10:23:49 PM,11/26/2025,
1486,36.6,gf,2.170,mm,OK,--,10:23:49 PM,11/26/2025,
1487,36.6,gf,2.160,mm,OK,--,10:23:49 PM,11/26/2025,
1488,36.5,gf,2.150,mm,OK,--,10:23:49 PM,11/26/2025,
1489,36.5,gf,2.145,mm,OK,--,10:23:49 PM,11/26/2025,
1490,36.5,gf,2.135,mm,OK,--,10:23:49 PM,11/26/2025,
1491,36.5,gf,2.125,mm,OK,--,10:23:49 PM,11/26/2025,
1492,36.5,gf,2.110,mm,OK,--,10:23:49 PM,11/26/2025,
1493,36.4,gf,2.100,mm,OK,--,10:23:50 PM,11/26/2025,
1494,36.4,gf,2.095,mm,OK,--,10:23:50 PM,11/26/2025,
1495,36.3,gf,2.090,mm,OK,--,10:23:50 PM,11/26/2025,
1496,36.4,gf,2.085,mm,OK,--,10:23:50 PM,11/26/2025,
1497,36.3,gf,2.080,mm,OK,--,10:23:50 PM,11/26/2025,
1498,36.3,gf,2.075,mm,OK,--,10:23:50 PM,11/26/2025,
1499,36.3,gf,2.070,mm,OK,--,10:23:50 PM,11/26/2025,
1500,36.3,gf,2.065,mm,OK,--,10:23:50 PM,11/26/2025,
1501,36.3,gf,2.060,mm,OK,--,10:23:50 PM,11/26/2025,
1502,36.3,gf,2.055,mm,OK,--,10:23:50 PM,11/26/2025,
1503,36.2,gf,2.045,mm,OK,--,10:23:51 PM,11/26/2025,
1504,36.2,gf,2.035,mm,OK,--,10:23:51 PM,11/26/2025,
1505,36.2,gf,2.025,mm,OK,--,10:23:51 PM,11/26/2025,
1506,36.1,gf,2.015,mm,OK,--,10:23:51 PM,11/26/2025,
1507,36.2,gf,2.010,mm,OK,--,10:23:51 PM,11/26/2025,
1508,36.1,gf,2.000,mm,OK,--,10:23:51 PM,11/26/2025,
1509,36.0,gf,1.985,mm,OK,--,10:23:51 PM,11/26/2025,
1510,36.0,gf,1.970,mm,OK,--,10:23:51 PM,11/26/2025,
1511,36.0,gf,1.960,mm,OK,--,10:23:51 PM,11/26/2025,
1512,36.0,gf,1.945,mm,OK,--,10:23:51 PM,11/26/2025,
1513,35.9,gf,1.940,mm,OK,--,10:23:52 PM,11/26/2025,
1514,35.9,gf,1.935,mm,OK,--,10:23:52 PM,11/26/2025,
1515,35.9,gf,1.930,mm,OK,--,10:23:52 PM,11/26/2025,
1516,35.9,gf,1.920,mm,OK,--,10:23:52 PM,11/26/2025,
1517,35.9,gf,1.910,mm,OK,--,10:23:52 PM,11/26/2025,
1518,35.9,gf,1.905,mm,OK,--,10:23:52 PM,11/26/2025,
1519,35.9,gf,1.900,mm,OK,--,10:23:52 PM,11/26/2025,
1520,35.8,gf,1.895,mm,OK,--,10:23:52 PM,11/26/2025,
1521,35.8,gf,1.890,mm,OK,--,10:23:52 PM,11/26/2025,
1522,35.8,gf,1.885,mm,OK,--,10:23:52 PM,11/26/2025,
1523,35.8,gf,1.880,mm,OK,--,10:23:53 PM,11/26/2025,
1524,35.7,gf,1.875,mm,OK,--,10:23:53 PM,11/26/2025,
1525,35.7,gf,1.865,mm,OK,--,10:23:53 PM,11/26/2025,
1526,35.7,gf,1.860,mm,OK,--,10:23:53 PM,11/26/2025,
1527,35.7,gf,1.855,mm,OK,--,10:23:53 PM,11/26/2025,
1528,35.7,gf,1.850,mm,OK,--,10:23:53 PM,11/26/2025,
1529,35.7,gf,1.845,mm,OK,--,10:23:53 PM,11/26/2025,
1530,35.7,gf,1.840,mm,OK,--,10:23:53 PM,11/26/2025,
1531,35.6,gf,1.830,mm,OK,--,10:23:53 PM,11/26/2025,
1532,35.6,gf,1.830,mm,OK,--,10:23:53 PM,11/26/2025,
1533,35.7,gf,1.825,mm,OK,--,10:23:54 PM,11/26/2025,
1534,35.6,gf,1.820,mm,OK,--,10:23:54 PM,11/26/2025,
1535,35.6,gf,1.815,mm,OK,--,10:23:54 PM,11/26/2025,
1536,35.6,gf,1.815,mm,OK,--,10:23:54 PM,11/26/2025,
1537,35.6,gf,1.810,mm,OK,--,10:23:54 PM,11/26/2025,
1538,35.6,gf,1.805,mm,OK,--,10:23:54 PM,11/26/2025,
1539,35.5,gf,1.800,mm,OK,--,10:23:54 PM,11/26/2025,
1540,35.5,gf,1.800,mm,OK,--,10:23:54 PM,11/26/2025,
1541,35.5,gf,1.795,mm,OK,--,10:23:54 PM,11/26/2025,
1542,35.5,gf,1.790,mm,OK,--,10:23:54 PM,11/26/2025,
1543,35.5,gf,1.785,mm,OK,--,10:23:55 PM,11/26/2025,
1544,35.5,gf,1.780,mm,OK,--,10:23:55 PM,11/26/2025,
1545,35.5,gf,1.775,mm,OK,--,10:23:55 PM,11/26/2025,
1546,35.4,gf,1.770,mm,OK,--,10:23:55 PM,11/26/2025,
1547,35.4,gf,1.765,mm,OK,--,10:23:55 PM,11/26/2025,
1548,35.4,gf,1.755,mm,OK,--,10:23:55 PM,11/26/2025,
1549,35.4,gf,1.750,mm,OK,--,10:23:55 PM,11/26/2025,
1550,35.4,gf,1.745,mm,OK,--,10:23:55 PM,11/26/2025,
1551,35.3,gf,1.735,mm,OK,--,10:23:55 PM,11/26/2025,
1552,35.3,gf,1.725,mm,OK,--,10:23:55 PM,11/26/2025,
1553,35.2,gf,1.720,mm,OK,--,10:23:56 PM,11/26/2025,
1554,35.3,gf,1.710,mm,OK,--,10:23:56 PM,11/26/2025,
1555,35.2,gf,1.700,mm,OK,--,10:23:56 PM,11/26/2025,
1556,35.2,gf,1.695,mm,OK,--,10:23:56 PM,11/26/2025,
1557,35.2,gf,1.690,mm,OK,--,10:23:56 PM,11/26/2025,
1558,35.2,gf,1.685,mm,OK,--,10:23:56 PM,11/26/2025,
1559,35.2,gf,1.685,mm,OK,--,10:23:56 PM,11/26/2025,
1560,35.2,gf,1.680,mm,OK,--,10:23:56 PM,11/26/2025,
1561,35.2,gf,1.675,mm,OK,--,10:23:56 PM,11/26/2025,
1562,35.1,gf,1.670,mm,OK,--,10:23:56 PM,11/26/2025,
1563,35.1,gf,1.670,mm,OK,--,10:23:57 PM,11/26/2025,
1564,35.1,gf,1.665,mm,OK,--,10:23:57 PM,11/26/2025,
1565,35.1,gf,1.665,mm,OK,--,10:23:57 PM,11/26/2025,
1566,35.1,gf,1.660,mm,OK,--,10:23:57 PM,11/26/2025,
1567,35.1,gf,1.655,mm,OK,--,10:23:57 PM,11/26/2025,
1568,35.1,gf,1.655,mm,OK,--,10:23:57 PM,11/26/2025,
1569,35.1,gf,1.650,mm,OK,--,10:23:57 PM,11/26/2025,
1570,35.1,gf,1.650,mm,OK,--,10:23:57 PM,11/26/2025,
1571,35.1,gf,1.645,mm,OK,--,10:23:57 PM,11/26/2025,
1572,35.1,gf,1.640,mm,OK,--,10:23:57 PM,11/26/2025,
1573,35.0,gf,1.635,mm,OK,--,10:23:58 PM,11/26/2025,
1574,35.1,gf,1.635,mm,OK,--,10:23:58 PM,11/26/2025,
1575,35.0,gf,1.630,mm,OK,--,10:23:58 PM,11/26/2025,
1576,35.1,gf,1.625,mm,OK,--,10:23:58 PM,11/26/2025,
1577,35.0,gf,1.625,mm,OK,--,10:23:58 PM,11/26/2025,
1578,35.0,gf,1.625,mm,OK,--,10:23:58 PM,11/26/2025,
1579,35.0,gf,1.620,mm,OK,--,10:23:58 PM,11/26/2025,
1580,35.0,gf,1.615,mm,OK,--,10:23:58 PM,11/26/2025,
1581,35.0,gf,1.610,mm,OK,--,10:23:58 PM,11/26/2025,
1582,35.0,gf,1.600,mm,OK,--,10:23:58 PM,11/26/2025,
1583,34.9,gf,1.590,mm,OK,--,10:23:59 PM,11/26/2025,
1584,34.9,gf,1.580,mm,OK,--,10:23:59 PM,11/26/2025,
1585,34.9,gf,1.565,mm,OK,--,10:23:59 PM,11/26/2025,
1586,34.8,gf,1.555,mm,OK,--,10:23:59 PM,11/26/2025,
1587,34.8,gf,1.550,mm,OK,--,10:23:59 PM,11/26/2025,
1588,34.7,gf,1.545,mm,OK,--,10:23:59 PM,11/26/2025,
1589,34.8,gf,1.540,mm,OK,--,10:23:59 PM,11/26/2025,
1590,34.8,gf,1.535,mm,OK,--,10:23:59 PM,11/26/2025,
1591,34.8,gf,1.530,mm,OK,--,10:23:59 PM,11/26/2025,
1592,34.8,gf,1.525,mm,OK,--,10:23:59 PM,11/26/2025,
1593,34.8,gf,1.520,mm,OK,--,10:24:00 PM,11/26/2025,
1594,34.7,gf,1.520,mm,OK,--,10:24:00 PM,11/26/2025,
1595,34.7,gf,1.515,mm,OK,--,10:24:00 PM,11/26/2025,
1596,34.7,gf,1.510,mm,OK,--,10:24:00 PM,11/26/2025,
1597,34.7,gf,1.505,mm,OK,--,10:24:00 PM,11/26/2025,
1598,34.7,gf,1.500,mm,OK,--,10:24:00 PM,11/26/2025,
1599,34.7,gf,1.500,mm,OK,--,10:24:00 PM,11/26/2025,
1600,34.7,gf,1.495,mm,OK,--,10:24:00 PM,11/26/2025,
1601,34.7,gf,1.495,mm,OK,--,10:24:00 PM,11/26/2025,
1602,34.7,gf,1.490,mm,OK,--,10:24:00 PM,11/26/2025,
1603,34.7,gf,1.490,mm,OK,--,10:24:01 PM,11/26/2025,
1604,34.6,gf,1.485,mm,OK,--,10:24:01 PM,11/26/2025,
1605,34.7,gf,1.485,mm,OK,--,10:24:01 PM,11/26/2025,
1606,34.6,gf,1.475,mm,OK,--,10:24:01 PM,11/26/2025,
1607,34.6,gf,1.465,mm,OK,--,10:24:01 PM,11/26/2025,
1608,34.6,gf,1.460,mm,OK,--,10:24:01 PM,11/26/2025,
1609,34.6,gf,1.455,mm,OK,--,10:24:01 PM,11/26/2025,
1610,34.6,gf,1.450,mm,OK,--,10:24:01 PM,11/26/2025,
1611,34.5,gf,1.445,mm,OK,--,10:24:01 PM,11/26/2025,
1612,34.5,gf,1.445,mm,OK,--,10:24:01 PM,11/26/2025,
1613,34.5,gf,1.440,mm,OK,--,10:24:02 PM,11/26/2025,
1614,34.5,gf,1.440,mm,OK,--,10:24:02 PM,11/26/2025,
1615,34.5,gf,1.435,mm,OK,--,10:24:02 PM,11/26/2025,
1616,34.5,gf,1.430,mm,OK,--,10:24:02 PM,11/26/2025,
1617,34.5,gf,1.425,mm,OK,--,10:24:02 PM,11/26/2025,
1618,34.4,gf,1.415,mm,OK,--,10:24:02 PM,11/26/2025,
1619,34.4,gf,1.410,mm,OK,--,10:24:02 PM,11/26/2025,
1620,34.4,gf,1.405,mm,OK,--,10:24:02 PM,11/26/2025,
1621,34.4,gf,1.400,mm,OK,--,10:24:02 PM,11/26/2025,
1622,34.3,gf,1.395,mm,OK,--,10:24:02 PM,11/26/2025,
1623,34.3,gf,1.390,mm,OK,--,10:24:03 PM,11/26/2025,
1624,34.4,gf,1.385,mm,OK,--,10:24:03 PM,11/26/2025,
1625,34.6,gf,1.380,mm,OK,--,10:24:03 PM,11/26/2025,
1626,34.4,gf,1.380,mm,OK,--,10:24:03 PM,11/26/2025,
1627,34.3,gf,1.365,mm,OK,--,10:24:03 PM,11/26/2025,
1628,34.3,gf,1.355,mm,OK,--,10:24:03 PM,11/26/2025,
1629,34.3,gf,1.345,mm,OK,--,10:24:03 PM,11/26/2025,
1630,34.2,gf,1.340,mm,OK,--,10:24:03 PM,11/26/2025,
1631,34.2,gf,1.330,mm,OK,--,10:24:03 PM,11/26/2025,
1632,34.2,gf,1.325,mm,OK,--,10:24:03 PM,11/26/2025,
1633,34.2,gf,1.315,mm,OK,--,10:24:04 PM,11/26/2025,
1634,34.1,gf,1.310,mm,OK,--,10:24:04 PM,11/26/2025,
1635,34.1,gf,1.300,mm,OK,--,10:24:04 PM,11/26/2025,
1636,34.1,gf,1.290,mm,OK,--,10:24:04 PM,11/26/2025,
1637,34.1,gf,1.285,mm,OK,--,10:24:04 PM,11/26/2025,
1638,34.0,gf,1.275,mm,OK,--,10:24:04 PM,11/26/2025,
1639,33.9,gf,1.270,mm,OK,--,10:24:04 PM,11/26/2025,
1640,34.0,gf,1.265,mm,OK,--,10:24:04 PM,11/26/2025,
1641,34.0,gf,1.255,mm,OK,--,10:24:04 PM,11/26/2025,
1642,34.0,gf,1.250,mm,OK,--,10:24:04 PM,11/26/2025,
1643,34.0,gf,1.250,mm,OK,--,10:24:05 PM,11/26/2025,
1644,34.0,gf,1.245,mm,OK,--,10:24:05 PM,11/26/2025,
1645,32.7,gf,1.240,mm,OK,--,10:24:05 PM,11/26/2025,
1646,33.5,gf,1.235,mm,OK,--,10:24:05 PM,11/26/2025,
1647,33.9,gf,1.230,mm,OK,--,10:24:05 PM,11/26/2025,
1648,33.9,gf,1.225,mm,OK,--,10:24:05 PM,11/26/2025,
1649,33.9,gf,1.225,mm,OK,--,10:24:05 PM,11/26/2025,
1650,33.9,gf,1.225,mm,OK,--,10:24:05 PM,11/26/2025,
1651,33.9,gf,1.220,mm,OK,--,10:24:05 PM,11/26/2025,
1652,33.8,gf,1.220,mm,OK,--,10:24:05 PM,11/26/2025,
1653,33.9,gf,1.215,mm,OK,--,10:24:06 PM,11/26/2025,
1654,33.8,gf,1.210,mm,OK,--,10:24:06 PM,11/26/2025,
1655,33.8,gf,1.205,mm,OK,--,10:24:06 PM,11/26/2025,
1656,33.8,gf,1.205,mm,OK,--,10:24:06 PM,11/26/2025,
1657,33.8,gf,1.205,mm,OK,--,10:24:06 PM,11/26/2025,
1658,33.8,gf,1.200,mm,OK,--,10:24:06 PM,11/26/2025,
1659,33.8,gf,1.195,mm,OK,--,10:24:06 PM,11/26/2025,
1660,33.8,gf,1.195,mm,OK,--,10:24:06 PM,11/26/2025,
1661,33.8,gf,1.190,mm,OK,--,10:24:06 PM,11/26/2025,
1662,33.7,gf,1.180,mm,OK,--,10:24:06 PM,11/26/2025,
1663,33.7,gf,1.175,mm,OK,--,10:24:07 PM,11/26/2025,
1664,33.7,gf,1.170,mm,OK,--,10:24:07 PM,11/26/2025,
1665,33.7,gf,1.165,mm,OK,--,10:24:07 PM,11/26/2025,
1666,33.7,gf,1.160,mm,OK,--,10:24:07 PM,11/26/2025,
1667,33.7,gf,1.155,mm,OK,--,10:24:07 PM,11/26/2025,
1668,33.6,gf,1.150,mm,OK,--,10:24:07 PM,11/26/2025,
1669,33.6,gf,1.140,mm,OK,--,10:24:07 PM,11/26/2025,
1670,33.6,gf,1.135,mm,OK,--,10:24:07 PM,11/26/2025,
1671,33.6,gf,1.130,mm,OK,--,10:24:07 PM,11/26/2025,
1672,33.6,gf,1.125,mm,OK,--,10:24:07 PM,11/26/2025,
1673,33.5,gf,1.120,mm,OK,--,10:24:08 PM,11/26/2025,
1674,33.6,gf,1.120,mm,OK,--,10:24:08 PM,11/26/2025,
1675,33.6,gf,1.115,mm,OK,--,10:24:08 PM,11/26/2025,
1676,33.6,gf,1.115,mm,OK,--,10:24:08 PM,11/26/2025,
1677,33.5,gf,1.110,mm,OK,--,10:24:08 PM,11/26/2025,
1678,33.5,gf,1.105,mm,OK,--,10:24:08 PM,11/26/2025,
1679,33.5,gf,1.100,mm,OK,--,10:24:08 PM,11/26/2025,
1680,33.4,gf,1.095,mm,OK,--,10:24:08 PM,11/26/2025,
1681,33.5,gf,1.080,mm,OK,--,10:24:08 PM,11/26/2025,
1682,33.5,gf,1.070,mm,OK,--,10:24:08 PM,11/26/2025,
1683,33.4,gf,1.060,mm,OK,--,10:24:09 PM,11/26/2025,
1684,33.3,gf,1.050,mm,OK,--,10:24:09 PM,11/26/2025,
1685,33.3,gf,1.040,mm,OK,--,10:24:09 PM,11/26/2025,
1686,33.3,gf,1.030,mm,OK,--,10:24:09 PM,11/26/2025,
1687,33.3,gf,1.025,mm,OK,--,10:24:09 PM,11/26/2025,
1688,33.3,gf,1.015,mm,OK,--,10:24:09 PM,11/26/2025,
1689,33.1,gf,1.010,mm,OK,--,10:24:09 PM,11/26/2025,
1690,33.2,gf,1.005,mm,OK,--,10:24:09 PM,11/26/2025,
1691,33.2,gf,1.005,mm,OK,--,10:24:09 PM,11/26/2025,
1692,33.2,gf,1.000,mm,OK,--,10:24:09 PM,11/26/2025,
1693,33.1,gf,0.995,mm,OK,--,10:24:10 PM,11/26/2025,
1694,33.1,gf,0.990,mm,OK,--,10:24:10 PM,11/26/2025,
1695,33.2,gf,0.985,mm,OK,--,10:24:10 PM,11/26/2025,
1696,33.1,gf,0.985,mm,OK,--,10:24:10 PM,11/26/2025,
1697,33.1,gf,0.980,mm,OK,--,10:24:10 PM,11/26/2025,
1698,33.2,gf,0.980,mm,OK,--,10:24:10 PM,11/26/2025,
1699,33.2,gf,0.975,mm,OK,--,10:24:10 PM,11/26/2025,
1700,33.2,gf,0.970,mm,OK,--,10:24:10 PM,11/26/2025,
1701,33.1,gf,0.965,mm,OK,--,10:24:10 PM,11/26/2025,
1702,33.1,gf,0.955,mm,OK,--,10:24:10 PM,11/26/2025,
1703,33.1,gf,0.950,mm,OK,--,10:24:11 PM,11/26/2025,
1704,33.1,gf,0.945,mm,OK,--,10:24:11 PM,11/26/2025,
1705,33.0,gf,0.940,mm,OK,--,10:24:11 PM,11/26/2025,
1706,33.0,gf,0.930,mm,OK,--,10:24:11 PM,11/26/2025,
1707,33.0,gf,0.920,mm,OK,--,10:24:11 PM,11/26/2025,
1708,33.0,gf,0.910,mm,OK,--,10:24:11 PM,11/26/2025,
1709,32.9,gf,0.900,mm,OK,--,10:24:11 PM,11/26/2025,
1710,32.9,gf,0.895,mm,OK,--,10:24:11 PM,11/26/2025,
1711,32.9,gf,0.885,mm,OK,--,10:24:11 PM,11/26/2025,
1712,32.9,gf,0.880,mm,OK,--,10:24:11 PM,11/26/2025,
1713,32.8,gf,0.870,mm,OK,--,10:24:12 PM,11/26/2025,
1714,32.8,gf,0.860,mm,OK,--,10:24:12 PM,11/26/2025,
1715,32.8,gf,0.850,mm,OK,--,10:24:12 PM,11/26/2025,
1716,32.8,gf,0.845,mm,OK,--,10:24:12 PM,11/26/2025,
1717,32.7,gf,0.840,mm,OK,--,10:24:12 PM,11/26/2025,
1718,32.8,gf,0.835,mm,OK,--,10:24:12 PM,11/26/2025,
1719,32.7,gf,0.830,mm,OK,--,10:24:12 PM,11/26/2025,
1720,32.8,gf,0.825,mm,OK,--,10:24:12 PM,11/26/2025,
1721,32.7,gf,0.820,mm,OK,--,10:24:12 PM,11/26/2025,
1722,32.7,gf,0.815,mm,OK,--,10:24:12 PM,11/26/2025,
1723,32.7,gf,0.810,mm,OK,--,10:24:13 PM,11/26/2025,
1724,32.7,gf,0.805,mm,OK,--,10:24:13 PM,11/26/2025,
1725,32.7,gf,0.805,mm,OK,--,10:24:13 PM,11/26/2025,
1726,32.6,gf,0.800,mm,OK,--,10:24:13 PM,11/26/2025,
1727,32.6,gf,0.795,mm,OK,--,10:24:13 PM,11/26/2025,
1728,32.6,gf,0.790,mm,OK,--,10:24:13 PM,11/26/2025,
1729,32.5,gf,0.780,mm,OK,--,10:24:13 PM,11/26/2025,
1730,32.6,gf,0.775,mm,OK,--,10:24:13 PM,11/26/2025,
1731,32.6,gf,0.770,mm,OK,--,10:24:13 PM,11/26/2025,
1732,32.5,gf,0.765,mm,OK,--,10:24:13 PM,11/26/2025,
1733,32.5,gf,0.760,mm,OK,--,10:24:14 PM,11/26/2025,
1734,32.5,gf,0.760,mm,OK,--,10:24:14 PM,11/26/2025,
1735,32.5,gf,0.755,mm,OK,--,10:24:14 PM,11/26/2025,
1736,32.4,gf,0.750,mm,OK,--,10:24:14 PM,11/26/2025,
1737,32.4,gf,0.745,mm,OK,--,10:24:14 PM,11/26/2025,
1738,32.5,gf,0.740,mm,OK,--,10:24:14 PM,11/26/2025,
1739,32.5,gf,0.735,mm,OK,--,10:24:14 PM,11/26/2025,
1740,32.4,gf,0.730,mm,OK,--,10:24:14 PM,11/26/2025,
1741,32.4,gf,0.725,mm,OK,--,10:24:14 PM,11/26/2025,
1742,32.4,gf,0.720,mm,OK,--,10:24:14 PM,11/26/2025,
1743,32.4,gf,0.715,mm,OK,--,10:24:15 PM,11/26/2025,
1744,32.4,gf,0.710,mm,OK,--,10:24:15 PM,11/26/2025,
1745,32.4,gf,0.705,mm,OK,--,10:24:15 PM,11/26/2025,
1746,32.4,gf,0.705,mm,OK,--,10:24:15 PM,11/26/2025,
1747,32.3,gf,0.700,mm,OK,--,10:24:15 PM,11/26/2025,
1748,32.3,gf,0.695,mm,OK,--,10:24:15 PM,11/26/2025,
1749,32.4,gf,0.695,mm,OK,--,10:24:15 PM,11/26/2025,
1750,32.4,gf,0.690,mm,OK,--,10:24:15 PM,11/26/2025,
1751,32.3,gf,0.685,mm,OK,--,10:24:15 PM,11/26/2025,
1752,32.3,gf,0.685,mm,OK,--,10:24:15 PM,11/26/2025,
1753,32.3,gf,0.680,mm,OK,--,10:24:16 PM,11/26/2025,
1754,32.3,gf,0.675,mm,OK,--,10:24:16 PM,11/26/2025,
1755,32.2,gf,0.670,mm,OK,--,10:24:16 PM,11/26/2025,
1756,32.1,gf,0.670,mm,OK,--,10:24:16 PM,11/26/2025,
1757,32.2,gf,0.665,mm,OK,--,10:24:16 PM,11/26/2025,
1758,32.2,gf,0.660,mm,OK,--,10:24:16 PM,11/26/2025,
1759,32.2,gf,0.660,mm,OK,--,10:24:16 PM,11/26/2025,
1760,32.2,gf,0.655,mm,OK,--,10:24:16 PM,11/26/2025,
1761,32.2,gf,0.655,mm,OK,--,10:24:16 PM,11/26/2025,
1762,32.2,gf,0.650,mm,OK,--,10:24:16 PM,11/26/2025,
1763,32.2,gf,0.645,mm,OK,--,10:24:17 PM,11/26/2025,
1764,32.1,gf,0.640,mm,OK,--,10:24:17 PM,11/26/2025,
1765,32.1,gf,0.635,mm,OK,--,10:24:17 PM,11/26/2025,
1766,32.2,gf,0.630,mm,OK,--,10:24:17 PM,11/26/2025,
1767,32.2,gf,0.625,mm,OK,--,10:24:17 PM,11/26/2025,
1768,32.2,gf,0.620,mm,OK,--,10:24:17 PM,11/26/2025,
1769,32.1,gf,0.620,mm,OK,--,10:24:17 PM,11/26/2025,
1770,32.1,gf,0.615,mm,OK,--,10:24:17 PM,11/26/2025,
1771,32.1,gf,0.605,mm,OK,--,10:24:17 PM,11/26/2025,
1772,32.0,gf,0.595,mm,OK,--,10:24:17 PM,11/26/2025,
1773,32.0,gf,0.590,mm,OK,--,10:24:18 PM,11/26/2025,
1774,32.0,gf,0.585,mm,OK,--,10:24:18 PM,11/26/2025,
1775,32.0,gf,0.580,mm,OK,--,10:24:18 PM,11/26/2025,
1776,32.0,gf,0.575,mm,OK,--,10:24:18 PM,11/26/2025,
1777,32.0,gf,0.570,mm,OK,--,10:24:18 PM,11/26/2025,
1778,31.9,gf,0.565,mm,OK,--,10:24:18 PM,11/26/2025,
1779,31.9,gf,0.555,mm,OK,--,10:24:18 PM,11/26/2025,
1780,31.9,gf,0.550,mm,OK,--,10:24:18 PM,11/26/2025,
1781,31.9,gf,0.540,mm,OK,--,10:24:18 PM,11/26/2025,
1782,31.9,gf,0.530,mm,OK,--,10:24:18 PM,11/26/2025,
1783,31.8,gf,0.525,mm,OK,--,10:24:19 PM,11/26/2025,
1784,31.8,gf,0.515,mm,OK,--,10:24:19 PM,11/26/2025,
1785,31.8,gf,0.510,mm,OK,--,10:24:19 PM,11/26/2025,
1786,31.8,gf,0.500,mm,OK,--,10:24:19 PM,11/26/2025,
1787,31.8,gf,0.495,mm,OK,--,10:24:19 PM,11/26/2025,
1788,31.7,gf,0.490,mm,OK,--,10:24:19 PM,11/26/2025,
1789,31.7,gf,0.485,mm,OK,--,10:24:19 PM,11/26/2025,
1790,31.7,gf,0.480,mm,OK,--,10:24:19 PM,11/26/2025,
1791,31.6,gf,0.475,mm,OK,--,10:24:19 PM,11/26/2025,
1792,31.6,gf,0.465,mm,OK,--,10:24:19 PM,11/26/2025,
1793,31.7,gf,0.460,mm,OK,--,10:24:20 PM,11/26/2025,
1794,31.7,gf,0.450,mm,OK,--,10:24:20 PM,11/26/2025,
1795,31.7,gf,0.445,mm,OK,--,10:24:20 PM,11/26/2025,
1796,31.6,gf,0.440,mm,OK,--,10:24:20 PM,11/26/2025,
1797,31.5,gf,0.430,mm,OK,--,10:24:20 PM,11/26/2025,
1798,31.6,gf,0.425,mm,OK,--,10:24:20 PM,11/26/2025,
1799,31.5,gf,0.415,mm,OK,--,10:24:20 PM,11/26/2025,
1800,31.5,gf,0.400,mm,OK,--,10:24:20 PM,11/26/2025,
1801,31.5,gf,0.385,mm,OK,--,10:24:20 PM,11/26/2025,
1802,31.5,gf,0.370,mm,OK,--,10:24:20 PM,11/26/2025,
1803,29.4,gf,0.360,mm,OK,--,10:24:21 PM,11/26/2025,
1804,20.3,gf,0.350,mm,OK,--,10:24:21 PM,11/26/2025,
1805,10.2,gf,0.335,mm,OK,--,10:24:21 PM,11/26/2025,
1806,1.9,gf,0.325,mm,OK,--,10:24:21 PM,11/26/2025,
1807,-0.1,gf,0.320,mm,OK,--,10:24:21 PM,11/26/2025,
1808,0.0,gf,0.310,mm,OK,--,10:24:21 PM,11/26/2025,
1809,0.0,gf,0.305,mm,OK,--,10:24:21 PM,11/26/2025,
1810,0.0,gf,0.300,mm,OK,--,10:24:21 PM,11/26/2025,
1811,0.1,gf,0.295,mm,OK,--,10:24:21 PM,11/26/2025,
1812,0.0,gf,0.290,mm,OK,--,10:24:21 PM,11/26/2025,
1813,0.0,gf,0.290,mm,OK,--,10:24:22 PM,11/26/2025,
1814,0.0,gf,0.285,mm,OK,--,10:24:22 PM,11/26/2025,
1815,0.0,gf,0.280,mm,OK,--,10:24:22 PM,11/26/2025,
1816,0.0,gf,0.270,mm,OK,--,10:24:22 PM,11/26/2025,
1817,0.0,gf,0.260,mm,OK,--,10:24:22 PM,11/26/2025,
1818,0.0,gf,0.250,mm,OK,--,10:24:22 PM,11/26/2025,
1819,0.0,gf,0.245,mm,OK,--,10:24:22 PM,11/26/2025,
1820,0.0,gf,0.240,mm,OK,--,10:24:22 PM,11/26/2025,
1821,0.0,gf,0.230,mm,OK,--,10:24:22 PM,11/26/2025,
1822,0.0,gf,0.225,mm,OK,--,10:24:22 PM,11/26/2025,
1823,0.0,gf,0.215,mm,OK,--,10:24:23 PM,11/26/2025,
1824,0.0,gf,0.205,mm,OK,--,10:24:23 PM,11/26/2025,
1825,0.0,gf,0.200,mm,OK,--,10:24:23 PM,11/26/2025,
1826,0.0,gf,0.190,mm,OK,--,10:24:23 PM,11/26/2025,
1827,0.0,gf,0.185,mm,OK,--,10:24:23 PM,11/26/2025,
1828,0.0,gf,0.180,mm,OK,--,10:24:23 PM,11/26/2025,
1829,0.0,gf,0.175,mm,OK,--,10:24:23 PM,11/26/2025,
1830,0.0,gf,0.165,mm,OK,--,10:24:23 PM,11/26/2025,
1831,0.0,gf,0.160,mm,OK,--,10:24:23 PM,11/26/2025,
1832,0.0,gf,0.155,mm,OK,--,10:24:23 PM,11/26/2025,
1833,0.0,gf,0.145,mm,OK,--,10:24:24 PM,11/26/2025,
1834,0.0,gf,0.140,mm,OK,--,10:24:24 PM,11/26/2025,
1835,0.0,gf,0.135,mm,OK,--,10:24:24 PM,11/26/2025,
1836,0.0,gf,0.125,mm,OK,--,10:24:24 PM,11/26/2025,
1837,0.0,gf,0.115,mm,OK,--,10:24:24 PM,11/26/2025,
1838,0.0,gf,0.105,mm,OK,--,10:24:24 PM,11/26/2025,
1839,0.0,gf,0.095,mm,OK,--,10:24:24 PM,11/26/2025,
1840,0.0,gf,0.085,mm,OK,--,10:24:24 PM,11/26/2025,
1841,0.0,gf,0.075,mm,OK,--,10:24:24 PM,11/26/2025,
1842,0.0,gf,0.060,mm,OK,--,10:24:24 PM,11/26/2025,
1843,0.0,gf,0.050,mm,OK,--,10:24:25 PM,11/26/2025,
1844,0.0,gf,0.040,mm,OK,--,10:24:25 PM,11/26/2025,
1845,0.0,gf,0.030,mm,OK,--,10:24:25 PM,11/26/2025,
1846,0.0,gf,0.020,mm,OK,--,10:24:25 PM,11/26/2025,
1847,0.0,gf,0.010,mm,OK,--,10:24:25 PM,11/26/2025,
1848,0.0,gf,0.005,mm,OK,--,10:24:25 PM,11/26/2025,
1849,-0.1,gf,0.000,mm,OK,--,10:24:25 PM,11/26/2025,
1850,0.0,gf,0.000,mm,OK,--,10:24:25 PM,11/26/2025,
1851,0.0,gf,0.000,mm,OK,--,10:24:25 PM,11/26/2025,
1852,0.0,gf,0.000,mm,OK,--,10:24:25 PM,11/26/2025,
1853,0.0,gf,0.000,mm,OK,--,10:24:26 PM,11/26/2025,
1854,0.0,gf,0.000,mm,OK,--,10:24:26 PM,11/26/2025,
1855,0.0,gf,0.000,mm,OK,--,10:24:26 PM,11/26/2025,
1856,0.0,gf,0.000,mm,OK,--,10:24:26 PM,11/26/2025,
1857,0.0,gf,0.000,mm,OK,--,10:24:26 PM,11/26/2025,
1858,0.0,gf,0.000,mm,OK,--,10:24:26 PM,11/26/2025,
1859,0.0,gf,0.000,mm,OK,--,10:24:26 PM,11/26/2025,
1860,0.0,gf,0.000,mm,OK,--,10:24:26 PM,11/26/2025,
1861,-0.1,gf,0.000,mm,OK,--,10:24:26 PM,11/26/2025,
1862,0.0,gf,0.005,mm,OK,--,10:24:26 PM,11/26/2025,
1863,0.0,gf,0.005,mm,OK,--,10:24:27 PM,11/26/2025,
1864,0.0,gf,0.010,mm,OK,--,10:24:27 PM,11/26/2025,
1865,0.0,gf,0.015,mm,OK,--,10:24:27 PM,11/26/2025,
1866,-0.1,gf,0.015,mm,OK,--,10:24:27 PM,11/26/2025,
1867,0.0,gf,0.020,mm,OK,--,10:24:27 PM,11/26/2025,
1868,0.0,gf,0.025,mm,OK,--,10:24:27 PM,11/26/2025,
1869,0.0,gf,0.025,mm,OK,--,10:24:27 PM,11/26/2025,
1870,0.0,gf,0.030,mm,OK,--,10:24:27 PM,11/26/2025,
1871,0.0,gf,0.030,mm,OK,--,10:24:27 PM,11/26/2025,
1872,0.1,gf,0.035,mm,OK,--,10:24:27 PM,11/26/2025,
1873,0.0,gf,0.035,mm,OK,--,10:24:28 PM,11/26/2025,
1874,0.0,gf,0.040,mm,OK,--,10:24:28 PM,11/26/2025,
1875,0.0,gf,0.045,mm,OK,--,10:24:28 PM,11/26/2025,
1876,0.0,gf,0.045,mm,OK,--,10:24:28 PM,11/26/2025,
1877,0.0,gf,0.050,mm,OK,--,10:24:28 PM,11/26/2025,
